memory_initialization_radix=16;
memory_initialization_vector=
FFFFFF,
FFFFFF,
FFFFFF,
FFFFFF,
FFFFFF,
FFFFFF,
FFFFFF,
FFFFFF,
FFFFFF,
FFFFFF,
FFFFFF,
FFFFFF,
FF00FF,
FFFFFF,
FF00FF,
00FFFF,
FFFFFF,
FFFFFF,
FFFFFF,
FFFFFF,
FF00FF,
FFFFFF,
FFFFFF,
FFFFFF,
FFFFFF,
FFFFFF,
FFFFFF,
FFFFFF,
FFFFFF,
FFFFFF,
FFFFFF,
FFFFFF,
FFFFFF,
FFFFFF,
FFFFFF,
FFFFFF,
FFFFFF,
FFFFFF,
FFFFFF,
FFFFFF,
FEFEFE,
FEFFFE,
FEFEFE,
FEFEFE,
FEFEFE,
FEFEFE,
FEFEFE,
00FEFE,
FFFFFF,
FFFFFF,
FFFFFF,
FFFFFF,
FFFFFF,
FEFFFE,
FEFEFE,
FEFEFE,
FEFEFE,
FFFFFF,
FFFFFF,
FFFF00,
FFFF00,
FFFFFF,
FFFFFF,
FFFFFF,
FFFFFF,
FFFFFF,
FFFFFF,
FFFFFF,
FFFFFF,
FFFFFF,
FFFFFF,
FFFFFF,
FFFFFF,
FFFFFF,
FFFFFF,
FFFFFF,
FFFFFF,
FFFFFF,
FFFFFF,
FFFFFF,
FFFFFF,
FFFFFF,
FFFFFF,
FFFFFF,
FFFFFF,
FFFFFF,
FFFFFF,
FFFFFF,
FFFFFF,
FFFFFF,
FFFFFF,
FFFF00,
FFFFFF,
FFFFFF,
FFFFFF,
FFFFFF,
FFFFFF,
FFFFFF,
FFFFFF,
FFFFFF,
FFFFFF,
FFFFFF,
FFFFFF,
FFFFFF,
FFFFFF,
FFFFFF,
FFFFFF,
FFFFFF,
FFFFFF,
FFFFFF,
FFFFFF,
FFFFFF,
FFFFFF,
FFFFFF,
FFFFFF,
FFFFFF,
FFFFFF,
FFFFFF,
FFFFFF,
FFFFFF,
FFFFFF,
FFFFFF,
FFFFFF,
FFFFFF,
FFFFFF,
FFFFFF,
FFFFFF,
FFFFFF,
FFFFFF,
FFFFFF,
FFFFFF,
FFFFFF,
FFFFFF,
FFFFFF,
00FFFF,
FFFFFF,
FFFF00,
FFFFFF,
FFFFFF,
FFFFFF,
FFFFFF,
FFFFFF,
FFFFFF,
FFFFFF,
FFFFFF,
FFFFFF,
FFFFFF,
FFFFFF,
FFFFFF,
FFFFFF,
FFFFFF,
FFFFFF,
FFFFFF,
FEFEFE,
FEFEFE,
FEFEFE,
FEFEFE,
FEFEFE,
FFFFFF,
FF00FF,
FFFFFF,
FFFFFF,
FFFF00,
FFFFFF,
FFFFFF,
FFFFFF,
FFFFFF,
FFFFFF,
FFFFFF,
FFFFFF,
FFFFFF,
FFFFFF,
FFFFFF,
FFFFFF,
FFFFFF,
FFFFFF,
FFFFFF,
FFFFFF,
00FFFF,
FFFFFF,
FFFFFF,
FFFFFF,
FFFFFF,
FFFFFF,
FFFFFF,
FFFFFF,
FFFFFF,
FFFFFF,
FF00FF,
FFFFFF,
FFFFFF,
FFFFFF,
FFFFFF,
FF00FF,
FFFFFF,
FFFFFF,
FFFFFF,
FFFFFF,
FFFFFF,
FF00FF,
FFFFFF,
FFFFFF,
FFFFFF,
FFFFFF,
FFFFFF,
FFFFFF,
FFFFFF,
FFFFFF,
FFFFFF,
FFFFFF,
FFFFFF,
FFFFFF,
FFFFFF,
FFFFFF,
FFFFFF,
FFFFFF,
FFFFFF,
FFFFFF,
FFFFFF,
FF00FF,
FFFFFF,
FFFFFF,
FFFFFF,
FFFFFF,
FFFFFF,
FFFFFF,
FFFF00,
FFFFFF,
FFFFFF,
FFFFFF,
FFFFFF,
FFFFFF,
FFFFFF,
FFFFFF,
FFFFFF,
FFFFFF,
FFFFFF,
FFFFFF,
FFFFFF,
FFFFFF,
FF00FF,
FFFFFF,
FFFFFF,
FFFFFF,
FFFFFF,
FFFFFF,
FFFFFF,
FFFFFF,
FFFFFF,
FFFFFF,
FFFFFF,
FFFFFF,
FFFFFF,
FFFFFF,
FFFFFF,
FFFFFF,
FFFFFF,
FFFFFF,
FFFFFF,
FFFFFF,
FFFFFF,
FFFFFF,
FFFFFF,
FFFFFF,
FFFFFF,
FFFFFF,
FFFFFF,
FFFFFF,
FFFFFF,
FFFFFF,
FFFFFF,
FFFFFF,
FFFF00,
FFFFFF,
FFFFFF,
FFFFFF,
FFFFFF,
FFFFFF,
FFFFFF,
FFFFFF,
FFFFFF,
FFFFFF,
FFFFFF,
FFFFFF,
FFFFFF,
FFFFFF,
FFFFFF,
FFFFFF,
FFFFFF,
FFFFFF,
FFFFFF,
FFFFFF,
FFFFFF,
FFFFFF,
FFFFFF,
FFFF00,
FEFEFE,
FEFEFE,
FE00FE,
FEFEFE,
FEFEFE,
FE00FE,
FEFEFE,
FEFEFE,
FFFFFF,
FFFFFF,
FFFFFF,
FFFFFF,
FFFFFF,
FEFEFE,
FEFEFE,
FE00FE,
FEFFFE,
FFFFFF,
FF00FF,
FFFFFF,
FFFFFF,
FFFFFF,
FFFFFF,
FFFFFF,
FFFF00,
FFFFFF,
FFFFFF,
FFFFFF,
FFFFFF,
FFFFFF,
00FFFF,
FFFFFF,
FFFFFF,
FFFFFF,
FFFFFF,
FFFFFF,
FFFFFF,
FFFF00,
FFFFFF,
FFFFFF,
FFFFFF,
FFFFFF,
FFFFFF,
FFFFFF,
FFFFFF,
FFFFFF,
00FFFF,
FFFF00,
FFFFFF,
FFFF00,
FFFFFF,
FFFFFF,
FFFFFF,
FFFFFF,
FFFFFF,
FFFFFF,
FFFFFF,
FFFFFF,
FFFFFF,
FFFFFF,
FFFFFF,
FFFFFF,
FFFFFF,
FFFFFF,
FFFFFF,
FFFFFF,
FFFFFF,
FFFFFF,
FFFFFF,
FFFFFF,
FFFFFF,
FFFFFF,
FFFFFF,
FFFFFF,
FFFFFF,
FFFFFF,
FFFFFF,
FFFFFF,
FFFFFF,
FFFFFF,
FFFFFF,
FFFFFF,
00FFFF,
FFFFFF,
FF00FF,
FFFFFF,
FFFFFF,
FFFFFF,
FFFFFF,
FFFFFF,
FFFFFF,
FFFFFF,
FFFFFF,
FFFFFF,
FFFFFF,
FFFFFF,
FF00FF,
FFFFFF,
FFFFFF,
FFFFFF,
FFFFFF,
FFFFFF,
FFFFFF,
FFFFFF,
FFFFFF,
FFFFFF,
FFFFFF,
FFFFFF,
FF00FF,
FFFFFF,
FFFFFF,
FFFFFF,
FFFFFF,
FEFEFE,
FEFEFE,
FEFEFE,
FEFEFE,
00FE00,
FFFFFF,
FFFFFF,
FFFFFF,
FFFFFF,
FFFFFF,
FFFFFF,
FFFFFF,
FFFFFF,
FFFFFF,
FFFFFF,
FFFFFF,
FFFFFF,
FFFFFF,
FFFFFF,
FFFFFF,
FFFFFF,
FFFFFF,
FFFFFF,
00FFFF,
FFFFFF,
FFFFFF,
FFFFFF,
00FFFF,
FFFFFF,
FFFFFF,
FFFFFF,
FFFFFF,
FFFFFF,
FF00FF,
FFFFFF,
FFFFFF,
FFFFFF,
FFFFFF,
FFFFFF,
FFFFFF,
FFFFFF,
FFFFFF,
FFFFFF,
FFFFFF,
FFFFFF,
FFFFFF,
FFFFFF,
FFFFFF,
FFFFFF,
FFFFFF,
FFFFFF,
FFFFFF,
FFFFFF,
FFFFFF,
00FFFF,
FFFFFF,
FFFFFF,
FFFFFF,
FFFFFF,
FFFFFF,
FFFFFF,
FFFFFF,
FFFFFF,
FFFFFF,
FF00FF,
FFFFFF,
FFFFFF,
FFFFFF,
FFFFFF,
FFFFFF,
FFFFFF,
FFFFFF,
FFFFFF,
FFFFFF,
FFFFFF,
FFFFFF,
FFFFFF,
FFFFFF,
FFFFFF,
FFFFFF,
FFFFFF,
FFFFFF,
FFFFFF,
FFFFFF,
FFFFFF,
FFFFFF,
FFFFFF,
FFFFFF,
FFFFFF,
FFFFFF,
FFFFFF,
FFFFFF,
FFFFFF,
FFFFFF,
FFFFFF,
FFFFFF,
FF00FF,
00FFFF,
FFFFFF,
FFFFFF,
FFFFFF,
FFFFFF,
FFFFFF,
FFFFFF,
FFFFFF,
FFFFFF,
FFFFFF,
FFFFFF,
FFFFFF,
00FFFF,
FFFFFF,
FFFFFF,
FFFFFF,
00FFFF,
FFFFFF,
FFFFFF,
FFFFFF,
FFFFFF,
FFFFFF,
FFFFFF,
FFFFFF,
FFFFFF,
FFFFFF,
FFFFFF,
FFFFFF,
FFFFFF,
FFFFFF,
FFFFFF,
00FFFF,
FFFFFF,
00FFFF,
FFFFFF,
FFFFFF,
FF00FF,
FFFFFF,
FFFFFF,
FF00FF,
FFFFFF,
FFFFFF,
FFFFFF,
FFFFFF,
FFFFFF,
FFFFFF,
FEFEFE,
FEFEFE,
FEFEFE,
FEFEFE,
FEFEFE,
FEFEFE,
FEFEFE,
FEFEFE,
FFFFFF,
FFFFFF,
FFFFFF,
FFFFFF,
FFFFFF,
FEFEFE,
FEFEFE,
FEFEFE,
FEFEFE,
FFFFFF,
FF00FF,
FFFFFF,
FFFFFF,
00FFFF,
FFFFFF,
00FFFF,
FFFFFF,
FFFFFF,
FFFFFF,
FFFFFF,
FFFFFF,
FFFFFF,
FFFFFF,
FFFFFF,
FFFFFF,
FFFFFF,
FFFFFF,
FFFFFF,
FFFFFF,
FFFFFF,
FF00FF,
FFFFFF,
FF00FF,
FFFFFF,
FFFFFF,
FFFFFF,
FFFFFF,
FFFFFF,
FFFFFF,
FFFFFF,
FFFFFF,
FFFFFF,
FFFFFF,
FFFFFF,
FFFFFF,
FFFFFF,
FFFFFF,
FFFFFF,
FFFFFF,
FFFFFF,
FFFFFF,
FFFFFF,
FFFFFF,
FFFFFF,
FFFFFF,
FFFFFF,
FFFFFF,
FFFFFF,
FFFFFF,
FFFFFF,
FFFFFF,
FFFFFF,
FFFFFF,
FFFFFF,
FFFFFF,
FFFFFF,
FFFF00,
FFFFFF,
00FFFF,
FFFFFF,
FFFFFF,
FFFFFF,
FFFFFF,
FFFFFF,
FFFFFF,
00FFFF,
FFFFFF,
FFFFFF,
FFFFFF,
FFFFFF,
FFFFFF,
FFFFFF,
FFFFFF,
FFFFFF,
FFFFFF,
FFFFFF,
FFFF00,
FFFFFF,
FFFFFF,
FFFFFF,
FFFFFF,
FFFFFF,
FFFFFF,
FFFFFF,
FFFFFF,
FFFFFF,
FFFF00,
FFFFFF,
FFFFFF,
FFFFFF,
FFFFFF,
FFFFFF,
FFFFFF,
FFFFFF,
FFFFFF,
FEFEFE,
FEFEFE,
FEFEFE,
FEFEFF,
FEFEFE,
FFFFFF,
FFFFFF,
FFFFFF,
FFFFFF,
FFFFFF,
FFFFFF,
FFFFFF,
FFFFFF,
FFFFFF,
FFFFFF,
FFFFFF,
0000FF,
FFFFFF,
FFFFFF,
FFFFFF,
FFFFFF,
FFFFFF,
FFFFFF,
FFFFFF,
FF00FF,
FFFFFF,
FFFF00,
FFFFFF,
FFFFFF,
FFFFFF,
FFFFFF,
FFFFFF,
FFFFFF,
FFFFFF,
FFFFFF,
FFFFFF,
FFFFFF,
FFFFFF,
FFFFFF,
FF00FF,
FFFFFF,
FFFFFF,
FFFFFF,
FFFFFF,
FFFFFF,
FFFFFF,
FFFFFF,
FFFFFF,
FFFFFF,
FFFFFF,
FFFFFF,
FFFFFF,
FFFFFF,
FFFFFF,
FFFFFF,
FFFFFF,
FFFFFF,
FFFFFF,
FFFFFF,
FFFFFF,
FFFFFF,
FFFFFF,
FFFFFF,
FFFFFF,
FFFFFF,
FFFFFF,
FFFFFF,
FFFFFF,
FFFFFF,
00FFFF,
FFFFFF,
FFFFFF,
FFFFFF,
FFFFFF,
FFFFFF,
FFFFFF,
FFFFFF,
FFFFFF,
FF00FF,
FFFFFF,
FFFFFF,
FFFFFF,
FFFFFF,
FF00FF,
FFFFFF,
FFFFFF,
FFFFFF,
FFFFFF,
FFFFFF,
FFFFFF,
FFFFFF,
FFFFFF,
FFFFFF,
FFFFFF,
FFFFFF,
FFFFFF,
FFFFFF,
FFFFFF,
FFFFFF,
FFFFFF,
FFFFFF,
FFFFFF,
FFFFFF,
FFFFFF,
FFFFFF,
FF00FF,
00FFFF,
FFFFFF,
FFFFFF,
FFFFFF,
FFFFFF,
FFFFFF,
FFFFFF,
FF00FF,
FFFFFF,
FFFFFF,
FFFFFF,
FFFFFF,
FFFFFF,
FFFFFF,
FFFFFF,
FFFFFF,
FFFFFF,
FFFFFF,
FFFFFF,
FFFFFF,
FFFFFF,
FFFFFF,
FF00FF,
FFFFFF,
FFFFFF,
FFFFFF,
FFFFFF,
FFFFFF,
FFFFFF,
FFFFFF,
FFFFFF,
FFFFFF,
FFFFFF,
FF00FF,
FFFFFF,
FFFFFF,
FFFFFF,
FEFEFE,
FEFEFE,
FEFEFE,
FEFEFE,
FEFEFE,
00FEFE,
FEFEFE,
FEFEFE,
FFFFFF,
FFFFFF,
FFFFFF,
FFFFFF,
FFFFFF,
FEFEFE,
FEFEFE,
FEFEFE,
FEFEFE,
FFFFFF,
FFFFFF,
FFFFFF,
FFFFFF,
FFFFFF,
FFFFFF,
FFFFFF,
FFFFFF,
FFFFFF,
FFFFFF,
FFFFFF,
FFFFFF,
FFFFFF,
FFFFFF,
FFFFFF,
FFFFFF,
FFFFFF,
FFFFFF,
FFFFFF,
FFFFFF,
FFFFFF,
FFFFFF,
FFFFFF,
FFFFFF,
FFFFFF,
FFFFFF,
FFFFFF,
FFFFFF,
FFFFFF,
FFFFFF,
FFFFFF,
FFFFFF,
FFFFFF,
FFFFFF,
FFFFFF,
FFFFFF,
FFFFFF,
FFFFFF,
FFFFFF,
00FFFF,
FFFFFF,
FFFFFF,
FFFFFF,
FFFFFF,
FFFFFF,
FFFFFF,
FFFFFF,
FFFFFF,
FFFFFF,
FFFFFF,
FFFFFF,
FFFFFF,
FFFFFF,
FFFFFF,
FFFFFF,
FFFFFF,
FFFFFF,
FFFFFF,
FFFFFF,
FFFFFF,
FFFF00,
FFFFFF,
FFFFFF,
FFFFFF,
FFFF00,
FFFFFF,
FFFFFF,
FFFFFF,
FFFFFF,
FFFFFF,
FFFFFF,
FFFFFF,
FFFF00,
FFFFFF,
FFFFFF,
FFFFFF,
FFFFFF,
FFFFFF,
FFFFFF,
FFFFFF,
FFFFFF,
FFFFFF,
FFFFFF,
FFFFFF,
FFFFFF,
FFFFFF,
00FFFF,
FFFFFF,
FF00FF,
FFFFFF,
FFFFFF,
FFFFFF,
FFFFFF,
FFFFFF,
FFFFFF,
FFFFFF,
FEFEFE,
FEFEFE,
FEFEFE,
FEFEFE,
00FEFE,
FFFFFF,
FFFFFF,
FFFFFF,
FFFFFF,
FFFFFF,
FFFFFF,
FFFFFF,
FFFFFF,
FFFFFF,
FFFFFF,
FFFFFF,
FFFFFF,
FFFFFF,
FFFFFF,
FF00FF,
FFFFFF,
FFFFFF,
FFFFFF,
FFFFFF,
FFFFFF,
FFFFFF,
FFFFFF,
FFFFFF,
FFFFFF,
FFFFFF,
FFFFFF,
FFFFFF,
FF00FF,
FFFFFF,
FFFFFF,
FFFFFF,
FFFFFF,
FFFFFF,
FFFFFF,
FFFFFF,
FFFFFF,
00FFFF,
FFFFFF,
FFFFFF,
FFFFFF,
FFFFFF,
FFFFFF,
FFFFFF,
FFFFFF,
FFFFFF,
FFFFFF,
FFFFFF,
FFFFFF,
FFFFFF,
FFFFFF,
FFFFFF,
FFFFFF,
FFFFFF,
FFFFFF,
FFFFFF,
FFFFFF,
FFFFFF,
FFFFFF,
FFFFFF,
FFFFFF,
FFFFFF,
FFFFFF,
FFFFFF,
FFFFFF,
FFFFFF,
FFFFFF,
FFFF00,
FFFFFF,
FFFFFF,
FFFFFF,
FFFFFF,
FFFFFF,
FFFFFF,
FFFFFF,
FFFFFF,
FFFFFF,
FFFFFF,
FFFFFF,
FFFFFF,
FFFFFF,
FFFFFF,
FFFFFF,
FFFFFF,
FFFFFF,
FFFFFF,
FFFFFF,
FFFFFF,
FFFFFF,
FFFFFF,
FFFFFF,
FFFFFF,
FFFFFF,
FFFFFF,
FFFFFF,
FFFFFF,
FFFFFF,
FFFFFF,
FFFFFF,
FFFFFF,
FFFFFF,
FFFFFF,
FFFFFF,
FFFFFF,
FFFFFF,
FFFFFF,
FFFFFF,
FFFFFF,
FFFFFF,
FFFFFF,
FFFFFF,
FFFFFF,
FFFFFF,
FFFFFF,
FF00FF,
FFFFFF,
FFFFFF,
FFFFFF,
00FFFF,
FFFFFF,
FFFFFF,
FFFFFF,
FFFF00,
FFFFFF,
FFFFFF,
FFFFFF,
FFFFFF,
00FFFF,
FFFFFF,
FFFFFF,
FFFFFF,
FFFF00,
FFFFFF,
FFFFFF,
FFFFFF,
FFFFFF,
FFFFFF,
FFFFFF,
FFFFFF,
FEFEFE,
FEFEFF,
FEFFFE,
FEFEFE,
FEFEFE,
FEFEFE,
FEFEFE,
FEFEFE,
FFFFFF,
FFFFFF,
FFFFFF,
FFFFFF,
FFFFFF,
FEFEFF,
FEFEFE,
FEFEFE,
FEFEFE,
FFFFFF,
FFFFFF,
FFFFFF,
FFFFFF,
FFFFFF,
FFFFFF,
FF00FF,
FFFFFF,
FFFFFF,
FFFFFF,
FFFFFF,
FFFFFF,
FFFFFF,
FFFFFF,
FFFFFF,
FFFFFF,
FFFFFF,
FFFFFF,
FFFFFF,
FFFF00,
FFFFFF,
FFFFFF,
FFFFFF,
FFFFFF,
FFFFFF,
FFFFFF,
FFFFFF,
FFFFFF,
FFFFFF,
FFFFFF,
FFFFFF,
FFFFFF,
FFFFFF,
FFFFFF,
FFFFFF,
FFFFFF,
FFFFFF,
FFFFFF,
FFFFFF,
FFFFFF,
FFFFFF,
FFFFFF,
FFFFFF,
FFFFFF,
FFFFFF,
FFFFFF,
FFFFFF,
FFFFFF,
FFFFFF,
FFFFFF,
FFFFFF,
FFFFFF,
FFFFFF,
FFFFFF,
FFFF00,
FFFFFF,
FFFFFF,
FFFFFF,
FFFFFF,
FFFFFF,
FFFFFF,
FFFFFF,
FFFFFF,
FFFFFF,
FFFFFF,
FFFFFF,
FFFFFF,
FFFFFF,
FFFFFF,
FFFFFF,
FF00FF,
FFFFFF,
00FFFF,
FFFFFF,
FFFFFF,
FFFFFF,
FFFFFF,
FFFFFF,
FFFFFF,
FFFFFF,
FFFFFF,
FF00FF,
FFFFFF,
FFFFFF,
FFFF00,
FFFFFF,
FFFFFF,
FFFFFF,
FFFFFF,
FF00FF,
FFFFFF,
FFFFFF,
FFFFFF,
FFFFFF,
FFFFFF,
FFFFFF,
FFFEFE,
FEFEFE,
FEFEFE,
FEFEFE,
FEFEFE,
FFFFFF,
FFFFFF,
FFFFFF,
FFFFFF,
FFFFFF,
FFFFFF,
FFFFFF,
FFFFFF,
FFFFFF,
FFFFFF,
FFFFFF,
FFFFFF,
FFFFFF,
FFFFFF,
FFFFFF,
FFFFFF,
FFFFFF,
FFFFFF,
FFFFFF,
FFFFFF,
FFFFFF,
FFFFFF,
FFFFFF,
FFFFFF,
FFFFFF,
FFFFFF,
FFFFFF,
FF00FF,
FFFFFF,
FFFFFF,
FFFFFF,
FFFFFF,
FFFFFF,
FFFFFF,
FFFFFF,
FFFFFF,
00FFFF,
FFFFFF,
FFFFFF,
FFFFFF,
FFFFFF,
FFFFFF,
00FFFF,
FFFFFF,
FFFFFF,
FFFFFF,
FFFFFF,
FFFFFF,
FFFFFF,
FFFFFF,
FFFFFF,
FFFFFF,
FFFFFF,
FFFFFF,
FFFFFF,
FFFFFF,
FFFFFF,
FFFFFF,
FFFFFF,
FFFFFF,
FFFFFF,
FFFFFF,
FFFFFF,
FFFFFF,
FFFFFF,
FFFFFF,
00FFFF,
FFFFFF,
FFFFFF,
FFFFFF,
FFFFFF,
FFFFFF,
FFFFFF,
FF00FF,
FFFFFF,
FFFFFF,
FFFFFF,
FFFFFF,
FFFFFF,
FFFFFF,
FFFFFF,
FFFFFF,
FFFFFF,
FFFFFF,
FFFFFF,
00FFFF,
FFFFFF,
FFFFFF,
FFFFFF,
FFFFFF,
FFFFFF,
FFFFFF,
FFFFFF,
FFFFFF,
FFFFFF,
FFFFFF,
FFFFFF,
FFFFFF,
FFFFFF,
FFFFFF,
FFFFFF,
FFFFFF,
FFFFFF,
FFFFFF,
FFFFFF,
FFFFFF,
FFFFFF,
FFFFFF,
FFFFFF,
FFFFFF,
FFFFFF,
FFFFFF,
FFFFFF,
FFFFFF,
FFFFFF,
FFFFFF,
FFFFFF,
FFFFFF,
FFFFFF,
FFFFFF,
FFFFFF,
FFFFFF,
FFFFFF,
FFFFFF,
FFFFFF,
FFFFFF,
FFFFFF,
FFFFFF,
FFFFFF,
FFFFFF,
FFFFFF,
FFFFFF,
FFFFFF,
FFFFFF,
FFFFFF,
FFFFFF,
FFFFFF,
FFFFFF,
FFFFFF,
FFFFFF,
FFFFFF,
FFFFFF,
FFFFFF,
FFFFFF,
FF00FF,
FFFFFF,
FFFFFF,
FFFFFF,
FFFFFF,
FFFFFF,
FFFFFF,
FFFFFF,
FFFFFF,
FFFFFF,
FFFFFF,
00FFFF,
FFFFFF,
FFFFFF,
FFFFFF,
00FF00,
FFFFFF,
FFFFFF,
FFFFFF,
FFFFFF,
FFFFFF,
FFFFFF,
FFFFFF,
FFFFFF,
FFFFFF,
FFFFFF,
FFFF00,
FFFFFF,
FFFFFF,
FFFFFF,
FFFFFF,
FFFFFF,
FFFFFF,
FF00FF,
FFFFFF,
FFFFFF,
FFFFFF,
FFFFFF,
FFFFFF,
FF00FF,
FFFFFF,
FFFFFF,
FFFFFF,
FFFFFF,
FFFFFF,
FFFFFF,
FFFFFF,
FFFFFF,
FFFFFF,
FFFF00,
FFFFFF,
FFFFFF,
FFFFFF,
FFFFFF,
FFFFFF,
FFFFFF,
FFFFFF,
FFFFFF,
FFFFFF,
FFFFFF,
FFFFFF,
FFFFFF,
FFFFFF,
FFFFFF,
FFFFFF,
FFFFFF,
FFFFFF,
FFFFFF,
00FFFF,
FF00FF,
FFFFFF,
FFFFFF,
FFFFFF,
FFFFFF,
FFFFFF,
FFFFFF,
FFFFFF,
FFFF00,
FFFFFF,
FFFFFF,
FFFFFF,
FFFF00,
FFFFFF,
FFFFFF,
FFFFFF,
FFFFFF,
FFFFFF,
FFFFFF,
FFFFFF,
FFFFFF,
FFFFFF,
FFFFFF,
FFFFFF,
FFFFFF,
FFFFFF,
FFFFFF,
FFFFFF,
FFFFFF,
FFFFFF,
FFFFFF,
FFFFFF,
FFFFFF,
FFFFFF,
FFFFFF,
FFFF00,
FFFFFF,
FFFFFF,
FFFFFF,
FFFFFF,
FFFFFF,
FFFFFF,
FFFF00,
FFFFFF,
00FFFF,
FFFFFF,
FFFFFF,
FFFFFF,
FFFFFF,
FFFFFF,
FFFFFF,
FFFFFF,
FFFFFF,
FFFFFF,
FFFFFF,
FFFF00,
FFFFFF,
FFFFFF,
FFFFFF,
FFFFFF,
FFFFFF,
FFFFFF,
FFFFFF,
FFFFFF,
FFFFFF,
FFFFFF,
FFFFFF,
FFFFFF,
FFFFFF,
FFFFFF,
FFFFFF,
FFFFFF,
FF00FF,
00FFFF,
FFFFFF,
FFFFFF,
FFFF00,
FFFFFF,
FFFFFF,
FFFFFF,
FFFFFF,
FFFF00,
FFFFFF,
FFFFFF,
FFFFFF,
FFFFFF,
FFFFFF,
FFFFFF,
FFFFFF,
FFFFFF,
FFFFFF,
FFFFFF,
FFFFFF,
FFFFFF,
FFFFFF,
FFFFFF,
FFFFFF,
FFFFFF,
FFFFFF,
FFFFFF,
FFFFFF,
FFFFFF,
FFFFFF,
FFFFFF,
FFFFFF,
FFFFFF,
FFFFFF,
FFFFFF,
FFFFFF,
FFFFFF,
FFFFFF,
FFFFFF,
FFFFFF,
FFFFFF,
FFFFFF,
FF00FF,
FFFFFF,
FFFFFF,
FFFFFF,
FFFFFF,
FFFFFF,
FFFFFF,
FFFFFF,
FFFFFF,
FFFFFF,
FFFFFF,
FFFFFF,
FFFFFF,
FFFFFF,
FFFFFF,
FFFFFF,
FFFFFF,
FFFFFF,
FFFFFF,
FFFFFF,
00FFFF,
FFFFFF,
FFFF00,
FFFFFF,
00FFFF,
FFFFFF,
FFFF00,
FFFFFF,
FFFFFF,
FFFFFF,
FFFFFF,
FFFFFF,
FFFFFF,
FFFFFF,
FFFFFF,
00FFFF,
FFFFFF,
FF00FF,
FFFFFF,
FFFFFF,
FFFFFF,
FFFFFF,
FFFFFF,
FFFFFF,
FFFFFF,
FFFFFF,
FFFFFF,
FFFFFF,
FFFFFF,
FFFFFF,
FFFFFF,
FFFF00,
FFFFFF,
FFFFFF,
FFFFFF,
FFFFFF,
FFFFFF,
FFFFFF,
0000FF,
FFFFFF,
FFFFFF,
FFFFFF,
FFFFFF,
FFFFFF,
FFFFFF,
FFFFFF,
FFFFFF,
FFFFFF,
FF00FF,
FFFFFF,
FFFFFF,
FFFFFF,
00FFFF,
FFFFFF,
FFFF00,
FFFFFF,
FFFFFF,
FFFFFF,
FFFFFF,
FFFFFF,
FFFFFF,
FFFFFF,
FFFFFF,
FFFFFF,
FFFF00,
FFFFFF,
FFFFFF,
FFFFFF,
FFFFFF,
FFFFFF,
FFFFFF,
FFFFFF,
FFFFFF,
FFFFFF,
FFFFFF,
FFFFFF,
FFFFFF,
FFFFFF,
FFFFFF,
FFFFFF,
FFFF00,
FFFFFF,
FFFFFF,
FFFFFF,
FFFFFF,
FFFFFF,
FFFFFF,
FFFFFF,
FFFFFF,
FFFFFF,
FFFFFF,
00FFFF,
FFFFFF,
FFFFFF,
00FFFF,
FFFFFF,
FFFF00,
FFFFFF,
FFFFFF,
FFFFFF,
FFFFFF,
FFFFFF,
FFFFFF,
FFFFFF,
FFFFFF,
FFFFFF,
FFFFFF,
FFFFFF,
FFFFFF,
FFFFFF,
00FFFF,
FFFFFF,
FFFFFF,
FFFFFF,
FFFFFF,
FFFFFF,
FFFFFF,
FFFFFF,
FFFFFF,
FFFFFF,
FFFFFF,
FFFFFF,
FFFFFF,
FFFFFF,
FFFFFF,
FFFFFF,
FFFFFF,
FFFFFF,
FFFFFF,
FFFFFF,
FFFFFF,
FFFFFF,
FFFFFF,
FFFFFF,
FFFFFF,
FFFFFF,
FFFFFF,
FFFFFF,
FFFFFF,
FFFFFF,
FFFFFF,
FFFFFF,
FFFFFF,
FFFFFF,
FFFFFF,
FF00FF,
FFFFFF,
FFFFFF,
FFFFFF,
FFFFFF,
FFFFFF,
FFFFFF,
FFFFFF,
FFFFFF,
FFFFFF,
FFFFFF,
FFFFFF,
FFFFFF,
FFFFFF,
FFFFFF,
FFFFFF,
00FFFF,
FFFFFF,
FFFFFF,
FFFFFF,
FFFFFF,
FFFFFF,
FFFFFF,
FFFFFF,
FFFFFF,
FFFFFF,
FF00FF,
FFFFFF,
FF00FF,
FFFFFF,
FFFFFF,
FFFFFF,
00FFFF,
FFFFFF,
FFFFFF,
FFFFFF,
FFFFFF,
FFFFFF,
FFFFFF,
FFFFFF,
FFFFFF,
FFFFFF,
FFFFFF,
FFFFFF,
FFFFFF,
FFFF00,
FFFFFF,
FFFFFF,
FFFFFF,
FFFFFF,
FFFFFF,
FFFFFF,
FFFFFF,
FFFFFF,
FFFFFF,
FFFFFF,
FFFFFF,
FFFFFF,
FFFFFF,
FFFFFF,
FFFFFF,
FFFFFF,
FFFFFF,
FFFFFF,
FFFFFF,
FFFFFF,
FFFFFF,
FFFFFF,
FFFFFF,
FFFFFF,
FFFFFF,
FFFFFF,
FFFFFF,
FFFFFF,
FFFFFF,
FFFFFF,
FFFFFF,
FFFFFF,
FFFFFF,
FFFFFF,
FFFF00,
FFFFFF,
FFFFFF,
FFFFFF,
FFFFFF,
FF00FF,
FFFFFF,
FFFFFF,
FFFFFF,
FFFFFF,
FFFFFF,
FFFFFF,
FFFFFF,
FFFFFF,
FFFFFF,
FFFFFF,
FFFFFF,
FFFFFF,
FFFFFF,
FFFFFF,
FFFFFF,
FFFFFF,
00FFFF,
FFFFFF,
FFFFFF,
FFFFFF,
FFFFFF,
FFFFFF,
FFFFFF,
FFFFFF,
FFFFFF,
FFFFFF,
FFFFFF,
FFFFFF,
FFFFFF,
FFFFFF,
FFFFFF,
FFFFFF,
FFFFFF,
FFFFFF,
FFFFFF,
0000FF,
FFFFFF,
FFFFFF,
FFFFFF,
FFFFFF,
FFFFFF,
FFFFFF,
FFFFFF,
00FFFF,
FFFFFF,
FFFFFF,
FFFFFF,
FFFFFF,
FFFFFF,
FFFF00,
FFFFFF,
FFFFFF,
FFFFFF,
FFFFFF,
FFFFFF,
FFFFFF,
FFFFFF,
FFFFFF,
FFFFFF,
FFFFFF,
FFFFFF,
FFFF00,
FFFFFF,
FFFFFF,
FFFFFF,
FFFF00,
FFFFFF,
FFFFFF,
FFFFFF,
FFFFFF,
FFFFFF,
FFFFFF,
FFFFFF,
FFFFFF,
FFFFFF,
FFFFFF,
FFFFFF,
FFFFFF,
00FFFF,
FFFFFF,
FFFFFF,
00FFFF,
FFFFFF,
FFFFFF,
FFFFFF,
FFFFFF,
FFFFFF,
FFFFFF,
FFFFFF,
FFFFFF,
FFFFFF,
FFFFFF,
FFFFFF,
FFFFFF,
00FFFF,
00FFFF,
FFFFFF,
FF00FF,
FFFFFF,
FFFFFF,
FFFFFF,
FFFFFF,
FFFFFF,
FFFFFF,
FFFFFF,
FFFFFF,
FFFFFF,
FFFFFF,
FFFFFF,
FFFFFF,
FF00FF,
FFFFFF,
FFFFFF,
FFFFFF,
FFFFFF,
FFFFFF,
FFFFFF,
FFFFFF,
FFFFFF,
FFFFFF,
FFFFFF,
FFFFFF,
FFFFFF,
FFFFFF,
FFFFFF,
FFFFFF,
FFFFFF,
FFFFFF,
FFFFFF,
FFFFFF,
FFFFFF,
FFFFFF,
FFFFFF,
FFFFFF,
FFFFFF,
FFFFFF,
FFFFFF,
FFFFFF,
FFFFFF,
FFFFFF,
00FFFF,
FFFFFF,
FFFFFF,
FFFFFF,
FFFFFF,
FFFFFF,
FFFFFF,
FFFFFF,
FFFFFF,
FFFFFF,
FFFFFF,
FFFFFF,
FFFFFF,
FFFFFF,
00FFFF,
FFFFFF,
FFFFFF,
FFFFFF,
FFFFFF,
FFFFFF,
FFFFFF,
FFFFFF,
FFFFFF,
FFFF00,
FFFFFF,
FFFFFF,
FFFFFF,
FF00FF,
FFFFFF,
FFFFFF,
FFFFFF,
FFFFFF,
FFFFFF,
FFFFFF,
FFFFFF,
FFFFFF,
FFFFFF,
FFFFFF,
FFFFFF,
FFFFFF,
FFFFFF,
FFFF00,
FFFFFF,
FFFF00,
FF00FF,
FFFFFF,
FFFFFF,
FFFFFF,
FFFFFF,
FFFFFF,
FFFFFF,
FFFFFF,
FFFFFF,
FFFFFF,
FFFFFF,
FFFFFF,
FFFFFF,
FFFFFF,
FFFFFF,
FFFFFF,
FFFFFF,
FFFFFF,
FFFFFF,
FFFFFF,
FFFFFF,
FFFFFF,
FFFFFF,
FFFFFF,
FFFFFF,
FFFFFF,
FFFF00,
FFFFFF,
FFFFFF,
FFFFFF,
FFFFFF,
FFFFFF,
FFFFFF,
FFFFFF,
FFFFFF,
FFFFFF,
FFFFFF,
FFFFFF,
FFFFFF,
FFFFFF,
FFFFFF,
FFFFFF,
FFFFFF,
FFFFFF,
FFFFFF,
FFFFFF,
FFFFFF,
FFFFFF,
FFFFFF,
FFFFFF,
FFFFFF,
FFFFFF,
FFFFFF,
FFFFFF,
FFFFFF,
FFFFFF,
FFFFFF,
FFFFFF,
FFFFFF,
FFFFFF,
00FFFF,
FFFFFF,
FFFFFF,
FFFFFF,
FFFFFF,
FFFFFF,
FFFFFF,
FFFFFF,
FFFFFF,
FFFFFF,
FFFFFF,
FFFFFF,
FFFF00,
FFFFFF,
FFFFFF,
FFFFFF,
FFFFFF,
FFFFFF,
FFFFFF,
FFFFFF,
FFFFFF,
FFFFFF,
FFFFFF,
FFFFFF,
FFFFFF,
FFFFFF,
FFFFFF,
FFFFFF,
FFFFFF,
FFFFFF,
FFFFFF,
FFFFFF,
FFFFFF,
FFFF00,
FFFFFF,
FFFFFF,
FFFFFF,
FFFFFF,
FFFFFF,
FFFFFF,
FFFFFF,
FFFFFF,
FFFFFF,
FFFFFF,
FFFFFF,
FFFFFF,
FFFFFF,
FFFFFF,
FFFFFF,
FFFFFF,
FFFF00,
FFFFFF,
FFFFFF,
FFFF00,
FFFFFF,
FFFFFF,
FFFFFF,
FFFFFF,
FFFFFF,
FFFFFF,
FFFFFF,
FFFFFF,
FF00FF,
FFFFFF,
FFFFFF,
FF00FF,
FFFFFF,
FFFFFF,
FFFFFF,
FFFFFF,
FFFFFF,
FFFFFF,
FFFFFF,
FFFFFF,
FFFFFF,
00FFFF,
FFFFFF,
FFFFFF,
FFFFFF,
FFFFFF,
00FFFF,
FFFFFF,
FFFFFF,
FFFFFF,
FFFFFF,
FFFFFF,
FFFFFF,
FFFFFF,
FFFFFF,
FFFFFF,
FFFFFF,
FF00FF,
FFFFFF,
FFFFFF,
FFFFFF,
FFFF00,
FFFFFF,
FFFFFF,
00FFFF,
FFFFFF,
FFFFFF,
FFFFFF,
FFFFFF,
FFFFFF,
FFFFFF,
FFFFFF,
FFFFFF,
FFFFFF,
FFFFFF,
FFFFFF,
FFFFFF,
FFFFFF,
FFFFFF,
FFFFFF,
FFFFFF,
FFFFFF,
FFFFFF,
FFFFFF,
FFFFFF,
FFFFFF,
FFFFFF,
FFFFFF,
FFFFFF,
FFFF00,
FFFFFF,
FFFFFF,
FFFFFF,
FFFFFF,
FFFFFF,
FFFFFF,
FFFFFF,
FFFFFF,
FFFFFF,
FFFFFF,
FFFFFF,
FFFFFF,
FF00FF,
FFFFFF,
FFFFFF,
FFFFFF,
FFFFFF,
FFFFFF,
FFFFFF,
FFFFFF,
FFFFFF,
FFFFFF,
FFFFFF,
FFFFFF,
FFFFFF,
FFFFFF,
FFFFFF,
FFFFFF,
FFFFFF,
FFFFFF,
FF00FF,
FFFFFF,
FFFFFF,
FFFFFF,
FFFFFF,
FFFFFF,
FFFFFF,
FFFFFF,
FFFFFF,
FFFFFF,
FFFFFF,
FFFFFF,
FFFFFF,
FFFFFF,
FFFFFF,
FFFFFF,
FFFFFF,
FFFFFF,
FFFFFF,
FFFFFF,
FFFFFF,
FFFFFF,
FFFFFF,
FFFFFF,
FFFFFF,
FFFFFF,
FFFFFF,
FFFFFF,
FFFFFF,
FFFFFF,
FFFFFF,
FFFFFF,
FFFFFF,
FFFFFF,
FFFF00,
FFFFFF,
FF00FF,
FFFFFF,
FFFFFF,
FFFFFF,
FFFFFF,
FFFFFF,
00FFFF,
FFFF00,
FFFFFF,
FFFFFF,
FFFFFF,
00FFFF,
FFFFFF,
FFFFFF,
FFFFFF,
FFFFFF,
FFFFFF,
00FFFF,
FFFFFF,
FFFFFF,
FFFFFF,
FFFFFF,
FFFFFF,
FFFFFF,
FF00FF,
FFFFFF,
FFFFFF,
00FFFF,
FFFFFF,
FFFFFF,
FFFFFF,
FFFFFF,
FFFFFF,
FFFFFF,
FFFFFF,
FFFFFF,
FFFFFF,
FFFFFF,
FFFFFF,
FFFFFF,
FFFFFF,
FFFFFF,
FFFFFF,
FFFF00,
FFFFFF,
FFFFFF,
FFFFFF,
FFFFFF,
FFFFFF,
FFFFFF,
FFFFFF,
FFFFFF,
FFFFFF,
FFFFFF,
FFFFFF,
FFFFFF,
FFFFFF,
FFFFFF,
FFFFFF,
FFFFFF,
FFFFFF,
FFFF00,
FFFFFF,
FFFFFF,
FFFFFF,
FFFFFF,
FFFFFF,
FFFFFF,
00FFFF,
FFFFFF,
FFFFFF,
FFFFFF,
FFFFFF,
FFFFFF,
FF00FF,
FFFFFF,
FFFFFF,
FFFFFF,
FFFFFF,
FFFFFF,
FFFFFF,
FFFFFF,
FFFFFF,
FFFFFF,
FFFFFF,
FFFFFF,
FFFFFF,
FFFFFF,
FFFFFF,
FFFFFF,
FFFFFF,
FF00FF,
FF00FF,
FFFFFF,
FFFFFF,
FFFFFF,
FFFFFF,
FFFFFF,
FFFFFF,
FFFFFF,
FFFFFF,
FFFFFF,
FFFFFF,
FFFFFF,
FFFFFF,
FFFFFF,
FFFFFF,
FFFFFF,
FFFFFF,
FFFF00,
FFFFFF,
FFFFFF,
FFFFFF,
FFFFFF,
FFFFFF,
FFFFFF,
FFFFFF,
FFFFFF,
FFFFFF,
FFFFFF,
FFFFFF,
FFFFFF,
FFFFFF,
FFFFFF,
FFFFFF,
FF00FF,
00FFFF,
FFFFFF,
FFFFFF,
FFFFFF,
FFFFFF,
FFFFFF,
FFFFFF,
FFFFFF,
FFFFFF,
FFFFFF,
FFFFFF,
FFFF00,
FFFFFF,
FFFFFF,
FFFFFF,
FFFFFF,
FFFFFF,
FFFFFF,
FFFFFF,
FFFFFF,
FFFFFF,
FFFFFF,
FFFFFF,
FFFFFF,
FFFFFF,
FFFFFF,
FFFFFF,
FFFFFF,
FFFFFF,
FFFFFF,
FFFFFF,
FFFFFF,
FFFFFF,
FFFFFF,
FFFFFF,
FFFFFF,
FFFFFF,
FFFFFF,
FFFFFF,
FFFFFF,
FFFFFF,
FFFFFF,
FFFFFF,
FFFFFF,
FFFF00,
FFFFFF,
FFFFFF,
FFFFFF,
FFFFFF,
FFFFFF,
FFFFFF,
FFFFFF,
FFFFFF,
FFFFFF,
FFFFFF,
FFFFFF,
FFFFFF,
FFFFFF,
FFFFFF,
FFFFFF,
FFFFFF,
FFFFFF,
FFFFFF,
FFFFFF,
FFFFFF,
FFFFFF,
FFFFFF,
FFFFFF,
FFFFFF,
FFFFFF,
FFFFFF,
FFFFFF,
FFFFFF,
FFFFFF,
FFFFFF,
FFFFFF,
FFFFFF,
FFFFFF,
FFFFFF,
FFFFFF,
FFFFFF,
FFFFFF,
FFFFFF,
FFFFFF,
FFFFFF,
FFFFFF,
FFFFFF,
FFFFFF,
FFFFFF,
FFFFFF,
FFFFFF,
FFFFFF,
FFFFFF,
FFFFFF,
FFFFFF,
FFFFFF,
00FFFF,
FFFFFF,
FFFFFF,
FFFFFF,
FFFFFF,
FFFFFF,
FFFFFF,
FFFFFF,
00FFFF,
FFFFFF,
FFFFFF,
FFFFFF,
FFFFFF,
FFFFFF,
FFFFFF,
FFFFFF,
FFFFFF,
FFFFFF,
FFFFFF,
FFFFFF,
FFFFFF,
FFFFFF,
FFFFFF,
FFFFFF,
FFFFFF,
00FFFF,
FFFFFF,
FFFFFF,
FFFFFF,
FFFFFF,
FFFFFF,
FFFFFF,
FF0000,
FFFFFF,
FFFFFF,
FFFFFF,
FFFFFF,
FFFFFF,
FFFFFF,
FFFFFF,
FFFFFF,
FFFFFF,
FFFFFF,
FFFFFF,
FFFFFF,
FFFFFF,
FFFFFF,
FFFFFF,
FFFFFF,
FFFFFF,
FFFFFF,
FFFFFF,
FFFFFF,
FFFFFF,
FFFFFF,
FFFFFF,
FFFFFF,
FFFFFF,
FFFFFF,
FFFFFF,
FFFFFF,
FFFFFF,
FFFFFF,
00FFFF,
FFFFFF,
FFFFFF,
FFFFFF,
FFFFFF,
FFFFFF,
FFFF00,
FFFFFF,
FFFFFF,
FFFFFF,
FFFFFF,
FFFFFF,
FFFFFF,
FFFFFF,
FFFFFF,
FFFFFF,
FFFFFF,
FFFFFF,
FFFFFF,
FFFFFF,
FFFFFF,
FFFFFF,
FFFFFF,
FFFFFF,
FFFFFF,
FFFFFF,
00FFFF,
FFFFFF,
FFFFFF,
FFFFFF,
FFFFFF,
FFFFFF,
FFFFFF,
FFFFFF,
FFFFFF,
FFFFFF,
FFFFFF,
FFFFFF,
FFFFFF,
FFFFFF,
FFFFFF,
FFFFFF,
FFFFFF,
00FFFF,
FFFFFF,
FFFFFF,
FFFFFF,
FFFFFF,
FFFFFF,
FF0000,
FFFFFF,
FFFFFF,
FFFFFF,
FFFFFF,
FFFFFF,
FFFFFF,
FFFFFF,
FFFFFF,
FFFFFF,
00FFFF,
00FFFF,
FFFFFF,
FFFFFF,
FFFFFF,
FFFFFF,
FFFFFF,
FFFFFF,
FFFFFF,
FF00FF,
FFFFFF,
FFFFFF,
FFFFFF,
FFFFFF,
FFFFFF,
FFFFFF,
FFFFFF,
FFFFFF,
FFFFFF,
FFFFFF,
FFFFFF,
FFFFFF,
FFFFFF,
FFFFFF,
FFFFFF,
FFFFFF,
FFFFFF,
FFFFFF,
FFFF00,
FFFFFF,
FFFFFF,
FFFFFF,
FFFFFF,
FFFFFF,
FFFFFF,
FFFFFF,
FFFFFF,
FFFFFF,
FFFFFF,
FFFF00,
FFFFFF,
FFFFFF,
FFFFFF,
FFFFFF,
FFFFFF,
FFFFFF,
FFFFFF,
FFFFFF,
FFFFFF,
FF00FF,
FFFFFF,
FFFFFF,
FFFFFF,
FFFFFF,
FFFFFF,
FFFFFF,
FFFF00,
FFFFFF,
FFFFFF,
FFFFFF,
FFFFFF,
FF00FF,
FFFFFF,
FFFFFF,
FFFFFF,
FFFFFF,
FFFFFF,
FFFFFF,
FFFFFF,
FFFFFF,
FFFFFF,
FFFFFF,
FFFFFF,
FFFFFF,
FFFFFF,
FFFFFF,
FFFFFF,
FFFFFF,
FFFFFF,
FFFFFF,
FFFFFF,
FFFFFF,
FFFFFF,
0000FF,
FFFFFF,
FFFFFF,
FFFFFF,
FFFFFF,
FFFFFF,
FFFFFF,
FFFFFF,
FFFFFF,
FFFFFF,
FFFFFF,
FFFFFF,
FFFFFF,
FFFFFF,
FFFFFF,
FFFFFF,
FFFFFF,
FFFFFF,
FFFFFF,
FFFFFF,
FFFFFF,
FFFFFF,
FFFFFF,
FFFFFF,
FFFFFF,
FFFFFF,
FFFFFF,
FFFFFF,
FFFFFF,
FFFFFF,
FF00FF,
FFFFFF,
FFFFFF,
00FFFF,
FFFFFF,
FFFFFF,
FFFFFF,
FFFFFF,
FFFFFF,
FFFFFF,
FFFFFF,
FFFFFF,
FFFFFF,
FFFFFF,
FFFFFF,
FFFFFF,
FFFFFF,
FFFFFF,
FFFFFF,
FFFFFF,
FFFFFF,
FFFFFF,
FFFFFF,
FFFFFF,
FFFFFF,
00FFFF,
FFFFFF,
FFFFFF,
FFFFFF,
FFFFFF,
FFFFFF,
FFFFFF,
FFFFFF,
FFFFFF,
FFFFFF,
FFFFFF,
FF00FF,
FFFFFF,
FFFFFF,
FFFFFF,
FFFFFF,
FFFFFF,
FFFFFF,
FFFFFF,
FFFFFF,
FFFFFF,
FFFFFF,
FFFFFF,
FFFFFF,
FFFFFF,
FFFFFF,
FFFFFF,
FFFFFF,
FFFFFF,
FFFFFF,
FFFFFF,
FFFFFF,
FFFFFF,
FFFFFF,
FFFFFF,
FFFFFF,
FFFFFF,
FFFFFF,
FFFF00,
FFFFFF,
FFFFFF,
FFFFFF,
FFFFFF,
FFFFFF,
FFFFFF,
FFFFFF,
FFFF00,
FFFFFF,
FFFFFF,
FFFFFF,
FFFFFF,
FFFFFF,
FFFFFF,
FFFFFF,
FFFFFF,
FFFFFF,
FFFFFF,
FFFFFF,
FFFFFF,
FFFF00,
FFFFFF,
FFFFFF,
FFFFFF,
00FFFF,
FFFFFF,
FFFFFF,
FFFFFF,
FFFFFF,
FFFFFF,
FFFFFF,
FFFFFF,
FFFFFF,
FFFFFF,
FFFFFF,
FFFFFF,
FFFFFF,
FFFFFF,
FF00FF,
FFFFFF,
FFFFFF,
FFFFFF,
FF00FF,
FFFFFF,
FFFFFF,
FFFFFF,
FFFFFF,
FFFFFF,
FFFFFF,
FFFFFF,
FFFFFF,
FFFFFF,
FFFFFF,
FFFFFF,
FFFFFF,
FF00FF,
FFFFFF,
FFFFFF,
FFFFFF,
FF00FF,
FFFFFF,
FFFFFF,
FF00FF,
FFFFFF,
FFFFFF,
FF00FF,
00FFFF,
FFFFFF,
FFFFFF,
FFFFFF,
FFFFFF,
FFFFFF,
FFFFFF,
FFFFFF,
FFFFFF,
FFFFFF,
FFFFFF,
FFFFFF,
FFFFFF,
FFFFFF,
FFFFFF,
FFFFFF,
FFFFFF,
FFFFFF,
FFFFFF,
FFFFFF,
00FFFF,
FFFFFF,
FFFFFF,
FFFFFF,
FFFFFF,
FFFFFF,
FFFFFF,
FFFFFF,
FFFFFF,
FFFFFF,
FFFFFF,
FFFFFF,
FFFFFF,
FFFFFF,
FFFFFF,
FFFFFF,
FFFFFF,
FFFFFF,
FFFFFF,
FFFFFF,
FFFFFF,
FFFFFF,
FFFFFF,
FFFFFF,
FFFFFF,
FFFFFF,
FFFFFF,
FFFFFF,
FFFFFF,
FFFFFF,
FFFFFF,
FFFFFF,
FFFFFF,
FFFFFF,
FFFFFF,
FFFFFF,
FFFFFF,
FFFFFF,
FFFFFF,
FFFFFF,
FFFFFF,
FFFFFF,
FFFFFF,
FFFFFF,
00FFFF,
FFFFFF,
FFFFFF,
FFFFFF,
FFFFFF,
FFFFFF,
FFFFFF,
FFFFFF,
FFFF00,
FFFFFF,
FFFFFF,
FFFFFF,
FFFFFF,
FFFFFF,
FFFFFF,
FFFFFF,
FFFFFF,
FFFFFF,
FFFFFF,
FFFFFF,
FFFFFF,
FFFFFF,
FFFFFF,
FFFFFF,
FFFF00,
FFFFFF,
FFFFFF,
FFFFFF,
FFFFFF,
FFFFFF,
FFFFFF,
FFFFFF,
FFFFFF,
FFFFFF,
FFFFFF,
FFFFFF,
FFFFFF,
FFFFFF,
FFFFFF,
FFFFFF,
FFFFFF,
FFFFFF,
FFFFFF,
FFFFFF,
FFFFFF,
FFFFFF,
FFFFFF,
FFFFFF,
FFFFFF,
FFFFFF,
FFFFFF,
FFFFFF,
FFFFFF,
FFFFFF,
FFFFFF,
FFFFFF,
FFFFFF,
FFFFFF,
FFFFFF,
FFFFFF,
00FFFF,
FFFFFF,
FFFFFF,
FFFFFF,
FFFFFF,
FFFFFF,
FFFFFF,
FFFFFF,
FFFFFF,
FFFFFF,
FFFFFF,
FFFFFF,
FFFFFF,
FFFFFF,
FFFFFF,
FFFFFF,
FFFFFF,
FFFFFF,
FFFFFF,
FFFFFF,
FFFFFF,
FFFFFF,
FFFFFF,
FFFFFF,
FFFFFF,
FFFFFF,
FFFFFF,
FFFFFF,
FFFFFF,
FFFFFF,
00FFFF,
FFFFFF,
FFFFFF,
FFFFFF,
FFFFFF,
FFFFFF,
FFFFFF,
FFFFFF,
FFFFFF,
FFFFFF,
FFFFFF,
FFFFFF,
FFFFFF,
FFFFFF,
FFFFFF,
FFFF00,
FFFFFF,
FFFFFF,
FFFFFF,
FFFFFF,
00FFFF,
FFFFFF,
FF00FF,
FFFFFF,
FFFFFF,
FFFFFF,
FFFFFF,
FFFFFF,
FFFFFF,
FFFFFF,
FFFFFF,
FFFFFF,
FFFFFF,
FFFFFF,
00FFFF,
FFFFFF,
FFFFFF,
FFFFFF,
FFFFFF,
FFFFFF,
FFFFFF,
FFFFFF,
FFFFFF,
00FFFF,
FFFFFF,
FFFFFF,
FFFFFF,
FFFFFF,
FFFFFF,
FFFFFF,
FFFFFF,
FFFFFF,
FFFFFF,
FFFFFF,
00FFFF,
FFFFFF,
FFFFFF,
FFFFFF,
FF0000,
FFFFFF,
FFFFFF,
FFFFFF,
FFFFFF,
FFFFFF,
FFFFFF,
FFFFFF,
FFFFFF,
FFFFFF,
FFFFFF,
FFFFFF,
FFFFFF,
FFFFFF,
FFFFFF,
FFFFFF,
FFFFFF,
FFFFFF,
FFFFFF,
FFFFFF,
FFFFFF,
FFFFFF,
FFFFFF,
FFFFFF,
FFFFFF,
FFFFFF,
FFFFFF,
FFFFFF,
00FFFF,
FFFFFF,
FFFFFF,
FFFFFF,
FFFFFF,
FFFFFF,
FFFFFF,
FFFFFF,
FFFFFF,
FFFFFF,
FFFFFF,
FFFFFF,
FFFFFF,
FFFFFF,
00FFFF,
FFFFFF,
FFFFFF,
FFFFFF,
FFFFFF,
FFFFFF,
FFFFFF,
FFFFFF,
FFFFFF,
FFFFFF,
FFFFFF,
FFFFFF,
FFFFFF,
FFFFFF,
FFFFFF,
FFFFFF,
FFFFFF,
FFFFFF,
FFFFFF,
FFFFFF,
FFFFFF,
FFFFFF,
FFFFFF,
FFFFFF,
FFFFFF,
FFFFFF,
FFFFFF,
FFFFFF,
FFFFFF,
00FFFF,
FFFFFF,
FFFFFF,
FFFFFF,
FFFFFF,
FFFFFF,
FFFFFF,
FFFFFF,
FFFFFF,
FFFFFF,
FFFFFF,
FFFFFF,
FFFFFF,
FFFFFF,
FFFFFF,
FFFFFF,
FFFFFF,
00FFFF,
FFFFFF,
FF00FF,
FFFFFF,
FFFFFF,
FFFFFF,
FFFFFF,
FFFFFF,
FFFFFF,
FFFFFF,
FFFFFF,
FFFFFF,
FFFFFF,
FFFFFF,
FFFFFF,
00FFFF,
FFFFFF,
FFFFFF,
FFFFFF,
FFFFFF,
FFFFFF,
FFFFFF,
FFFFFF,
FFFFFF,
FFFFFF,
FFFFFF,
FFFFFF,
FFFFFF,
FFFFFF,
FFFFFF,
FFFFFF,
FFFFFF,
FFFFFF,
FFFFFF,
FFFFFF,
FF00FF,
FFFFFF,
FFFF00,
FFFFFF,
FFFFFF,
FFFFFF,
FFFF00,
00FFFF,
FFFFFF,
FFFFFF,
FFFFFF,
FFFFFF,
FFFFFF,
FFFFFF,
FFFFFF,
FFFFFF,
FF00FF,
FFFFFF,
FFFFFF,
FFFFFF,
00FFFF,
FFFFFF,
FFFFFF,
FFFFFF,
FFFFFF,
FFFFFF,
FFFFFF,
FFFFFF,
FFFFFF,
FFFFFF,
FFFFFF,
FFFFFF,
FFFFFF,
FF00FF,
FFFFFF,
FFFFFF,
FFFFFF,
FFFFFF,
FFFFFF,
FFFFFF,
FFFFFF,
FFFFFF,
FFFFFF,
FFFFFF,
FFFFFF,
FFFF00,
FFFFFF,
FFFFFF,
FFFFFF,
FFFFFF,
FFFFFF,
FFFFFF,
FFFFFF,
FFFFFF,
FFFFFF,
FFFFFF,
FFFFFF,
FFFFFF,
FFFFFF,
FFFFFF,
FFFFFF,
FFFFFF,
FFFFFF,
FFFFFF,
FFFFFF,
FFFFFF,
FFFFFF,
FFFFFF,
FFFF00,
FFFFFF,
FFFFFF,
FFFFFF,
FFFFFF,
FFFFFF,
FFFFFF,
FFFFFF,
FFFFFF,
FFFFFF,
FFFFFF,
FFFFFF,
FFFFFF,
FFFFFF,
FFFFFF,
FFFFFF,
FFFFFF,
FFFFFF,
FF00FF,
FFFFFF,
FFFFFF,
FFFFFF,
FFFFFF,
FFFFFF,
FFFFFF,
FFFFFF,
FFFFFF,
FFFFFF,
FFFFFF,
FFFFFF,
FFFFFF,
FFFFFF,
FFFFFF,
FFFFFF,
FFFFFF,
FFFFFF,
FFFFFF,
FFFFFF,
FFFFFF,
FFFFFF,
FFFFFF,
FFFFFF,
FF00FF,
FFFFFF,
FFFFFF,
FF00FF,
FFFFFF,
FFFFFF,
00FFFF,
FFFFFF,
FFFFFF,
FFFFFF,
FFFFFF,
FFFFFF,
FFFFFF,
FFFFFF,
FFFFFF,
FF00FF,
FFFFFF,
FFFF00,
FFFFFF,
FFFFFF,
FFFFFF,
FFFFFF,
FFFFFF,
FFFFFF,
FFFFFF,
FFFFFF,
FFFFFF,
FFFFFF,
FFFFFF,
FFFFFF,
FFFFFF,
00FFFF,
FFFFFF,
FFFFFF,
FFFFFF,
FFFFFF,
FFFFFF,
FFFFFF,
FFFFFF,
FFFFFF,
FFFFFF,
FFFFFF,
FFFFFF,
FFFFFF,
FFFFFF,
FFFFFF,
FFFFFF,
FFFFFF,
FFFFFF,
FFFFFF,
00FFFF,
FFFFFF,
FFFFFF,
FFFFFF,
FFFFFF,
FFFFFF,
FFFFFF,
FFFFFF,
FFFF00,
FFFFFF,
FFFFFF,
FFFFFF,
FFFFFF,
FFFFFF,
FFFFFF,
FFFFFF,
FFFFFF,
FFFFFF,
FFFFFF,
FFFFFF,
FFFFFF,
FFFFFF,
FFFFFF,
FFFFFF,
FFFFFF,
FFFFFF,
FFFFFF,
FFFFFF,
FFFFFF,
FFFFFF,
FFFFFF,
FFFFFF,
FFFFFF,
FFFFFF,
FFFFFF,
FFFFFF,
FFFFFF,
FFFFFF,
FFFFFF,
FFFFFF,
FFFFFF,
FFFFFF,
FFFFFF,
FFFFFF,
FFFFFF,
FFFFFF,
FFFFFF,
FFFFFF,
FFFFFF,
FFFFFF,
FFFFFF,
FFFFFF,
FFFFFF,
FFFFFF,
FFFFFF,
FFFFFF,
FFFFFF,
FFFFFF,
FFFFFF,
FFFFFF,
FFFFFF,
FFFFFF,
FFFFFF,
FFFFFF,
FFFFFF,
FFFFFF,
FFFFFF,
FFFFFF,
FFFFFF,
FFFFFF,
FFFFFF,
FFFFFF,
FFFFFF,
FFFFFF,
FFFFFF,
FFFF00,
FFFFFF,
FFFFFF,
FFFFFF,
FFFFFF,
FFFFFF,
FFFFFF,
FFFFFF,
FFFFFF,
FFFFFF,
00FFFF,
FFFFFF,
FFFFFF,
FFFFFF,
FFFFFF,
FFFFFF,
FFFFFF,
FFFFFF,
FFFFFF,
FFFFFF,
00FFFF,
FFFFFF,
FFFFFF,
FFFFFF,
FFFFFF,
FFFFFF,
FFFFFF,
FFFFFF,
FFFFFF,
FFFFFF,
FFFFFF,
FFFFFF,
FFFFFF,
FFFFFF,
FF00FF,
FFFFFF,
FF00FF,
FFFFFF,
FFFFFF,
FFFFFF,
FFFFFF,
FFFFFF,
FFFFFF,
FFFFFF,
FFFFFF,
FFFFFF,
FFFFFF,
00FFFF,
FFFFFF,
FFFFFF,
FFFFFF,
FFFFFF,
FFFFFF,
FFFFFF,
FFFFFF,
FFFFFF,
FFFFFF,
FFFFFF,
FFFFFF,
FFFFFF,
FFFFFF,
FFFFFF,
FFFFFF,
FFFFFF,
FFFFFF,
FFFFFF,
FFFFFF,
FFFFFF,
FFFFFF,
FFFFFF,
FFFFFF,
FFFFFF,
FFFFFF,
FFFFFF,
FFFFFF,
FFFFFF,
FFFFFF,
FFFFFF,
FFFFFF,
FFFFFF,
FFFFFF,
FFFFFF,
FFFFFF,
FFFFFF,
FFFFFF,
FFFFFF,
FFFFFF,
FFFFFF,
FFFFFF,
FFFFFF,
FFFFFF,
FFFFFF,
FFFFFF,
FFFFFF,
FFFFFF,
FFFFFF,
FFFFFF,
FFFFFF,
FFFFFF,
FFFFFF,
FFFFFF,
FFFFFF,
FFFFFF,
FFFFFF,
FFFFFF,
FFFFFF,
FFFFFF,
FFFFFF,
FFFFFF,
FFFFFF,
FFFFFF,
FFFFFF,
FFFFFF,
FFFFFF,
FFFFFF,
FFFFFF,
FFFFFF,
FFFFFF,
FF00FF,
FFFFFF,
FFFFFF,
FFFFFF,
FFFF00,
FFFFFF,
FFFFFF,
FFFFFF,
FFFFFF,
FFFFFF,
FFFFFF,
FFFFFF,
FFFFFF,
FFFFFF,
FFFFFF,
FFFFFF,
FFFFFF,
FFFFFF,
FFFFFF,
FFFFFF,
FFFFFF,
FFFFFF,
FFFFFF,
FFFFFF,
FFFFFF,
FFFFFF,
FFFFFF,
FFFFFF,
00FFFF,
FFFFFF,
FFFFFF,
FFFFFF,
FFFFFF,
FFFFFF,
FFFFFF,
FFFFFF,
00FFFF,
FFFFFF,
FFFFFF,
FFFFFF,
FFFFFF,
FFFFFF,
FFFFFF,
FFFFFF,
FFFFFF,
FFFFFF,
FFFFFF,
FF00FF,
FFFFFF,
FFFFFF,
FFFFFF,
FFFFFF,
FFFFFF,
FFFFFF,
FFFFFF,
FFFFFF,
FFFFFF,
FFFFFF,
FFFFFF,
FFFFFF,
FFFFFF,
FFFFFF,
FFFFFF,
FFFFFF,
FFFFFF,
FFFF00,
FFFFFF,
FFFFFF,
FFFFFF,
FFFFFF,
FFFFFF,
FFFFFF,
FFFFFF,
FFFFFF,
FFFFFF,
FFFFFF,
FFFFFF,
FFFFFF,
FFFFFF,
FFFFFF,
FFFFFF,
FF00FF,
FFFFFF,
FFFFFF,
FFFFFF,
FFFFFF,
FFFFFF,
FFFFFF,
FFFFFF,
FFFFFF,
FFFFFF,
FFFFFF,
00FFFF,
FFFFFF,
FFFFFF,
FFFFFF,
FFFFFF,
FFFFFF,
FFFFFF,
FFFFFF,
FFFFFF,
FFFFFF,
FF00FF,
FFFFFF,
FFFFFF,
FFFFFF,
FFFFFF,
FFFFFF,
FFFFFF,
00FFFF,
FFFFFF,
FFFFFF,
FFFFFF,
FFFFFF,
FFFFFF,
FFFFFF,
FFFFFF,
FFFFFF,
FFFFFF,
FFFFFF,
FFFFFF,
FFFFFF,
FFFFFF,
FFFFFF,
FFFFFF,
FFFFFF,
FFFFFF,
FFFFFF,
FFFFFF,
FFFFFF,
FFFF00,
FFFFFF,
FFFFFF,
FFFFFF,
FFFFFF,
FFFFFF,
FFFFFF,
FFFFFF,
FF00FF,
FFFFFF,
FFFFFF,
FFFFFF,
FFFFFF,
FFFFFF,
FFFFFF,
FFFFFF,
FFFFFF,
FFFFFF,
FFFFFF,
FFFFFF,
FFFFFF,
FFFFFF,
FFFFFF,
FFFFFF,
FFFFFF,
00FFFF,
FFFFFF,
FFFFFF,
FFFFFF,
FFFFFF,
FFFFFF,
FFFF00,
FFFFFF,
FFFFFF,
FFFFFF,
FFFFFF,
FFFFFF,
FFFFFF,
FFFFFF,
FFFFFF,
FFFFFF,
FFFFFF,
FFFF00,
FFFFFF,
FFFFFF,
FFFFFF,
FFFFFF,
FFFFFF,
FFFFFF,
FFFFFF,
FFFFFF,
FFFFFF,
FFFFFF,
FFFFFF,
FFFFFF,
FFFFFF,
FFFFFF,
FFFFFF,
FFFFFF,
FFFFFF,
FFFFFF,
00FFFF,
FFFFFF,
FFFFFF,
00FFFF,
FFFFFF,
FFFFFF,
FFFFFF,
FFFFFF,
FFFFFF,
00FFFF,
FFFFFF,
FFFFFF,
FFFFFF,
FF00FF,
FFFFFF,
FFFFFF,
FFFFFF,
FFFFFF,
FFFFFF,
FFFFFF,
FFFFFF,
FFFFFF,
FFFFFF,
FFFFFF,
FFFFFF,
FFFFFF,
FFFFFF,
FFFFFF,
FFFFFF,
FFFFFF,
FFFFFF,
FFFFFF,
FFFFFF,
FFFFFF,
FFFFFF,
FFFFFF,
FFFFFF,
FFFFFF,
FFFFFF,
FFFFFF,
FFFFFF,
00FFFF,
FFFFFF,
00FFFF,
FFFFFF,
FFFFFF,
FFFFFF,
FFFFFF,
FFFFFF,
FFFFFF,
FFFFFF,
FFFFFF,
FF00FF,
FFFFFF,
FFFFFF,
FFFFFF,
FFFFFF,
FFFFFF,
FFFFFF,
FFFF00,
FFFFFF,
FFFFFF,
FFFFFF,
FFFFFF,
FFFFFF,
FFFFFF,
FFFFFF,
FFFFFF,
FFFFFF,
FFFFFF,
FFFFFF,
FFFFFF,
FFFFFF,
FFFFFF,
FFFFFF,
FFFFFF,
FFFFFF,
FFFFFF,
FFFFFF,
FFFFFF,
00FFFF,
FFFFFF,
FFFFFF,
FFFFFF,
FFFFFF,
FFFFFF,
FFFFFF,
FFFFFF,
FFFFFF,
FFFFFF,
FFFFFF,
FFFFFF,
FFFFFF,
FFFFFF,
FFFFFF,
FFFFFF,
FFFFFF,
FFFFFF,
FFFFFF,
FFFFFF,
FFFF00,
FF00FF,
FFFFFF,
FFFFFF,
FFFFFF,
FFFFFF,
FFFFFF,
FFFF00,
FFFFFF,
FFFFFF,
FFFFFF,
FFFFFF,
FFFFFF,
FFFFFF,
FFFFFF,
FFFFFF,
FFFFFF,
FFFFFF,
FFFFFF,
FFFFFF,
FFFFFF,
FFFFFF,
FFFFFF,
FFFFFF,
FFFFFF,
FFFFFF,
FFFFFF,
FFFFFF,
FFFFFF,
FFFFFF,
FFFFFF,
FFFFFF,
FFFFFF,
FFFFFF,
FFFFFF,
FFFFFF,
FFFFFF,
FFFFFF,
FFFFFF,
FFFFFF,
FFFFFF,
FFFFFF,
FFFFFF,
FFFFFF,
FFFFFF,
FFFFFF,
FFFFFF,
FFFFFF,
FFFFFF,
FFFFFF,
FFFFFF,
FFFFFF,
FFFFFF,
FFFFFF,
FFFFFF,
FFFFFF,
FFFFFF,
FFFFFF,
FFFFFF,
FFFFFF,
FFFF00,
FFFFFF,
FFFFFF,
FFFFFF,
FFFFFF,
FFFFFF,
FFFFFF,
FFFFFF,
FFFFFF,
FFFFFF,
FFFFFF,
FFFFFF,
FFFFFF,
FFFFFF,
FFFFFF,
FFFFFF,
FFFFFF,
FFFFFF,
FFFFFF,
FFFFFF,
FFFFFF,
FFFFFF,
FFFFFF,
FFFFFF,
FFFFFF,
FFFFFF,
FFFFFF,
FFFFFF,
FFFFFF,
FFFFFF,
FFFFFF,
FFFFFF,
FFFFFF,
FFFFFF,
FFFFFF,
FFFFFF,
FFFFFF,
FFFFFF,
FFFFFF,
FFFFFF,
FFFFFF,
FFFFFF,
FFFFFF,
FFFFFF,
FFFFFF,
FFFFFF,
FFFFFF,
FFFFFF,
FFFFFF,
FFFF00,
FFFFFF,
FFFFFF,
FFFFFF,
FFFFFF,
00FFFF,
FFFFFF,
FFFF00,
FFFFFF,
FF00FF,
FFFFFF,
FFFFFF,
FF00FF,
FFFFFF,
FFFFFF,
FFFFFF,
FFFFFF,
FFFFFF,
FFFFFF,
FFFFFF,
FFFFFF,
FFFFFF,
FFFFFF,
FFFFFF,
FFFFFF,
FFFFFF,
FFFFFF,
FFFFFF,
FFFFFF,
FFFFFF,
FFFFFF,
FFFFFF,
FFFFFF,
FFFFFF,
FFFFFF,
FFFFFF,
FFFFFF,
FFFFFF,
FFFFFF,
FFFFFF,
FFFFFF,
FF00FF,
FFFFFF,
FFFFFF,
FFFFFF,
FFFFFF,
FFFFFF,
FFFFFF,
FF00FF,
FFFFFF,
FFFFFF,
FFFFFF,
FFFFFF,
FFFFFF,
FFFFFF,
FFFFFF,
FFFFFF,
FFFFFF,
FFFFFF,
FFFFFF,
FFFFFF,
FFFFFF,
FFFFFF,
FFFFFF,
FFFFFF,
FFFFFF,
FFFFFF,
FFFFFF,
FFFFFF,
FFFFFF,
FFFFFF,
FFFFFF,
FFFFFF,
FFFFFF,
FFFFFF,
00FFFF,
FFFFFF,
FFFFFF,
FFFFFF,
FFFFFF,
FFFFFF,
FFFFFF,
FFFFFF,
FFFFFF,
FFFFFF,
FFFFFF,
FFFFFF,
FFFFFF,
FFFFFF,
FFFFFF,
FFFFFF,
FFFFFF,
FFFFFF,
FFFFFF,
FFFFFF,
FFFFFF,
FFFFFF,
FF00FF,
FFFFFF,
FFFFFF,
FFFFFF,
FFFFFF,
FFFFFF,
FFFFFF,
FFFF00,
FFFFFF,
FFFFFF,
FFFFFF,
FFFFFF,
FFFFFF,
FF00FF,
FFFFFF,
FFFFFF,
FFFFFF,
FFFFFF,
FFFFFF,
FFFFFF,
FFFFFF,
FFFFFF,
FFFFFF,
FFFFFF,
FFFFFF,
FFFFFF,
FFFF00,
FFFFFF,
FFFFFF,
FFFFFF,
FFFFFF,
FFFFFF,
FFFFFF,
FF00FF,
FFFFFF,
FFFFFF,
FFFFFF,
FFFFFF,
FFFFFF,
FFFFFF,
FFFFFF,
FFFFFF,
FFFFFF,
FFFFFF,
FFFFFF,
FFFFFF,
FFFFFF,
FFFFFF,
FFFFFF,
FFFFFF,
FFFFFF,
FF00FF,
FFFFFF,
FFFFFF,
FFFFFF,
FFFFFF,
FFFFFF,
FFFFFF,
FFFFFF,
FFFFFF,
00FFFF,
FFFFFF,
FFFFFF,
FFFFFF,
FFFFFF,
FFFFFF,
FFFFFF,
FFFF00,
FFFFFF,
FFFFFF,
FFFFFF,
FFFFFF,
FFFFFF,
FFFFFF,
FFFFFF,
FFFFFF,
FFFFFF,
FFFF00,
FFFFFF,
FFFFFF,
FFFFFF,
FFFFFF,
FFFFFF,
FFFFFF,
FFFFFF,
FFFFFF,
FFFFFF,
FFFFFF,
FFFFFF,
FFFFFF,
FFFFFF,
FF00FF,
FFFFFF,
FFFFFF,
FFFFFF,
FFFFFF,
00FFFF,
FFFFFF,
FFFFFF,
FFFFFF,
FFFFFF,
FFFFFF,
FFFFFF,
FFFFFF,
FFFFFF,
FFFFFF,
FFFFFF,
FFFFFF,
FFFFFF,
FFFFFF,
FFFFFF,
FFFFFF,
FFFFFF,
FFFFFF,
FFFFFF,
FFFFFF,
FFFFFF,
FFFFFF,
FFFFFF,
FFFFFF,
FFFFFF,
FFFFFF,
FFFFFF,
FFFF00,
FFFF00,
FFFFFF,
FFFFFF,
FFFFFF,
FFFFFF,
FFFFFF,
FFFFFF,
FFFFFF,
FFFFFF,
FFFFFF,
FFFFFF,
FFFF00,
FFFFFF,
FFFFFF,
FFFFFF,
FFFFFF,
FFFFFF,
FFFFFF,
FFFF00,
FFFFFF,
FFFFFF,
FFFF00,
FFFFFF,
FFFFFF,
FFFFFF,
FFFFFF,
FFFFFF,
FFFFFF,
FFFFFF,
FFFFFF,
00FFFF,
FFFFFF,
FFFFFF,
FFFFFF,
FFFFFF,
FFFFFF,
FFFFFF,
FFFFFF,
FFFFFF,
FFFFFF,
FFFFFF,
FFFFFF,
FF00FF,
FFFFFF,
FFFFFF,
FFFFFF,
FFFFFF,
FFFFFF,
FFFFFF,
FFFFFF,
FFFFFF,
FFFFFF,
FFFFFF,
FFFFFF,
FFFFFF,
FFFFFF,
FFFFFF,
FFFFFF,
FFFFFF,
FFFFFF,
FFFFFF,
FFFFFF,
FFFFFF,
FFFFFF,
FFFFFF,
FFFFFF,
FFFFFF,
FFFFFF,
FFFFFF,
FFFFFF,
FFFFFF,
FFFFFF,
FFFFFF,
FFFFFF,
FFFFFF,
FFFFFF,
FFFFFF,
FFFFFF,
FFFFFF,
FFFFFF,
FFFFFF,
FFFFFF,
FFFFFF,
FFFFFF,
FFFFFF,
FFFFFF,
FFFFFF,
FFFFFF,
FFFFFF,
FFFFFF,
FEFEFE,
FEFEFE,
FEFEFE,
00FEFE,
FFFFFF,
FFFFFF,
FFFFFF,
FFFFFF,
FFFFFF,
FFFFFF,
FFFFFF,
FFFF00,
FFFFFF,
FFFFFF,
FFFFFF,
FFFFFF,
FFFFFF,
FFFFFF,
FFFFFF,
FFFFFF,
FFFFFF,
00FFFF,
FFFFFF,
FFFFFF,
FFFFFF,
00FFFF,
FFFFFF,
FFFFFF,
FFFFFF,
FFFFFF,
FF00FF,
FFFFFF,
FFFFFF,
FFFFFF,
FFFFFF,
FFFFFF,
FFFFFF,
FFFFFF,
FFFFFF,
FFFFFF,
FFFFFF,
FFFFFF,
FFFFFF,
FF00FF,
FFFFFF,
FFFFFF,
FFFFFF,
FFFFFF,
FF00FF,
FFFFFF,
FFFFFF,
FFFFFF,
FFFFFF,
FFFFFF,
FFFFFF,
FFFF00,
FFFFFF,
FFFFFF,
FFFFFF,
FFFFFF,
FFFFFF,
FFFFFF,
FFFFFF,
FFFFFF,
FFFFFF,
FFFFFF,
FFFFFF,
FFFFFF,
FFFFFF,
FFFFFF,
FFFFFF,
FFFFFF,
FFFFFF,
FFFFFF,
FFFFFF,
FFFFFF,
FFFFFF,
FEFEFE,
FEFEFE,
FEFEFE,
FEFEFE,
00FFFF,
FFFFFF,
FFFFFF,
FFFFFF,
00FFFF,
FFFFFF,
FFFFFF,
FFFFFF,
FFFFFF,
FF00FF,
FFFFFF,
FFFFFF,
FFFFFF,
FFFFFF,
FFFFFF,
FFFFFF,
FFFFFF,
FFFFFF,
FFFFFF,
FFFFFF,
FFFFFF,
FFFFFF,
FFFFFF,
FFFFFF,
FFFFFF,
FFFFFF,
00FFFF,
FF00FF,
FFFFFF,
FFFFFF,
FFFFFF,
FFFFFF,
00FFFF,
FFFF00,
FFFFFF,
FFFFFF,
FFFFFF,
FFFFFF,
FFFFFF,
FFFFFF,
FFFFFF,
FFFFFF,
FFFFFF,
FFFFFF,
FFFFFF,
FFFFFF,
FFFFFF,
FFFFFF,
FFFFFF,
FFFFFF,
FFFFFF,
FFFFFF,
00FFFF,
FFFFFF,
FFFFFF,
FFFFFF,
FFFFFF,
FFFFFF,
FFFFFF,
FFFFFF,
FFFFFF,
FFFFFF,
FFFFFF,
FFFFFF,
FFFFFF,
FFFF00,
FFFFFF,
FFFFFF,
FFFFFF,
FFFFFF,
FFFFFF,
FFFFFF,
FEFEFE,
FEFEFE,
FEFEFE,
FEFEFE,
FFFFFF,
FFFFFF,
FFFFFF,
FFFFFF,
FFFFFF,
FFFFFF,
FFFFFF,
FFFFFF,
FFFFFF,
FFFFFF,
FFFFFF,
FFFFFF,
FEFE00,
FEFEFE,
FFFFFF,
FF00FF,
FFFFFF,
FFFFFF,
FFFFFF,
FFFFFF,
FFFFFF,
FFFFFF,
FFFFFF,
FFFFFF,
FF00FF,
FFFFFF,
FFFFFF,
FFFFFF,
FFFFFF,
FFFFFF,
FFFFFF,
FFFFFF,
FFFFFF,
FFFFFF,
FFFFFF,
FFFFFF,
FFFFFF,
FFFFFF,
FFFFFF,
FFFFFF,
FFFFFF,
FFFFFF,
FFFFFF,
FFFFFF,
00FFFF,
FFFFFF,
FF00FF,
FFFFFF,
FFFF00,
FFFFFF,
FFFFFF,
FFFFFF,
FFFFFF,
FFFFFF,
FFFFFF,
FFFFFF,
FFFFFF,
FFFFFF,
FFFFFF,
FFFFFF,
FFFFFF,
FFFFFF,
FFFFFF,
FFFFFF,
FFFFFF,
FFFFFF,
FFFFFF,
FFFFFF,
FFFFFF,
FFFFFF,
FFFFFF,
FFFFFF,
FFFFFF,
FFFFFF,
FFFFFF,
FFFFFF,
FFFFFF,
FFFFFF,
FFFFFF,
FFFFFF,
FFFFFF,
FFFFFF,
FFFFFF,
FFFFFF,
FFFF00,
FFFFFF,
00FFFF,
FFFFFF,
FF00FF,
FFFFFF,
FFFFFF,
FFFFFF,
FFFFFF,
FFFFFF,
FFFFFF,
FFFFFF,
FFFFFF,
FFFFFF,
FFFFFF,
FEFEFE,
FEFEFE,
FEFEFE,
FEFEFE,
FFFFFF,
FFFFFF,
FFFFFF,
FFFFFF,
FFFFFF,
00FFFF,
FFFFFF,
FFFFFF,
FFFFFF,
FFFFFF,
FFFFFF,
FFFFFF,
FFFFFF,
FFFFFF,
FFFFFF,
FFFFFF,
FFFFFF,
FFFFFF,
00FFFF,
00FFFF,
FFFFFF,
FFFFFF,
FFFFFF,
FFFFFF,
FFFFFF,
FFFFFF,
FFFFFF,
FFFFFF,
FFFFFF,
FFFF00,
FFFFFF,
FFFFFF,
FFFFFF,
FFFFFF,
FFFFFF,
FFFFFF,
FFFFFF,
FFFFFF,
FFFFFF,
FFFFFF,
FFFFFF,
FFFFFF,
FFFFFF,
FFFFFF,
FF00FF,
FFFFFF,
FFFFFF,
FFFFFF,
FFFFFF,
FFFFFF,
FFFFFF,
FFFFFF,
FFFFFF,
FFFFFF,
FFFFFF,
FFFFFF,
FFFFFF,
FFFFFF,
FFFFFF,
FFFFFF,
FFFFFF,
FFFFFF,
FFFFFF,
FFFFFF,
FFFFFF,
FFFFFF,
FFFFFF,
FFFFFF,
FFFFFF,
FFFFFF,
FFFFFF,
FFFFFF,
FFFFFF,
FE00FE,
FEFEFE,
FEFEFF,
FEFEFE,
FFFFFF,
FFFFFF,
FFFFFF,
00FFFF,
FFFFFF,
FFFFFF,
FFFFFF,
FFFFFF,
FFFFFF,
FFFFFF,
00FFFF,
FFFFFF,
FFFFFF,
FFFF00,
FFFFFF,
FFFFFF,
FFFFFF,
FFFFFF,
FF00FF,
FFFFFF,
FFFFFF,
FFFFFF,
FFFFFF,
FFFFFF,
FFFFFF,
FFFFFF,
FFFFFF,
FFFFFF,
FFFFFF,
FFFFFF,
FFFFFF,
FFFFFF,
FFFFFF,
FFFFFF,
FFFFFF,
FFFFFF,
FFFFFF,
FFFFFF,
FFFFFF,
FFFFFF,
FFFFFF,
FFFFFF,
FFFFFF,
FFFFFF,
FFFFFF,
FFFFFF,
FFFFFF,
FF00FF,
FFFFFF,
FFFFFF,
FFFFFF,
FFFFFF,
FFFFFF,
FFFFFF,
FFFFFF,
FFFFFF,
FFFFFF,
FFFFFF,
FFFFFF,
00FFFF,
FFFFFF,
FFFFFF,
FFFFFF,
FFFFFF,
FFFFFF,
FFFFFF,
FFFFFF,
FFFFFF,
FFFFFF,
FFFFFF,
FFFFFF,
FFFFFF,
FEFEFE,
FEFEFE,
FEFEFE,
FEFE00,
FFFFFF,
FFFFFF,
FFFFFF,
FFFFFF,
FFFFFF,
FFFFFF,
FFFFFF,
FFFFFF,
FFFFFF,
FFFFFF,
0000FF,
FFFFFF,
FEFEFE,
FEFEFE,
FFFF00,
FFFFFF,
FFFFFF,
FFFFFF,
FFFFFF,
FFFFFF,
FFFFFF,
FFFFFF,
FFFF00,
FFFFFF,
FF00FF,
FFFF00,
FFFFFF,
FFFFFF,
FFFFFF,
00FFFF,
FFFFFF,
FFFFFF,
FFFFFF,
FFFFFF,
FFFFFF,
FFFFFF,
FFFFFF,
FFFFFF,
FFFFFF,
FFFFFF,
FFFFFF,
FFFFFF,
FFFFFF,
FFFFFF,
FFFFFF,
FFFFFF,
FFFFFF,
FFFFFF,
FFFFFF,
FFFFFF,
FFFFFF,
FFFFFF,
FFFFFF,
FFFFFF,
FFFFFF,
FF0000,
FFFFFF,
FFFFFF,
FFFFFF,
00FFFF,
FFFFFF,
FFFFFF,
FFFFFF,
FFFFFF,
FFFFFF,
FFFFFF,
FFFFFF,
FFFFFF,
FFFFFF,
FFFFFF,
FFFFFF,
FFFFFF,
FFFFFF,
FFFFFF,
FFFFFF,
FFFFFF,
FFFFFF,
00FFFF,
FFFFFF,
FFFFFF,
FFFFFF,
FFFFFF,
FFFF00,
FFFFFF,
FFFFFF,
FFFFFF,
00FFFF,
FFFFFF,
FFFFFF,
FFFFFF,
FFFFFF,
FFFFFF,
FFFFFF,
FFFFFF,
FFFFFF,
FFFFFF,
FFFFFF,
FFFFFF,
FFFFFF,
FEFEFE,
FEFEFE,
FEFEFE,
FEFEFE,
FFFFFF,
FFFFFF,
FFFFFF,
FFFFFF,
FFFFFF,
FFFFFF,
FFFFFF,
FFFFFF,
FFFFFF,
00FFFF,
FFFFFF,
FFFFFF,
FFFFFF,
FFFFFF,
FFFFFF,
00FFFF,
FFFFFF,
FFFFFF,
FFFFFF,
FFFFFF,
FFFFFF,
FFFFFF,
FFFFFF,
FFFFFF,
FFFFFF,
FFFFFF,
FFFFFF,
00FFFF,
00FFFF,
FFFFFF,
FFFFFF,
FFFFFF,
FFFFFF,
FFFFFF,
FFFFFF,
FFFFFF,
FFFFFF,
FFFFFF,
FFFFFF,
FFFFFF,
FFFFFF,
FFFFFF,
FFFFFF,
FFFFFF,
FF00FF,
FFFFFF,
FFFFFF,
FFFFFF,
FFFFFF,
FFFFFF,
FFFFFF,
FFFFFF,
FFFFFF,
FFFFFF,
FFFFFF,
FFFFFF,
FFFFFF,
FFFFFF,
FFFFFF,
FFFFFF,
FFFFFF,
FFFFFF,
FFFFFF,
FFFFFF,
FFFFFF,
FFFFFF,
FFFFFF,
FFFFFF,
FFFFFF,
FFFFFF,
FFFFFF,
FFFFFF,
FFFFFF,
00FEFE,
FEFEFE,
FEFEFE,
FEFEFE,
FFFFFF,
FFFF00,
FFFFFF,
FFFFFF,
FFFFFF,
FFFFFF,
FFFFFF,
FFFFFF,
FFFFFF,
FFFFFF,
FFFFFF,
FFFFFF,
FFFFFF,
FFFFFF,
FFFF00,
FFFFFF,
FFFFFF,
FFFFFF,
FFFFFF,
FFFFFF,
FFFFFF,
FFFFFF,
FFFFFF,
FFFFFF,
FFFFFF,
FFFFFF,
FFFFFF,
FFFFFF,
FFFFFF,
FFFFFF,
FFFFFF,
FFFFFF,
FFFFFF,
FFFFFF,
FFFFFF,
FFFFFF,
FFFFFF,
FFFFFF,
FFFFFF,
FFFFFF,
FFFFFF,
FFFFFF,
FFFFFF,
FFFFFF,
FFFFFF,
FFFFFF,
FFFFFF,
FFFFFF,
FFFFFF,
FFFFFF,
FFFFFF,
FFFFFF,
FFFFFF,
FFFFFF,
FF00FF,
FFFFFF,
FFFFFF,
FFFFFF,
FFFFFF,
FFFFFF,
FFFFFF,
FFFFFF,
FF00FF,
FF00FF,
FFFFFF,
FFFFFF,
FFFFFF,
00FFFF,
FFFFFF,
FFFFFF,
FFFFFF,
FFFFFF,
FEFEFF,
FEFEFE,
FEFEFE,
FEFEFE,
FFFFFF,
FFFFFF,
FFFFFF,
FFFFFF,
FFFFFF,
FFFFFF,
FFFFFF,
FFFFFF,
FFFFFF,
FFFFFF,
FFFFFF,
FFFFFF,
FEFE00,
FEFEFE,
FFFFFF,
FFFF00,
FFFFFF,
FFFFFF,
FFFFFF,
FFFFFF,
FF00FF,
FFFFFF,
FFFFFF,
FFFFFF,
00FFFF,
FFFFFF,
FFFFFF,
FFFFFF,
FFFFFF,
FFFFFF,
FFFFFF,
FF00FF,
FFFFFF,
FFFFFF,
FFFFFF,
FFFFFF,
FFFFFF,
FFFFFF,
FFFFFF,
FFFFFF,
FFFFFF,
FFFFFF,
FFFFFF,
00FFFF,
FFFFFF,
FF00FF,
FFFFFF,
0000FF,
FFFFFF,
FFFFFF,
FFFFFF,
FFFFFF,
00FFFF,
FFFFFF,
FFFFFF,
FFFFFF,
FFFFFF,
FFFFFF,
FFFFFF,
FFFFFF,
FFFFFF,
FFFFFF,
FFFFFF,
FFFFFF,
FFFFFF,
FFFFFF,
FFFFFF,
FFFFFF,
FFFFFF,
FFFFFF,
FFFFFF,
FFFFFF,
FFFFFF,
FFFFFF,
FFFFFF,
FFFFFF,
FFFFFF,
FFFFFF,
FFFFFF,
FFFFFF,
FFFFFF,
FFFFFF,
FFFFFF,
FFFFFF,
00FFFF,
FFFFFF,
FFFFFF,
FFFFFF,
FFFFFF,
FFFFFF,
FFFFFF,
FFFFFF,
FFFFFF,
FFFFFF,
FFFFFF,
FFFFFF,
FFFFFF,
FFFFFF,
FFFFFF,
FEFEFE,
FEFEFE,
FFFEFE,
FEFEFE,
FFFFFF,
FFFFFF,
FFFFFF,
FFFFFF,
FFFFFF,
FFFFFF,
FFFFFF,
FF0000,
FFFFFF,
FFFFFF,
FFFFFF,
00FFFF,
FFFFFF,
FFFFFF,
FFFFFF,
FFFFFF,
FFFFFF,
FFFFFF,
FFFFFF,
FFFFFF,
FFFFFF,
FFFFFF,
FFFFFF,
FFFFFF,
FFFFFF,
FFFFFF,
FFFFFF,
FFFFFF,
FFFFFF,
FFFFFF,
FFFFFF,
FFFFFF,
FFFFFF,
FFFFFF,
FFFFFF,
FFFF00,
FFFFFF,
FFFFFF,
FFFFFF,
FFFFFF,
FFFFFF,
FFFFFF,
FFFFFF,
FFFFFF,
FFFFFF,
FFFFFF,
FFFFFF,
FFFFFF,
FFFFFF,
FFFFFF,
FFFFFF,
FFFFFF,
FFFFFF,
FF00FF,
FFFFFF,
FFFFFF,
FFFFFF,
FFFFFF,
FFFFFF,
FFFFFF,
FFFFFF,
FFFFFF,
FFFFFF,
FFFFFF,
FFFFFF,
FFFFFF,
FFFFFF,
FFFFFF,
FFFFFF,
FFFFFF,
FFFFFF,
FFFFFF,
00FFFF,
FEFEFE,
FEFEFE,
FEFEFE,
FEFEFE,
FFFFFF,
FFFFFF,
FFFFFF,
FFFFFF,
FFFFFF,
FFFFFF,
FFFFFF,
FFFFFF,
FFFFFF,
FFFFFF,
FFFFFF,
FFFFFF,
FFFFFF,
FFFFFF,
FFFFFF,
FFFFFF,
FFFFFF,
FFFFFF,
FFFFFF,
FFFFFF,
FFFFFF,
FFFFFF,
FFFFFF,
FFFFFF,
FFFFFF,
FFFFFF,
FFFFFF,
FFFFFF,
FFFFFF,
FFFFFF,
FFFFFF,
FFFFFF,
FFFFFF,
FFFFFF,
FFFFFF,
FFFFFF,
FFFFFF,
FFFFFF,
FFFFFF,
FFFFFF,
FFFFFF,
FFFFFF,
FFFFFF,
FFFFFF,
FF00FF,
FFFFFF,
FFFFFF,
FFFFFF,
FFFFFF,
FFFFFF,
FFFFFF,
FFFFFF,
FFFFFF,
FFFFFF,
FFFFFF,
FFFFFF,
FFFFFF,
00FFFF,
FFFFFF,
FFFFFF,
FFFFFF,
FFFFFF,
FFFFFF,
FFFFFF,
FFFFFF,
FFFFFF,
FFFF00,
FFFFFF,
FFFFFF,
FFFFFF,
FFFFFF,
FFFFFF,
00FEFE,
FEFEFF,
FEFEFE,
FEFEFE,
FFFFFF,
FFFFFF,
FFFFFF,
FFFFFF,
00FFFF,
FFFFFF,
FFFFFF,
FFFFFF,
FFFFFF,
FFFFFF,
FFFFFF,
FFFFFF,
FEFEFE,
FEFEFE,
FFFFFF,
FFFFFF,
FFFFFF,
FFFFFF,
FF00FF,
FFFFFF,
FFFFFF,
FFFFFF,
FFFFFF,
FFFFFF,
FFFFFF,
FFFFFF,
FFFFFF,
FFFFFF,
FFFFFF,
FFFFFF,
FFFFFF,
FFFFFF,
FFFFFF,
FFFFFF,
FFFFFF,
FFFFFF,
FFFFFF,
FFFFFF,
FFFFFF,
FFFF00,
FFFFFF,
FFFFFF,
FFFFFF,
FFFFFF,
FFFFFF,
FFFFFF,
FFFFFF,
FFFFFF,
FFFFFF,
FFFFFF,
FFFFFF,
FFFFFF,
FFFFFF,
FFFFFF,
FFFFFF,
FFFFFF,
FFFFFF,
FFFFFF,
FFFFFF,
FFFFFF,
FFFFFF,
FFFFFF,
FFFFFF,
FFFFFF,
FFFFFF,
FFFFFF,
FFFFFF,
FFFFFF,
FFFFFF,
FFFFFF,
FFFFFF,
FFFFFF,
FFFFFF,
FFFFFF,
FFFFFF,
FFFFFF,
FFFFFF,
FFFFFF,
FFFFFF,
FFFFFF,
FF00FF,
FFFFFF,
FFFFFF,
FFFFFF,
FFFFFF,
FFFFFF,
FFFFFF,
FFFFFF,
FFFFFF,
FFFFFF,
FFFFFF,
FFFFFF,
FFFFFF,
FFFFFF,
FFFFFF,
FFFFFF,
FFFFFF,
FFFFFF,
FFFFFF,
FEFEFE,
FEFEFE,
FEFEFE,
FEFEFE,
FFFFFF,
FFFFFF,
00FFFF,
FFFFFF,
FFFFFF,
FFFFFF,
FFFFFF,
FF00FF,
FFFFFF,
FFFFFF,
FFFFFF,
FFFFFF,
FFFFFF,
FFFFFF,
FFFFFF,
FFFFFF,
FFFFFF,
FFFFFF,
FFFFFF,
FFFFFF,
00FFFF,
FFFFFF,
FFFFFF,
FFFF00,
FF00FF,
FFFFFF,
FFFFFF,
FFFFFF,
FFFFFF,
FFFFFF,
FFFFFF,
FFFFFF,
FFFFFF,
FFFFFF,
FFFFFF,
FFFFFF,
FFFFFF,
FFFFFF,
FFFFFF,
FFFFFF,
FFFFFF,
FFFFFF,
FFFFFF,
FFFFFF,
FFFFFF,
FFFFFF,
FFFFFF,
FFFFFF,
FFFFFF,
FFFFFF,
FFFFFF,
FFFFFF,
FFFFFF,
FFFFFF,
FFFFFF,
FFFFFF,
FFFFFF,
FFFF00,
FFFFFF,
FFFFFF,
FFFFFF,
FFFFFF,
FFFFFF,
FFFFFF,
FFFFFF,
FFFFFF,
FFFFFF,
FFFFFF,
FFFFFF,
FFFF00,
FF00FF,
FFFFFF,
FFFFFF,
FEFEFE,
FEFEFE,
FEFEFF,
FEFEFE,
FFFFFF,
FFFFFF,
FFFFFF,
FFFFFF,
FFFFFF,
FFFFFF,
FFFFFF,
00FFFF,
FF00FF,
FFFFFF,
FFFFFF,
FFFFFF,
FFFFFF,
FFFFFF,
FFFFFF,
FFFFFF,
FF00FF,
FFFFFF,
FFFFFF,
FF00FF,
FFFFFF,
FFFFFF,
FFFFFF,
FFFFFF,
FFFFFF,
FFFFFF,
FFFFFF,
FFFFFF,
FFFFFF,
FFFFFF,
FFFFFF,
FFFFFF,
FFFFFF,
FFFFFF,
FFFFFF,
FFFFFF,
FFFFFF,
FF00FF,
FFFFFF,
FFFFFF,
FFFFFF,
00FFFF,
FFFFFF,
FFFFFF,
FFFFFF,
FFFFFF,
FFFFFF,
FFFFFF,
FFFFFF,
FFFFFF,
FFFFFF,
FFFFFF,
FFFFFF,
FFFFFF,
FFFFFF,
FFFFFF,
FFFFFF,
FFFFFF,
FFFFFF,
FFFFFF,
FFFFFF,
FFFFFF,
FFFF00,
FFFFFF,
FFFFFF,
FFFFFF,
FFFFFF,
FFFFFF,
FFFFFF,
FFFFFF,
FFFFFF,
FFFFFF,
FEFEFE,
FEFEFE,
FEFEFE,
FEFEFE,
FFFFFF,
FFFFFF,
FFFFFF,
FFFFFF,
00FFFF,
FFFFFF,
FFFFFF,
FFFFFF,
FFFFFF,
FFFFFF,
FFFFFF,
FFFFFF,
FEFEFE,
FEFEFE,
FFFFFF,
FFFFFF,
FFFFFF,
FFFFFF,
FFFFFF,
FFFFFF,
FFFFFF,
FFFFFF,
FFFFFF,
FFFFFF,
FFFFFF,
FFFFFF,
FFFFFF,
FFFFFF,
FFFFFF,
FFFFFF,
FFFFFF,
FFFFFF,
FFFFFF,
FFFFFF,
FFFFFF,
FFFFFF,
FFFFFF,
FFFFFF,
FFFFFF,
FFFFFF,
FFFFFF,
FFFFFF,
FFFFFF,
FFFFFF,
FFFFFF,
FFFFFF,
FF00FF,
FFFFFF,
FFFFFF,
FFFFFF,
FFFFFF,
FFFFFF,
FFFFFF,
FFFFFF,
FFFFFF,
FFFFFF,
FFFFFF,
FF00FF,
FFFFFF,
FFFFFF,
FFFFFF,
FFFFFF,
FFFFFF,
00FFFF,
FFFFFF,
FFFFFF,
FFFFFF,
FFFFFF,
FFFFFF,
FFFFFF,
FFFFFF,
FFFFFF,
FFFFFF,
FFFFFF,
FFFFFF,
FFFF00,
FFFFFF,
FFFFFF,
FFFFFF,
FFFFFF,
FF00FF,
FFFFFF,
FFFFFF,
FFFFFF,
FFFFFF,
FFFFFF,
FFFFFF,
FFFFFF,
FFFFFF,
FFFFFF,
FFFFFF,
FFFFFF,
FFFFFF,
FFFFFF,
FFFFFF,
FFFFFF,
00FFFF,
FFFFFF,
FFFFFF,
FEFEFE,
FEFEFE,
FEFFFE,
00FEFE,
FFFFFF,
FFFFFF,
FFFFFF,
FFFFFF,
FFFFFF,
FFFFFF,
FFFFFF,
FFFFFF,
FFFFFF,
FFFFFF,
FFFFFF,
FFFFFF,
FFFFFF,
FFFFFF,
FFFF00,
FFFFFF,
FFFFFF,
FFFFFF,
FFFFFF,
FFFFFF,
FFFFFF,
FFFFFF,
FFFFFF,
FFFFFF,
FFFFFF,
FFFFFF,
FFFFFF,
FFFFFF,
FFFFFF,
FFFFFF,
FFFFFF,
FFFFFF,
FFFFFE,
FFFFFE,
FFFFFF,
FF00FF,
FFFFFF,
FFFEFF,
FFFEFF,
FF00FF,
FFFFFF,
FFFFFD,
FFFFFD,
FFFFFD,
FFFFFD,
FFFFFD,
FFFFFD,
FFFFFD,
FFFFFF,
FFFFFF,
FFFFFF,
FFFFFF,
FFFFFF,
FFFFFF,
FFFFFF,
FFFFFF,
FFFFFF,
FFFFFF,
FFFFFF,
FFFFFF,
FFFFFF,
FFFFFF,
FFFFFF,
FFFFFF,
FEFFFF,
FDFFFD,
FDFFFD,
FDFFFD,
FDFFFD,
FDFFFD,
FDFFFD,
FDFFFD,
FEFFFF,
FEFEFE,
FEFE00,
FEFEFE,
FEFEFE,
FFFFFF,
FFFFFF,
FFFFFF,
FFFFFF,
FFFFFD,
FFFFFF,
FFFFFD,
FFFFFD,
FF00FD,
FFFFFD,
FF00FD,
FFFFFF,
FFFFFF,
FFFFFF,
FFFFFF,
00FFFF,
FFFFFF,
FFFFFF,
FFFFFF,
FFFFFF,
FFFFFF,
FFFFFF,
FFFFFF,
FFFFFF,
FFFFFF,
FFFFFF,
FFFFFF,
FFFFFF,
FFFFFF,
FFFFFF,
FFFFFF,
FFFFFF,
FFFFFF,
FFFFFF,
FFFFFF,
FFFFFF,
FFFFFF,
FFFFFF,
FFFFFF,
FFFFFF,
FFFFFF,
FFFFFF,
FFFFFF,
FFFFFF,
FFFFFF,
FFFFFF,
FFFFFF,
FFFFFF,
FF00FF,
FFFFFF,
FFFFFF,
FFFFFF,
FFFFFF,
FFFFFF,
FFFFFF,
FFFFFF,
FFFFFF,
FFFFFF,
FFFFFF,
FFFFFF,
00FFFF,
FFFFFF,
FFFFFF,
FFFFFF,
FF00FF,
FFFFFF,
FFFFFF,
FFFFFF,
FFFFFF,
FFFFFF,
FFFFFF,
FFFFFF,
FEFEFE,
FEFEFE,
FEFEFE,
FEFEFE,
FFFFFF,
FFFFFF,
FFFFFF,
FFFFFF,
FFFFFF,
FFFFFF,
FFFFFF,
FFFFFF,
FFFFFF,
FFFFFF,
FFFFFF,
FFFFFF,
FEFEFE,
FEFEFF,
FFFFFF,
FFFFFF,
FFFFFF,
FFFFFF,
FFFFFF,
FFFFFF,
FFFFFF,
FFFFFF,
FFFFFF,
FFFFFF,
FFFF00,
FFFFFF,
FFFFFF,
FFFFFF,
FFFFFF,
FFFFFF,
FFFFFF,
FFFFFF,
FF00FF,
FFFFFF,
FFFFFF,
FFFFFF,
FFFFFF,
FFFFFF,
FFFFFF,
FFFFFF,
FFFFFF,
FFFFFF,
FFFFFF,
FFFFFF,
FFFFFF,
FFFFFF,
FFFFFF,
FFFFFF,
FFFFFF,
FFFFFF,
FFFFFF,
FFFFFF,
FFFFFF,
FFFFFF,
FFFFFF,
FFFFFF,
FFFFFF,
FFFFFF,
FFFFFF,
FFFFFF,
FFFFFF,
FFFFFF,
FFFFFF,
FFFFFF,
FFFFFF,
FFFFFF,
FFFFFF,
FFFFFF,
FFFFFF,
FFFFFF,
FFFFFF,
FFFFFF,
FFFFFF,
FFFFFF,
FFFFFF,
FFFFFF,
FFFFFF,
FFFFFF,
FFFFFF,
FFFFFF,
FFFFFF,
FF00FF,
FFFFFF,
FF00FF,
FFFFFF,
FFFFFF,
FF00FF,
FFFFFF,
FF00FF,
FFFFFF,
FFFFFF,
FFFFFF,
FFFFFF,
FFFFFF,
FFFFFF,
FFFFFF,
FFFFFF,
FFFFFF,
FFFFFF,
FFFFFF,
FFFFFF,
FFFFFF,
FFFFFF,
FFFFFF,
FFFFFF,
FFFFFF,
FFFFFF,
FFFFFF,
FFFFFF,
FFFFFF,
FFFFFF,
FFFFFF,
FFFFFF,
FFFFFF,
FFFFFF,
FFFFFF,
FFFFFF,
FFFFFF,
00FFFF,
FFFFFF,
FFFFFF,
FFFFFF,
FFFF00,
FFFFFF,
FFFFFF,
FFFFFF,
FFFFFF,
FFFFFF,
FFFFFF,
FFFFFF,
FFFFFF,
FFFFFF,
FFFFFF,
FFFFFF,
FFFFFF,
FFFFFD,
FFFFFD,
FFFF00,
FFFEFF,
FFFDFF,
FFFDFF,
FFFCFF,
FFFCFF,
FFFEFE,
FFFFFB,
FFFFFB,
FFFFFB,
FFFFFB,
FFFFFB,
FFFFFB,
FFFFFB,
FFFEFE,
FFFEFF,
FFFEFF,
FFFEFF,
FFFEFF,
FFFEFF,
FFFEFF,
FFFEFF,
FFFFFF,
FFFFFF,
FFFFFF,
FFFFFF,
FFFFFF,
FFFFFF,
FFFFFF,
FFFFFF,
FDFFFE,
FBFFFB,
FBFFFB,
FBFF00,
FBFFFB,
FBFFFB,
FBFFFB,
FBFFFB,
FDFFFE,
00FFFF,
FFFEFF,
FFFEFF,
FFFEFF,
FFFEFF,
FFFEFF,
FFFEFF,
FFFFFE,
FEFFFB,
FEFFFB,
FEFFFB,
FFFFFB,
FFFFFB,
FFFFFB,
FFFFFB,
FFFFFD,
FFFFFF,
FF00FF,
FFFFFF,
FFFFFF,
FFFFFF,
FFFFFF,
FFFFFF,
FFFFFF,
FFFFFF,
FFFFFF,
FFFFFF,
FFFFFF,
FFFFFF,
00FFFF,
FFFFFF,
FFFFFF,
FFFFFF,
FFFFFF,
FFFFFF,
FFFFFF,
FFFFFF,
FFFFFF,
00FFFF,
FFFFFF,
FFFFFF,
FFFFFF,
FFFFFF,
FFFFFF,
FFFFFF,
FFFFFF,
FFFFFF,
FFFFFF,
FFFFFF,
FFFFFF,
FFFFFF,
FFFFFF,
FFFFFF,
FFFFFF,
FFFFFF,
FFFFFF,
FFFFFF,
FFFFFF,
FFFFFF,
FFFFFF,
FFFFFF,
FFFFFF,
FFFF00,
FFFFFF,
FFFFFF,
FFFFFF,
FFFFFF,
00FFFF,
FFFFFF,
FFFFFF,
FFFFFF,
FFFFFF,
FFFFFF,
FFFFFF,
FFFFFF,
FFFFFF,
FFFFFF,
FFFFFF,
FFFFFF,
FFFFFF,
FFFFFF,
FFFFFF,
FFFFFF,
FFFFFF,
FFFFFF,
FFFFFF,
FFFFFF,
FFFFFF,
FFFFFF,
FF0000,
FFFFFF,
FFFFFF,
FFFFFF,
FFFFFF,
FFFF00,
FFFFFF,
FFFFFF,
FFFFFF,
FFFFFF,
FFFFFF,
FFFFFF,
FFFFFF,
FFFFFF,
FFFFFF,
FFFFFF,
FFFFFF,
FFFFFF,
FFFFFF,
FFFFFF,
FFFFFF,
FFFFFF,
FFFFFF,
FFFFFF,
FFFFFF,
FFFFFF,
FFFFFF,
FFFFFF,
FFFFFF,
FFFFFF,
FFFFFF,
FFFFFF,
FFFFFF,
FFFFFF,
FFFF00,
FFFFFF,
FFFFFF,
FFFFFF,
FFFFFF,
FFFFFF,
FFFFFF,
FFFFFF,
FFFFFF,
FFFFFF,
00FFFF,
FFFFFF,
FFFFFF,
FFFFFF,
FFFFFF,
FFFFFF,
FFFFFF,
FFFFFF,
00FFFF,
FFFFFF,
FFFFFF,
FFFFFF,
FFFFFF,
FFFFFF,
FFFFFF,
FF00FF,
FFFFFF,
FFFFFF,
FFFFFF,
FFFFFF,
FFFFFF,
FFFFFF,
FFFFFF,
FFFFFF,
FFFFFF,
FFFFFF,
FFFFFF,
FFFFFF,
FFFFFF,
FFFFFF,
FFFFFF,
FFFFFF,
FFFFFF,
FFFFFF,
FF00FF,
FFFFFF,
FFFFFF,
FFFFFF,
FFFFFF,
FFFFFF,
FFFFFF,
FFFFFF,
FFFFFF,
FFFFFF,
FFFFFF,
FFFF00,
FFFFFF,
FFFFFF,
FFFFFF,
FFFFFF,
FFFFFF,
FFFFFF,
FFFFFF,
FFFFFF,
FFFFFF,
FFFFFF,
FFFFFF,
FFFFFF,
FFFFFF,
FFFFFF,
FFFFFF,
FFFFFF,
FFFFFF,
FFFFFF,
FFFF00,
FFFFFF,
FFFFFF,
FFFFFF,
FFFFFF,
FFFFFF,
FFFFFF,
FFFFFF,
FFFFFF,
FFFFFF,
FFFFFF,
FFFFFF,
FFFFFF,
FFFFFF,
FFFFFF,
FFFFFF,
FFFFFF,
FFFFFF,
FFFFFD,
FFFFFD,
FFFFFF,
FFFEFF,
FFFEFF,
FFFDFF,
FFFDFF,
FFFDFF,
FFFEFF,
FFFFFD,
FFFFFD,
FFFFFD,
FFFFFD,
FFFFFD,
FFFFFD,
FFFFFD,
FFFFFE,
FFFFFF,
FFFFFF,
FFFFFF,
FFFFFF,
FFFFFF,
FFFFFF,
FFFFFF,
FFFFFF,
FEFFFF,
FEFFFF,
FEFFFF,
FEFFFF,
FEFFFF,
FEFFFF,
FEFFFF,
FEFFFE,
FEFFFF,
FE00FD,
FEFFFD,
FEFFFD,
FEFFFD,
FEFFFD,
FEFFFD,
FFFFFE,
FFFEFF,
00FFFF,
FFFEFF,
FFFEFF,
FFFDFF,
FFFDFF,
00FDFF,
FFFEFE,
FEFFFD,
FEFFFD,
FEFFFD,
FEFFFD,
FEFFFD,
FF00FD,
FFFFFD,
FFFFFE,
FFFFFF,
00FFFF,
FFFFFF,
FFFFFF,
FFFFFF,
FFFFFF,
FFFFFF,
FFFFFF,
FFFFFF,
FFFFFF,
FFFFFF,
FFFFFF,
FF00FF,
FFFFFF,
FFFFFF,
FFFFFF,
FFFFFF,
FF00FF,
FFFFFF,
FFFFFF,
FFFFFF,
FFFF00,
FFFFFF,
FFFFFF,
FFFFFF,
FFFFFF,
FFFFFF,
FFFFFF,
FFFFFF,
FFFFFF,
FFFFFF,
FFFFFF,
FFFFFF,
FFFFFF,
FFFFFF,
00FFFF,
FFFFFF,
FFFFFF,
FFFFFF,
FFFFFF,
FFFFFF,
FFFFFF,
FFFFFF,
FFFFFF,
FFFF00,
FFFFFF,
FFFFFF,
FFFFFF,
FFFFFF,
FFFFFF,
FFFFFF,
FFFFFF,
FFFFFF,
FFFFFF,
FFFFFF,
FFFFFF,
FFFFFF,
FFFFFF,
FFFFFF,
FFFFFF,
FFFFFF,
FFFFFF,
FFFFFF,
FFFFFF,
FFFFFF,
FFFFFF,
FFFFFF,
FFFFFF,
FFFFFF,
FFFFFF,
FFFFFF,
FFFFFF,
FFFFFF,
FFFFFF,
FFFFFF,
FFFFFF,
FFFFFF,
00FFFF,
FFFFFF,
FFFFFF,
FFFFFF,
FFFF00,
FF00FF,
FFFFFF,
FFFFFF,
FFFFFF,
FFFFFF,
FFFFFF,
FFFFFF,
00FFFF,
FFFFFF,
FFFFFF,
FFFFFF,
FFFFFF,
FFFFFF,
FFFFFF,
FFFFFF,
FFFFFF,
FFFFFF,
FFFFFF,
FFFFFF,
FFFFFF,
FFFFFF,
FFFFFF,
FFFFFF,
FFFFFF,
FFFFFF,
FFFFFF,
FFFFFF,
FFFFFF,
FFFFFF,
FFFFFF,
00FFFF,
FFFFFF,
FFFFFF,
FFFFFF,
FFFFFF,
FFFFFF,
FFFFFF,
FFFFFF,
FFFFFF,
FFFFFF,
FFFFFF,
00FFFF,
FFFFFF,
FFFF00,
FFFFFF,
FFFFFF,
FFFFFF,
FF00FF,
FFFFFF,
FFFFFF,
FFFFFF,
FFFFFF,
FFFFFF,
FFFFFF,
FFFFFF,
FFFFFF,
FFFFFF,
FFFFFF,
FFFFFF,
FFFFFF,
FFFFFF,
FFFFFF,
FFFFFF,
FFFFFF,
FFFFFF,
FFFFFF,
FFFFFF,
FFFFFF,
FFFFFF,
FFFFFF,
FFFF00,
FFFFFF,
FFFFFF,
FFFFFF,
FFFFFF,
FFFFFF,
FFFFFF,
FFFFFF,
FFFFFF,
FFFFFF,
FFFFFF,
FFFFFF,
FFFFFF,
FFFFFF,
FFFFFF,
FFFFFF,
FFFFFF,
FFFFFF,
FFFFFF,
FFFFFF,
FFFFFF,
FFFFFF,
FFFFFF,
FFFFFF,
FFFFFF,
FFFFFF,
FFFFFF,
FFFFFF,
FFFFFF,
FFFFFF,
FFFFFF,
FFFFFF,
FFFFFF,
FFFFFF,
FFFFFF,
FFFFFF,
FFFFFF,
FFFFFF,
FFFFFF,
FFFFFF,
FFFFFF,
FFFFFF,
FFFFFF,
FFFFFF,
FFFFFF,
FFFFFF,
FFFFFF,
FFFFFD,
00FFFF,
FFFFFF,
FFFFFF,
FFFFFF,
FEFEFF,
FEFFFF,
FEFFFF,
FFFFFF,
FFFFFF,
FFFFFF,
FFFFFF,
00FFFF,
FFFFFF,
FFFFFF,
FFFFFF,
00FFFF,
FFFFFF,
FFFF00,
FFFFFF,
FFFFFF,
FFFFFF,
FFFFFF,
FFFFFF,
FEFFFF,
FEFFFF,
FE00FF,
FEFFFF,
FEFFFF,
FEFFFF,
FEFFFF,
FEFFFF,
FFFFFF,
FFFEFF,
FFFDFF,
FF00FF,
FFFEFF,
FFFEFF,
FFFEFF,
FFFDFF,
FFFDFF,
FFFDFF,
FFFDFF,
FFFDFF,
FFFDFF,
FFFDFF,
FFFDFF,
FFFDFF,
FFFEFF,
FEFFFF,
FEFFFF,
FEFFFF,
FEFFFF,
FEFFFF,
FEFFFF,
FDFFFF,
FEFFFF,
FFFFFF,
FFFFFF,
FFFFFF,
FFFFFF,
FFFFFF,
FFFFFF,
FFFFFF,
FFFFFF,
FFFFFF,
FFFFFF,
FFFFFF,
FFFFFF,
FFFFFF,
FFFFFF,
FFFFFF,
FFFFFF,
FFFFFF,
FFFFFF,
FFFFFF,
FFFFFF,
FFFFFF,
FFFFFF,
FFFFFF,
FFFFFF,
00FFFF,
FFFFFF,
FFFFFF,
FFFFFF,
FFFFFF,
FFFFFF,
FFFFFF,
FFFFFF,
FFFFFF,
FFFFFF,
FFFFFF,
FFFFFF,
00FFFF,
FFFFFF,
FFFFFF,
FFFFFF,
FFFFFF,
FFFFFF,
FFFFFF,
FFFFFF,
FFFFFF,
FFFFFF,
FFFFFF,
FFFFFF,
FFFFFF,
FFFFFF,
FFFFFF,
FFFFFF,
FFFFFF,
FFFFFF,
FFFFFF,
FFFFFF,
FFFFFF,
FFFFFF,
FFFF00,
FFFFFF,
FFFFFF,
FFFFFF,
00FFFF,
FFFFFF,
FFFFFF,
FFFFFF,
FFFFFF,
FFFFFF,
FFFFFF,
FFFFFF,
FFFFFF,
00FFFF,
FFFFFF,
FFFFFF,
FFFFFF,
FFFFFF,
00FFFF,
FFFFFF,
FFFFFF,
FFFFFF,
FF00FF,
FFFFFF,
FF00FF,
FFFFFF,
FFFFFF,
FFFFFF,
FFFFFF,
FFFFFF,
FFFFFF,
FFFFFF,
FFFFFF,
FFFFFF,
FFFFFF,
FFFFFF,
FFFFFF,
FFFFFF,
FFFFFF,
FFFFFF,
FFFFFF,
FFFFFF,
FFFFFF,
FFFFFF,
FFFFFF,
FFFFFF,
FF0000,
FFFFFF,
FFFFFF,
FFFFFF,
FFFFFF,
FFFFFF,
FFFFFF,
FFFFFF,
FFFFFF,
FFFFFF,
FFFFFF,
FFFFFF,
FFFFFF,
FFFFFF,
FFFFFF,
FFFFFF,
FFFFFF,
FFFFFF,
FFFFFF,
FFFFFF,
FFFFFF,
FFFFFF,
FFFFFF,
FFFFFF,
FFFFFF,
FFFFFF,
FFFFFF,
FFFFFF,
FFFFFF,
FFFFFF,
FFFFFF,
FFFFFF,
FFFFFF,
FFFFFF,
FFFFFF,
FFFFFF,
FFFFFF,
FFFFFF,
FFFFFF,
FFFFFF,
FFFFFF,
FFFFFF,
FFFFFF,
FFFFFF,
FFFFFF,
FFFFFF,
FFFFFF,
FFFFFF,
FFFFFF,
FFFFFF,
FFFFFF,
FFFFFF,
FFFFFF,
FFFFFF,
FFFFFF,
FFFFFF,
FFFFFF,
FFFFFF,
FFFF00,
FFFF00,
FFFFFF,
FFFFFF,
FFFFFF,
FFFFFF,
FFFFFF,
FFFFFF,
FFFFFF,
FFFFFF,
FFFFFF,
FFFFFF,
FFFFFF,
FFFFFF,
FFFF00,
FFFFFF,
FFFFFF,
FFFF00,
FFFFFF,
FFFFFF,
FFFFFF,
0000FF,
FFFFFF,
FFFFFF,
FFFFFF,
FFFFFF,
FFFFFF,
FFFF00,
FFFFFF,
00FFFF,
FFFFFF,
FFFFFF,
FFFFFF,
FFFFFF,
FFFFFF,
FFFFFF,
FF00FF,
FFFFFE,
FFFFFF,
FFFFFF,
FFFFFF,
FEFFFF,
FDFFFF,
00FFFF,
FCFFFF,
FEFFFF,
FFFFFF,
FFFFFF,
FFFFFF,
FFFFFF,
FFFFFF,
FFFFFF,
FFFFFF,
FFFFFF,
FFFFFE,
FFFFFE,
FFFFFE,
FFFFFE,
FFFFFE,
FFFFFE,
FFFFFE,
FEFFFE,
FEFFFE,
FEFFFE,
FEFFFE,
FEFFFE,
FFFFFE,
FEFFFE,
FEFFFE,
FFFEFF,
FFFDFF,
FFFDFF,
FFFDFF,
FFFDFF,
FFFDFF,
FFFDFF,
FFFDFF,
FFFDFF,
FFFDFF,
FFFDFF,
FFFDFF,
FFFDFF,
FFFDFF,
FFFDFF,
FFFDFF,
00FEFF,
FEFFFF,
FEFFFF,
FEFFFF,
FEFFFF,
FDFF00,
FDFFFF,
FCFFFF,
FCFFFF,
FFFFFF,
FFFFFF,
FFFFFF,
00FFFF,
FF00FF,
FFFFFF,
FFFFFF,
FFFFFF,
FF00FF,
FFFFFF,
FFFFFF,
FFFFFF,
FFFFFF,
FF00FF,
FFFFFF,
FFFFFF,
FFFFFF,
FFFFFF,
FFFFFF,
FFFFFF,
FFFFFF,
FFFFFF,
FFFFFF,
FFFFFF,
FFFFFF,
FFFFFF,
FFFFFF,
FFFFFF,
FFFFFF,
FFFFFF,
FFFFFF,
FFFFFF,
FFFFFF,
FFFFFF,
FFFFFF,
FFFFFF,
FFFFFF,
FFFFFF,
FFFFFF,
FFFFFF,
FFFFFF,
FFFFFF,
FFFFFF,
FFFFFF,
FFFFFF,
FFFFFF,
00FFFF,
FFFFFF,
FFFF00,
FFFFFF,
FFFFFF,
FFFFFF,
FFFFFF,
FFFFFF,
FFFFFF,
FFFFFF,
FFFF00,
FFFFFF,
FFFFFF,
FFFFFF,
FFFFFF,
FFFFFF,
FFFFFF,
FFFFFF,
FFFFFF,
FFFFFF,
FFFFFF,
FFFFFF,
FFFFFF,
FFFF00,
FFFFFF,
FFFFFF,
FFFF00,
FFFFFF,
FFFFFF,
FFFFFF,
FFFFFF,
00FFFF,
FFFFFF,
FFFFFF,
FFFFFF,
FFFFFF,
FFFFFF,
FFFFFF,
FFFFFF,
FFFFFF,
FFFFFF,
FFFFFF,
FFFFFF,
FFFFFF,
FFFFFF,
FFFFFF,
FFFFFF,
FFFFFF,
FFFFFF,
FFFFFF,
FFFFFF,
FFFFFF,
FFFFFF,
FFFFFF,
FF00FF,
FFFFFF,
FFFFFF,
FFFFFF,
FFFFFF,
FFFFFF,
FFFFFF,
FFFFFF,
FFFFFF,
FFFFFF,
FFFF00,
FFFFFF,
FFFFFF,
FFFFFF,
FFFFFF,
FFFFFF,
FFFFFF,
FFFFFF,
FFFFFF,
FF00FF,
FFFFFF,
FFFFFF,
FFFFFF,
FF00FF,
FFFFFF,
FFFFFF,
00FFFF,
FFFFFF,
FFFFFF,
FFFFFF,
FFFFFF,
FFFFFF,
FFFFFF,
FF00FF,
FFFFFF,
FFFFFF,
FFFFFF,
FFFFFF,
FFFFFF,
FFFFFF,
FFFFFF,
FFFFFF,
FFFFFF,
FFFFFF,
FFFFFF,
FFFFFF,
FFFFFF,
FFFFFF,
FFFFFF,
FFFFFF,
FFFFFF,
FFFFFF,
FFFFFF,
FFFFFF,
FFFFFF,
FFFFFF,
FFFFFF,
FFFFFF,
FFFFFF,
FFFFFF,
FF00FF,
FFFFFF,
00FFFF,
FFFFFF,
FFFFFF,
FF00FF,
FFFFFF,
FFFFFF,
FFFFFF,
FFFFFF,
FFFFFF,
FFFFFF,
FFFFFF,
FFFFFF,
FFFFFF,
FFFFFF,
FFFFFF,
FFFFFF,
FFFFFF,
FFFFFF,
FFFFFF,
FFFFFF,
FFFFFF,
FFFFFF,
FFFFFF,
FFFFFF,
FFFFFF,
FFFFFF,
00FFFF,
FFFFFF,
FFFFFF,
00FFFF,
FFFFFF,
FFFFFF,
FFFFFF,
FFFFFF,
FFFFFF,
FFFFFF,
FFFFFF,
FFFEFF,
FFFFFF,
FFFFFF,
FEFFFF,
FDFFFF,
FCFFFF,
FCFFFF,
FCFFFF,
FEFFFF,
FFFFFF,
FFFEFF,
FFFFFF,
FFFFFF,
FF00FF,
FFFFFF,
FFFEFF,
FFFFFF,
FFFFFD,
FFFFFD,
FFFFFD,
FFFFFD,
FFFFFD,
FF00FD,
FFFFFD,
FFFFFD,
FEFFFD,
FEFFFD,
FEFFFD,
FEFFFD,
FEFFFD,
FEFFFD,
FEFFFD,
FFFFFE,
FFFFFF,
FFFFFF,
FFFFFF,
FFFFFF,
FFFFFF,
FFFEFF,
FFFEFF,
FFFFFF,
FEFFFF,
FEFFFF,
FEFFFF,
FEFEFF,
FEFEFE,
FEFFFF,
FEFFFF,
FFFFFF,
FFFFFF,
FEFFFF,
FFFFFF,
FEFFFF,
FCFFFF,
FCFFFF,
FCFFFF,
FCFFFF,
FFFFFF,
FFFFFF,
FFFFFF,
FFFFFF,
FFFFFF,
FFFFFF,
FFFFFF,
FFFFFF,
FFFFFF,
FFFFFF,
FFFFFF,
FFFFFF,
FFFFFF,
FFFFFF,
FFFFFF,
FFFFFF,
00FFFF,
FFFFFF,
FFFFFF,
FFFFFF,
FFFFFF,
FFFFFF,
FFFFFF,
FFFFFF,
FFFFFF,
FFFFFF,
FFFFFF,
FFFFFF,
FFFFFF,
FFFFFF,
FFFFFF,
FFFFFF,
FFFFFF,
FFFF00,
00FFFF,
FFFFFF,
FFFFFF,
FFFFFF,
FFFFFF,
FFFFFF,
00FFFF,
00FFFF,
FFFFFF,
FFFFFF,
FFFFFF,
FFFFFF,
FFFFFF,
FFFFFF,
FFFFFF,
FFFFFF,
FFFFFF,
FFFFFF,
00FFFF,
FFFFFF,
FFFFFF,
FFFFFF,
FFFFFF,
FFFFFF,
FFFFFF,
FFFFFF,
FFFFFF,
FFFFFF,
FFFFFF,
FFFFFF,
00FFFF,
FFFFFF,
FFFFFF,
FFFFFF,
FFFFFF,
FFFFFF,
FFFF00,
FFFFFF,
FFFFFF,
FFFFFF,
FFFFFF,
FFFFFF,
FFFFFF,
FFFFFF,
FFFFFF,
FFFFFF,
FFFFFF,
FFFFFF,
FFFFFF,
FFFFFF,
FFFFFF,
FFFFFF,
FFFFFF,
FFFFFF,
FFFFFF,
FFFFFF,
FFFFFF,
FFFFFF,
FFFFFF,
FFFFFF,
FFFFFF,
FFFFFF,
FFFFFF,
FFFFFF,
FFFFFF,
FFFFFF,
FFFFFF,
FFFFFF,
FFFFFF,
FFFFFF,
FFFFFF,
FFFFFF,
FFFFFF,
0000FF,
FFFFFF,
FFFFFF,
FFFFFF,
FFFFFF,
FFFFFF,
FFFFFF,
FFFFFF,
FFFFFF,
FFFFFF,
FFFFFF,
FFFFFF,
FFFFFF,
FFFFFF,
0000FF,
FFFFFF,
FFFFFF,
FFFFFF,
FFFFFF,
FFFFFF,
FFFFFF,
FFFFFF,
FFFFFF,
FFFF00,
FFFFFF,
FFFFFF,
FFFFFF,
FFFFFF,
FFFFFF,
FFFFFF,
FFFFFF,
FFFFFF,
FFFFFF,
FFFFFF,
FFFFFF,
FFFFFF,
FFFFFF,
FFFFFF,
FFFFFF,
FFFFFF,
FFFF00,
FFFFFF,
FFFFFF,
FFFFFF,
FFFFFF,
FFFFFF,
FFFFFF,
FFFFFF,
FFFFFF,
00FFFF,
FFFFFF,
FFFFFF,
FFFFFF,
FFFFFF,
FFFFFF,
FFFFFF,
FFFFFF,
FFFFFF,
FFFFFF,
FFFF00,
FFFFFF,
FFFFFF,
FFFFFF,
FFFFFF,
FFFFFF,
FFFFFF,
FFFFFF,
FFFFFF,
00FFFF,
FFFFFF,
FFFFFF,
FFFFFF,
FFFFFF,
FFFFFF,
FFFFFF,
FFFFFF,
FFFFFF,
FFFFFF,
FF00FF,
FFFFFF,
FFFFFF,
FFFFFF,
FFFFFF,
FFFFFF,
FFFFFF,
FFFFFF,
FFFFFF,
FFFFFF,
FFFFFF,
FFFFFF,
FFFFFF,
FFFFFF,
FEFFFE,
FFFFFF,
FFFFFF,
FEFEFE,
FDFEFE,
FCFDFC,
FBFFFB,
FBFCFB,
FEFDFD,
FFFFFF,
00FEFF,
FEFCFE,
FFFCFE,
FFFDFF,
FFFEFF,
FFFFFF,
FFFEFD,
FFFFFD,
FFFFFD,
FFFFFD,
FEFDFB,
FEFEFC,
FFFDFC,
FCFBFA,
FDFDFB,
FEFFFD,
FFFFFD,
FFFEFC,
FFFFFD,
FFFFFD,
FFFFFD,
FDFDFB,
00FEFD,
FC00FF,
FBFFFE,
F9FDFD,
FAFEFE,
FCFFFF,
FBFF00,
FAFF00,
FBFEFF,
FCFFFF,
FCFFFF,
FBFFFE,
F9FDFD,
F9FDFC,
FAFEFE,
FBFFFE,
00FFFE,
FEFDFF,
FEFCFF,
FEFEFF,
FEFEFF,
FE00FF,
FDFEFE,
FAFDFD,
FDFFFF,
FFFFFF,
FFFFFF,
FFFFFF,
FFFFFF,
FFFFFF,
FFFFFF,
FFFFFF,
FFFFFF,
FFFFFF,
FFFFFF,
FFFFFF,
FFFFFF,
FFFFFF,
FFFFFF,
FFFFFF,
FFFFFF,
FFFFFF,
FFFFFF,
FFFFFF,
FFFFFF,
FFFFFF,
FFFFFF,
FFFFFF,
FFFFFF,
FFFFFF,
FFFFFF,
FFFFFF,
FFFFFF,
FFFFFF,
FFFFFF,
FFFFFF,
FFFFFF,
FFFFFF,
FFFFFF,
FFFFFF,
FFFFFF,
00FFFF,
FFFFFF,
FFFFFF,
FFFFFF,
FFFFFF,
FFFFFF,
FFFFFF,
FFFFFF,
FFFFFF,
FFFFFF,
FFFFFF,
FFFFFF,
FFFFFF,
FFFFFF,
FFFFFF,
FFFFFF,
FFFFFF,
FFFFFF,
FFFFFF,
FFFFFF,
FFFFFF,
FFFFFF,
FFFFFF,
FF00FF,
FFFFFF,
FFFFFF,
FFFFFF,
FFFFFF,
FFFFFF,
FFFFFF,
FFFFFF,
FFFFFF,
FFFFFF,
FFFFFF,
FFFFFF,
FFFFFF,
FFFFFF,
FFFFFF,
FFFFFF,
FFFFFF,
FFFFFF,
FFFFFF,
FFFFFF,
FFFFFF,
FFFFFF,
FFFFFF,
FFFFFF,
FFFFFF,
FFFFFF,
FFFFFF,
FFFFFF,
FFFFFF,
FFFFFF,
FFFFFF,
FFFFFF,
FFFFFF,
FFFFFF,
FFFFFF,
FF00FF,
FFFFFF,
FFFFFF,
FFFFFF,
00FFFF,
FFFFFF,
FFFFFF,
FFFF00,
FFFFFF,
FFFFFF,
FFFFFF,
FFFFFF,
FFFFFF,
FFFFFF,
FFFFFF,
FFFFFF,
FFFFFF,
FFFFFF,
FFFFFF,
FFFFFF,
FFFFFF,
FFFFFF,
FFFFFF,
FFFFFF,
FFFFFF,
FFFFFF,
00FFFF,
FFFFFF,
FFFFFF,
FFFFFF,
FFFFFF,
FFFFFF,
FFFFFF,
FFFFFF,
FFFFFF,
FFFFFF,
FFFFFF,
FFFFFF,
FFFFFF,
FFFFFF,
FFFFFF,
FFFFFF,
00FFFF,
FFFFFF,
FFFFFF,
FFFFFF,
FFFFFF,
FFFFFF,
FFFFFF,
FFFFFF,
FFFFFF,
FFFFFF,
FFFFFF,
FFFFFF,
FFFFFF,
FFFFFF,
FFFFFF,
FFFFFF,
FFFFFF,
FFFFFF,
FFFFFF,
FFFFFF,
FFFFFF,
FFFFFF,
FFFFFF,
FFFFFF,
FFFFFF,
FFFFFF,
FFFFFF,
FFFFFF,
00FFFF,
FFFFFF,
FFFFFF,
FFFFFF,
FFFFFF,
FFFFFF,
FFFFFF,
FFFFFF,
FFFFFF,
FFFFFF,
FFFFFF,
FFFFFF,
FFFFFF,
00FFFF,
FFFFFF,
FFFFFF,
FFFFFF,
FFFFFF,
FFFFFF,
FFFFFF,
FFFFFF,
FFFFFF,
FFFFFF,
FFFFFF,
FFFFFF,
FFFFFF,
FFFFFF,
FFFFFF,
FFFFFF,
FFFFFF,
FFFFFF,
FFFFFF,
FFFFFF,
FFFFFF,
FFFFFF,
FEFFFF,
FFFEFE,
FDFDFD,
FEFDFC,
FEFDFC,
FEFDFA,
FDFCF9,
FFFFFE,
FFFCFD,
F6EFF1,
E9E2E4,
E3DADD,
DFD7D9,
E1D8DB,
E5DCDF,
EFE8EA,
F7F4FF,
FBF9F7,
FFFDFF,
FF00FD,
FFFFFE,
FFFFFF,
FFFFFD,
FEFFFA,
FDFCF9,
FDFCF9,
FEFEFA,
FFFEFA,
FDFCF9,
FEFCF9,
FFFEFB,
FEFCF9,
FDFDFB,
FBFEFE,
FBFEFD,
FA00FC,
FBFEFD,
FBFFFD,
FBFFFD,
FBFFFD,
FAFEFC,
F9FEFA,
FAFFFB,
F9FDF9,
F8FDF9,
F9FDF9,
FBFE00,
FFFFFC,
FFFDFC,
FFFCFE,
FFFEFF,
FFFFFF,
FFFEFE,
FEFEFD,
FDFEFD,
FBFDFC,
FCFDFD,
FFFFFF,
FFFFFF,
FFFFFF,
FFFFFF,
FFFFFF,
FFFFFF,
FFFFFF,
FFFFFF,
FFFFFF,
FFFFFF,
FFFFFF,
FFFFFF,
FFFFFF,
FFFFFF,
FFFF00,
FFFFFF,
FFFFFF,
FFFFFF,
FFFFFF,
FFFFFF,
FFFFFF,
FFFF00,
FFFFFF,
FF00FF,
FFFFFF,
FF00FF,
FFFFFF,
FFFFFF,
FFFFFF,
FF00FF,
FFFFFF,
FFFFFF,
FFFFFF,
FFFFFF,
FFFFFF,
FFFFFF,
FFFFFF,
FFFFFF,
FFFFFF,
FFFFFF,
FFFFFF,
FFFFFF,
FFFFFF,
FFFFFF,
FFFFFF,
FFFFFF,
FFFFFF,
FFFFFF,
FFFFFF,
FFFFFF,
FFFFFF,
FFFFFF,
FFFFFF,
FFFFFF,
FFFFFF,
FFFFFF,
FFFFFF,
FFFF00,
FFFFFF,
FFFFFF,
FFFFFF,
FFFFFF,
FFFFFF,
FFFFFF,
FFFFFF,
FFFFFF,
FFFFFF,
FFFFFF,
FFFFFF,
FFFFFF,
FFFFFF,
FFFFFF,
FFFFFF,
FFFFFF,
FFFFFF,
FFFFFF,
FFFFFF,
00FFFF,
FF00FF,
FFFFFF,
FFFFFF,
FFFFFF,
0000FF,
FFFFFF,
FFFFFF,
FFFFFF,
FFFFFF,
FFFFFF,
FFFFFF,
FFFFFF,
FFFFFF,
FFFFFF,
FFFFFF,
FFFFFF,
FFFFFF,
FFFFFF,
FFFFFF,
FFFFFF,
FFFFFF,
FFFFFF,
FFFFFF,
FFFFFF,
FFFFFF,
FFFFFF,
FFFFFF,
FFFFFF,
FFFFFF,
FFFFFF,
FFFFFF,
FFFFFF,
FFFFFF,
FFFFFF,
FFFFFF,
FFFFFF,
FFFFFF,
FFFFFF,
FFFFFF,
FFFFFF,
FFFFFF,
FFFFFF,
FFFFFF,
FFFFFF,
FFFFFF,
FFFFFF,
FFFFFF,
FFFFFF,
FFFFFF,
FFFFFF,
FFFFFF,
FFFFFF,
FFFFFF,
FFFFFF,
FFFFFF,
FFFF00,
FFFFFF,
FFFFFF,
FFFFFF,
FFFFFF,
FFFFFF,
FFFFFF,
FFFFFF,
FFFFFF,
FFFFFF,
FFFFFF,
FFFFFF,
FFFFFF,
FFFFFF,
FFFFFF,
FFFFFF,
FFFFFF,
FFFFFF,
FFFFFF,
FFFFFF,
FFFFFF,
FFFFFF,
FFFFFF,
FFFFFF,
FF00FF,
FFFFFF,
FFFFFF,
FFFFFF,
FFFFFF,
FFFFFF,
FFFFFF,
FFFFFF,
FFFFFF,
FFFFFF,
FFFFFF,
FFFFFF,
FFFFFF,
FFFFFF,
FFFFFF,
FFFFFF,
FFFFFF,
FFFFFF,
FFFFFF,
FFFFFF,
FFFFFF,
FFFFFF,
FFFFFF,
FFFFFF,
FFFFFF,
FFFFFF,
00FFFF,
FFFFFF,
FFFFFF,
FFFFFF,
FFFFFF,
FFFFFF,
FFFFFF,
FFFFFF,
FFFFFF,
FFFFFF,
FFFFFF,
FFFFFF,
FFFFFF,
FFFFFF,
FFFFFF,
FFFFFF,
FEFFFF,
FDFFFE,
FEFEFE,
FFFFFE,
FEFCFB,
FF0000,
FEF7F4,
D5CAC8,
A398FF,
837777,
6D6161,
6A5D5E,
005C5D,
6B5E5E,
706464,
7D7171,
8C8281,
9D9493,
B3ABAA,
CAC1BF,
D8D0CF,
E1DCDA,
EEE7E5,
F9F0EE,
FFFAF7,
FFFDFB,
FFFFFD,
FFFFFD,
FFFFFC,
FFFEFC,
FFFEFC,
FFFCF9,
FDFCF8,
FCFDF9,
FEFEFA,
FFFFFC,
FFFFFB,
FEFFFC,
FEFFFC,
FEFFFB,
FFFEFA,
FFFEF8,
FFFFFA,
FFFFFA,
FFFFFB,
FFFFFC,
FFFFFD,
FFFFFE,
FFFFFE,
FFF9FA,
FFF4F4,
F7EFEE,
F5EFEE,
FBF9F6,
FFFFFC,
FDFEFA,
FE00FC,
FFFFFF,
FFFFFF,
FFFFFF,
FFFFFF,
FFFFFF,
FFFFFF,
FF00FF,
00FFFF,
FFFFFF,
FFFFFF,
FFFFFF,
FFFFFF,
FFFFFF,
FFFF00,
FFFFFF,
FFFFFF,
FFFFFF,
FFFFFF,
FFFFFF,
FFFFFF,
FFFFFF,
FFFFFF,
FFFFFF,
FFFFFF,
FFFFFF,
FFFFFF,
FFFFFF,
FFFFFF,
FFFFFF,
FFFFFF,
FFFFFF,
FFFFFF,
00FFFF,
FFFFFF,
FFFFFF,
FFFFFF,
FFFFFF,
FFFFFF,
FFFFFF,
FFFFFF,
FFFFFF,
FFFFFF,
FFFFFF,
FFFFFF,
FFFFFF,
FFFFFF,
FFFFFF,
FFFFFF,
FFFFFF,
FFFFFF,
FFFFFF,
FFFFFF,
FFFFFF,
FFFFFF,
FFFFFF,
FFFFFF,
FFFFFF,
FFFFFF,
FFFFFF,
FFFFFF,
FFFFFF,
00FFFF,
FFFFFF,
FFFFFF,
FFFFFF,
FFFFFF,
FFFFFF,
FFFFFF,
FFFFFF,
FFFFFF,
FFFFFF,
FFFFFF,
FFFFFF,
FFFFFF,
FF00FF,
FFFFFF,
FFFFFF,
FFFFFF,
FF00FF,
FFFFFF,
FF00FF,
FFFFFF,
FFFFFF,
FFFFFF,
FFFFFF,
FFFFFF,
FFFFFF,
FFFFFF,
FFFFFF,
FFFFFF,
FFFFFF,
FF00FF,
FFFFFF,
FFFFFF,
FFFFFF,
FFFFFF,
FFFFFF,
FFFFFF,
FFFFFF,
FFFFFF,
FFFFFF,
FFFFFF,
FFFFFF,
FFFFFF,
FFFFFF,
FFFFFF,
FFFFFF,
FFFFFF,
FFFFFF,
FFFFFF,
FFFFFF,
FFFFFF,
FFFFFF,
FFFFFF,
FFFFFF,
FFFFFF,
FFFFFF,
FFFFFF,
00FFFF,
FFFFFF,
FFFFFF,
FFFFFF,
FFFFFF,
FFFFFF,
FFFFFF,
FFFFFF,
FFFFFF,
00FFFF,
FFFFFF,
FFFFFF,
FFFFFF,
FFFFFF,
FFFFFF,
FFFFFF,
FFFFFF,
FFFFFF,
FFFFFF,
FFFFFF,
FFFFFF,
FFFFFF,
FFFFFF,
FFFFFF,
FFFFFF,
FFFFFF,
FFFFFF,
FF00FF,
FFFFFF,
FFFFFF,
FFFF00,
FFFFFF,
FFFFFF,
00FFFF,
FFFFFF,
FFFFFF,
FFFFFF,
FFFFFF,
FFFFFF,
FFFFFF,
FFFFFF,
FFFFFF,
FFFF00,
FFFFFF,
FFFFFF,
FF00FF,
FFFFFF,
FFFFFF,
FFFFFF,
FF00FF,
FFFFFF,
FFFF00,
FFFFFF,
FFFFFF,
FFFFFF,
FFFFFF,
FFFFFF,
FFFFFF,
FFFFFF,
FFFFFF,
FFFFFF,
FFFFFF,
FFFFFF,
FFFFFF,
FFFFFF,
FFFFFF,
FFFFFF,
FFFFFF,
FFFFFF,
FFFFFF,
FFFFFF,
FFFFFF,
FFFFFF,
FFFFFF,
FFFFFF,
FFFFFF,
FFFFFF,
FFFFFF,
FFFFFF,
FFFFFF,
FFFFFF,
FDFFFF,
FBFDFF,
FFFFFF,
FF00FE,
00FFFE,
E4DCDB,
958686,
614F4E,
5B4AFF,
004E4C,
655654,
6656FF,
695858,
6F5F5E,
006261,
776766,
7A6C6B,
7D7171,
7F7474,
837777,
8A7E7E,
948888,
A09594,
AA9F9E,
AFA5A4,
B4AAA8,
C0B7B6,
C8C1C0,
D6CECD,
E2DAD8,
EBE4E2,
F5EEED,
F9F2EF,
FAF3EF,
FBF6F2,
FCF8F5,
FC00F5,
FC00F4,
FCF6F3,
FCF5F1,
FBF3FF,
FAF3ED,
F8EDE8,
F2E6E1,
EBDFDA,
E100D1,
CFC4BF,
BDB3AD,
B0A49F,
A49492,
9A8988,
00FF84,
938A87,
A7A19D,
DBD9D3,
FEFEFF,
FDFDF9,
FFFFFF,
FFFF00,
FFFFFF,
FFFFFF,
FFFFFF,
FFFFFF,
FFFFFF,
FFFFFF,
FFFFFF,
FFFFFF,
FFFFFF,
FFFFFF,
FFFFFF,
FFFFFF,
FFFFFF,
00FFFF,
FFFFFF,
FFFFFF,
FFFFFF,
FFFFFF,
FFFF00,
FFFFFF,
FFFFFF,
FFFFFF,
FFFFFF,
FFFFFF,
FFFFFF,
FFFFFF,
FFFFFF,
FFFFFF,
FFFFFF,
FFFFFF,
FFFFFF,
FFFFFF,
FFFFFF,
FFFFFF,
FFFFFF,
FFFFFF,
FFFFFF,
FFFFFF,
FFFFFF,
FFFFFF,
FFFFFF,
FFFFFF,
FFFFFF,
FFFFFF,
FFFFFF,
FFFFFF,
FFFFFF,
FFFFFF,
FFFFFF,
FFFFFF,
FFFFFF,
FFFFFF,
FFFFFF,
FFFFFF,
FFFFFF,
FFFFFF,
FFFFFF,
FFFFFF,
FFFFFF,
FFFFFF,
00FFFF,
FFFFFF,
FFFFFF,
FFFFFF,
FFFFFF,
FFFFFF,
FFFFFF,
FFFFFF,
FFFFFF,
FFFFFF,
FFFFFF,
FFFFFF,
FFFFFF,
FFFFFF,
FFFFFF,
FFFFFF,
FFFFFF,
FFFFFF,
FFFFFF,
FFFFFF,
FFFFFF,
FFFFFF,
FFFFFF,
FFFFFF,
FFFFFF,
FFFFFF,
FFFFFF,
FFFFFF,
FFFFFF,
FFFFFF,
FFFFFF,
FFFFFF,
FFFFFF,
FFFFFF,
FFFFFF,
FFFFFF,
FFFFFF,
FFFFFF,
00FFFF,
FFFFFF,
FFFFFF,
FFFFFF,
FFFFFF,
FFFFFF,
FFFFFF,
FFFFFF,
FFFFFF,
FFFFFF,
FFFFFF,
FFFFFF,
FFFFFF,
FFFFFF,
FFFFFF,
FFFFFF,
FFFFFF,
FFFFFF,
FFFFFF,
FFFFFF,
FFFFFF,
FFFFFF,
FFFFFF,
FFFFFF,
FFFFFF,
FFFFFF,
FFFFFF,
FFFFFF,
FFFFFF,
FFFFFF,
FFFFFF,
FFFFFF,
FFFFFF,
FFFFFF,
FFFFFF,
FFFFFF,
FFFFFF,
FFFFFF,
FFFFFF,
FFFFFF,
FFFFFF,
FFFFFF,
FFFFFF,
FFFFFF,
FFFFFF,
FFFFFF,
FFFFFF,
FFFFFF,
FFFFFF,
FFFFFF,
FFFFFF,
FFFFFF,
FFFFFF,
FFFFFF,
FFFFFF,
FFFFFF,
FFFFFF,
FFFFFF,
FFFFFF,
FFFF00,
FFFFFF,
FFFF00,
FFFFFF,
FFFFFF,
FFFFFF,
FFFFFF,
FF00FF,
FFFFFF,
00FFFF,
FFFFFF,
FFFFFF,
FFFFFF,
FFFFFF,
FFFFFF,
FFFFFF,
FFFFFF,
FFFFFF,
FFFFFF,
FFFFFF,
FFFFFF,
FFFFFF,
FFFF00,
FFFFFF,
FFFFFF,
FFFFFF,
FFFFFF,
FFFFFF,
FFFFFF,
FFFFFF,
FFFFFF,
FFFFFF,
FFFFFF,
FFFFFF,
FFFFFF,
FFFFFF,
FFFFFF,
FFFFFF,
00FFFF,
FFFFFF,
FDFFFF,
FBFEFF,
FFFFFF,
FFFDFD,
CFC5C3,
675655,
52FF3D,
584241,
604B4A,
64514E,
665350,
6D5A57,
005E5B,
74605E,
766361,
7B6765,
80716F,
877978,
8C7E7D,
948685,
998B8A,
9A8C8C,
978988,
938584,
918583,
8C817F,
877B79,
817473,
7F7271,
7D716F,
7A6E6D,
786C6A,
7B6C6A,
816F6C,
83726D,
867471,
867571,
83726E,
806E6B,
7D6A67,
796561,
755E5A,
6F5854,
68514C,
614A45,
5D4742,
6049FF,
624C47,
644E4A,
650000,
6A5855,
70605C,
726660,
6F6760,
746E66,
BAB5FF,
FDFCF8,
FFFFFF,
FFFFFF,
FFFFFF,
FFFFFF,
FFFFFF,
FFFFFF,
FFFFFF,
FFFFFF,
FFFFFF,
FFFFFF,
FFFFFF,
FFFFFF,
FFFFFF,
FFFFFF,
FFFFFF,
FFFFFF,
FFFFFF,
FFFFFF,
FFFFFF,
FFFFFF,
FFFFFF,
FFFFFF,
FFFFFF,
FFFFFF,
FFFFFF,
FFFFFF,
FFFFFF,
FFFFFF,
FFFFFF,
FFFFFF,
FFFFFF,
FFFFFF,
FFFFFF,
FFFFFF,
FFFFFF,
FFFFFF,
FF00FF,
00FFFF,
FFFFFF,
FFFFFF,
FFFFFF,
FFFFFF,
FFFFFF,
FFFFFF,
FFFF00,
FFFFFF,
FFFFFF,
FFFFFF,
FFFFFF,
FFFFFF,
FFFFFF,
FFFFFF,
FFFFFF,
FFFFFF,
FFFFFF,
FFFFFF,
FFFFFF,
FFFFFF,
FFFFFF,
FFFFFF,
FFFFFF,
FFFFFF,
FFFFFF,
FFFFFF,
FFFFFF,
FFFFFF,
FFFFFF,
FFFFFF,
FFFFFF,
FFFFFF,
00FFFF,
FFFFFF,
FFFFFF,
FFFFFF,
FFFFFF,
FFFFFF,
00FFFF,
FFFFFF,
FFFFFF,
FFFFFF,
FFFFFF,
FFFFFF,
FFFFFF,
FFFFFF,
FFFFFF,
FF00FF,
FFFFFF,
FFFFFF,
FFFFFF,
FFFFFF,
FFFFFF,
FFFFFF,
FFFFFF,
FFFFFF,
FFFFFF,
FFFFFF,
FFFFFF,
FFFFFF,
FFFFFF,
FFFFFF,
FFFFFF,
FFFFFF,
FFFFFF,
FFFFFF,
FFFFFF,
FFFFFF,
FFFFFF,
FFFFFF,
FFFFFF,
FFFFFF,
FFFFFF,
FFFFFF,
00FFFF,
FFFFFF,
FFFFFF,
FFFFFF,
FFFFFF,
FFFFFF,
FFFFFF,
FFFFFF,
FFFFFF,
FFFFFF,
FFFFFF,
FFFFFF,
FFFFFF,
FFFFFF,
FFFFFF,
FFFFFF,
FFFFFF,
FFFFFF,
FFFFFF,
FFFFFF,
FFFFFF,
FFFFFF,
FFFFFF,
FFFFFF,
FFFFFF,
FFFF00,
FFFFFF,
FFFFFF,
FFFFFF,
FFFFFF,
FFFFFF,
FFFFFF,
FFFFFF,
FFFFFF,
FFFFFF,
FFFFFF,
FFFFFF,
FFFFFF,
FFFFFF,
FFFFFF,
FFFFFF,
FFFFFF,
FFFFFF,
FFFFFF,
FFFFFF,
FFFFFF,
FFFFFF,
FFFFFF,
FFFFFF,
FFFFFF,
FFFFFF,
FFFFFF,
FFFFFF,
FFFFFF,
FFFFFF,
FFFFFF,
FFFFFF,
FFFFFF,
FFFFFF,
FFFFFF,
FFFFFF,
FFFFFF,
FFFFFF,
FFFFFF,
FFFFFF,
FFFFFF,
FFFFFF,
FFFFFF,
FFFFFF,
FFFFFF,
FFFFFF,
FFFFFF,
FFFFFF,
FFFFFF,
FFFFFF,
FFFFFF,
FFFFFF,
FFFFFF,
FFFFFF,
FFFFFF,
FFFFFF,
FFFFFF,
FFFFFF,
FFFFFF,
FFFFFF,
FFFFFF,
FFFFFF,
FBFDFD,
FAFAF9,
FFFFFB,
D3C4BD,
654F00,
553C35,
5B433E,
614948,
644D4C,
66504D,
690052,
005A58,
70005B,
735F60,
776564,
7F6C6C,
847474,
887A7A,
8B7D7D,
908282,
968888,
988A89,
968888,
008888,
9B8D8D,
968989,
8F8080,
897979,
817271,
7C6C6A,
756463,
6F5D5B,
695451,
654E49,
604944,
5C453F,
573F39,
543B35,
5137FF,
4E332C,
4F342B,
52352D,
54372F,
563A32,
57FF34,
5B413A,
614740,
634A44,
664E48,
6C5651,
745E59,
77635D,
78655F,
7F6F67,
74675F,
6D6058,
E5DDD8,
FFFFFF,
FEFEFE,
FEFEFE,
FEFEFE,
FFFFFF,
0000FF,
FFFFFF,
FFFFFF,
FFFF00,
FFFFFF,
FFFFFF,
FFFFFF,
FFFFFF,
FFFFFF,
FFFFFF,
FFFFFF,
FFFFFF,
FFFFFF,
FFFFFF,
FFFFFF,
FFFFFF,
FFFFFF,
FFFFFF,
FFFFFF,
FFFFFF,
FFFFFF,
FFFFFF,
FFFFFF,
FFFFFF,
FFFFFF,
FFFFFF,
FFFFFF,
FFFFFF,
FFFFFF,
FFFFFF,
FFFFFF,
FF00FF,
FFFFFF,
FFFFFF,
FFFFFF,
FFFFFF,
FFFFFF,
FFFFFF,
FF00FF,
FFFFFF,
FFFFFF,
FFFFFF,
FFFFFF,
FFFFFF,
FFFFFF,
00FFFF,
FFFFFF,
FFFFFF,
FF00FF,
FFFFFF,
FFFFFF,
FFFFFF,
FFFFFF,
FFFFFF,
00FFFF,
FFFFFF,
FFFFFF,
FFFFFF,
FFFFFF,
FFFFFF,
FFFFFF,
FFFFFF,
FFFFFF,
FFFFFF,
FFFFFF,
FFFFFF,
FFFFFF,
FFFFFF,
FFFFFF,
FFFFFF,
FFFFFF,
FFFFFF,
FFFFFF,
FFFFFF,
FFFFFF,
FFFFFF,
FFFFFF,
FFFFFF,
FFFFFF,
FFFFFF,
FFFFFF,
FF00FF,
FFFFFF,
FFFFFF,
FFFFFF,
FFFFFF,
FFFFFF,
FFFFFF,
FFFFFF,
FFFFFF,
00FFFF,
FFFFFF,
FFFFFF,
FFFFFF,
FFFFFF,
FFFFFF,
FFFFFF,
FFFFFF,
FFFFFF,
FF00FF,
FFFFFF,
FFFFFF,
FFFFFF,
FFFFFF,
00FFFF,
FFFFFF,
FFFFFF,
FFFFFF,
FFFFFF,
FFFFFF,
FFFFFF,
FFFFFF,
FFFFFF,
FFFFFF,
FFFFFF,
FFFFFF,
FFFFFF,
FFFFFF,
FFFFFF,
FFFFFF,
FFFFFF,
FFFFFF,
FFFFFF,
FFFFFF,
FFFFFF,
FFFFFF,
FFFFFF,
FFFFFF,
FFFFFF,
FFFFFF,
FFFFFF,
FFFFFF,
FFFFFF,
FFFFFF,
FFFFFF,
FFFFFF,
FFFFFF,
FFFFFF,
FFFFFF,
FFFFFF,
FF00FF,
FFFFFF,
FFFFFF,
FFFFFF,
FFFFFF,
FFFFFF,
FFFFFF,
FFFFFF,
FFFFFF,
00FFFF,
FFFFFF,
00FFFF,
FFFFFF,
FFFFFF,
FFFFFF,
FFFFFF,
FFFFFF,
FFFFFF,
FFFFFF,
FFFFFF,
FFFFFF,
FFFFFF,
FFFFFF,
00FFFF,
FFFFFF,
FFFFFF,
FFFFFF,
FFFFFF,
FFFFFF,
FFFFFF,
FFFFFF,
FFFFFF,
FFFFFF,
FFFF00,
FFFFFF,
FFFFFF,
FFFFFF,
FFFFFF,
FFFFFF,
FFFFFF,
FFFFFF,
FFFFFF,
FFFFFF,
FFFFFF,
FFFFFF,
FFFFFF,
FFFFFF,
FFFFFF,
00FFFF,
FFFFFF,
FFFFFF,
FFFFFF,
FFFFFF,
FFFFFF,
FAFBFB,
FEFEFC,
E6DCD4,
695246,
543829,
5C3E33,
5F443D,
624A48,
65004B,
68504E,
6D5756,
71FF5B,
725D5E,
756263,
796668,
7F6D6F,
847576,
897B7B,
8E8080,
928484,
968888,
988A8A,
988A8A,
988A8B,
9A008C,
988989,
948385,
8A797A,
837170,
7F6C6B,
786562,
715D59,
6D5652,
6B524D,
664D47,
624841,
5F433B,
5D4138,
5A3C33,
583A30,
57392E,
57392D,
5739FF,
590031,
5B3F34,
5F0039,
62493F,
644C42,
695148,
705752,
755D57,
79625C,
7C6660,
806C65,
FF6B64,
55413A,
B500A3,
FFFFFF,
FDFDFD,
FEFEFE,
FEFEFE,
FFFF00,
FFFFFF,
FFFFFF,
FFFFFF,
FFFFFF,
FFFFFF,
FFFFFF,
FFFFFF,
FFFFFF,
FFFFFF,
FFFFFF,
FFFFFF,
FFFFFF,
FFFFFF,
FFFFFF,
FFFFFF,
FFFFFF,
FFFFFF,
FFFFFF,
FFFFFF,
FFFFFF,
FFFFFF,
FFFFFF,
FFFFFF,
FFFFFF,
FFFFFF,
FFFFFF,
FFFFFF,
FFFFFF,
FFFFFF,
FFFFFF,
FFFFFF,
FFFFFF,
FFFFFF,
FFFFFF,
FFFFFF,
FFFFFF,
FFFFFF,
FFFFFF,
FFFFFF,
FFFFFF,
FFFFFF,
FFFFFF,
FFFFFF,
FFFFFF,
FFFFFF,
FFFFFF,
FFFFFF,
FFFFFF,
FFFFFF,
FFFFFF,
FFFFFF,
FFFFFF,
FFFFFF,
FFFFFF,
FFFFFF,
FFFFFF,
FF00FF,
FFFFFF,
FFFFFF,
FFFFFF,
FFFFFF,
FFFFFF,
FFFFFF,
FFFFFF,
FFFFFF,
FFFFFF,
FFFFFF,
FFFFFF,
FFFFFF,
FFFFFF,
FFFFFF,
FFFFFF,
FFFFFF,
FFFFFF,
FFFFFF,
FFFFFF,
FFFFFF,
FFFFFF,
FFFFFF,
FFFFFF,
FFFFFF,
FFFFFF,
FFFFFF,
FFFFFF,
FFFFFF,
FFFFFF,
FFFFFF,
FFFFFF,
FFFFFF,
FFFFFF,
FFFFFF,
FFFFFF,
FFFFFF,
FFFFFF,
FFFFFF,
FFFFFF,
FFFFFF,
FFFFFF,
FFFFFF,
FFFFFF,
FFFFFF,
FFFFFF,
FFFFFF,
FFFFFF,
FFFFFF,
FFFFFF,
FFFFFF,
FFFFFF,
FFFFFF,
FFFFFF,
FFFFFF,
FFFFFF,
FFFFFF,
FFFFFF,
FFFFFF,
FF00FF,
FFFFFF,
FFFF00,
FFFFFF,
FFFFFF,
FFFFFF,
FFFFFF,
FFFFFF,
FFFFFF,
FFFFFF,
FFFFFF,
FFFFFF,
FFFFFF,
FFFFFF,
FFFFFF,
FFFFFF,
FFFFFF,
FFFFFF,
FFFFFF,
FFFFFF,
FFFFFF,
FFFFFF,
FF0000,
FFFFFF,
FFFFFF,
FFFFFF,
FFFFFF,
FFFFFF,
FFFFFF,
FFFFFF,
FFFFFF,
FFFFFF,
FFFFFF,
FFFFFF,
FFFFFF,
FFFFFF,
FFFFFF,
FFFFFF,
FFFFFF,
FFFFFF,
FFFFFF,
FFFFFF,
FFFFFF,
FFFFFF,
FFFFFF,
FFFFFF,
FFFFFF,
FFFFFF,
00FF00,
FFFFFF,
FFFFFF,
FFFFFF,
00FFFF,
FFFFFF,
FFFF00,
00FFFF,
FFFFFF,
FFFFFF,
FF00FF,
FFFFFF,
FFFFFF,
FFFFFF,
FFFFFF,
FFFFFF,
FFFFFF,
FFFFFF,
FFFFFF,
FFFFFF,
FFFFFF,
FFFFFF,
FFFFFF,
FFFFFF,
FFFFFF,
FFFFFF,
FFFFFF,
FFFFFF,
FFFFFF,
FFFF00,
FFFFFF,
FEFFFE,
FBF7F5,
857870,
4D372B,
5A3E30,
5B3F34,
5E453E,
624A47,
674F4D,
6B5351,
6E5857,
725D5C,
735F5F,
766365,
796668,
7E6B6D,
FF7374,
8A7C7C,
908282,
920000,
948686,
9A8C8C,
9C8E8E,
9B8D8D,
9A8C8C,
978889,
9585FF,
8C7B7B,
857372,
806D00,
776400,
6F5B57,
6C5550,
69504B,
654B45,
61463E,
5D4138,
5A3E35,
583B31,
57392F,
57392E,
583B2E,
583A2F,
5A3D32,
5D4136,
61463B,
62483E,
654D43,
6B534B,
725954,
775FFF,
7A635D,
7E6761,
7F6C64,
84716A,
4F3C34,
877B75,
FFFFFF,
FCFCFC,
FEFEFE,
00FFFF,
FFFFFF,
FFFF00,
FFFFFF,
FFFFFF,
FFFFFF,
FFFFFF,
FFFFFF,
FFFFFF,
FFFFFF,
FFFFFF,
FFFFFF,
FFFFFF,
FFFFFF,
FFFFFF,
FFFFFF,
FFFFFF,
FFFFFF,
FFFFFF,
FFFFFF,
FFFFFF,
FFFFFF,
FFFFFF,
FFFFFF,
FFFFFF,
FFFFFF,
FFFFFF,
FFFFFF,
FFFFFF,
FFFFFF,
FFFFFF,
FFFFFF,
FFFFFF,
FFFFFF,
FFFFFF,
FFFFFF,
FFFFFF,
FFFFFF,
FFFFFF,
FFFFFF,
FFFFFF,
FFFFFF,
FFFFFF,
FFFFFF,
FFFFFF,
FFFFFF,
FFFFFF,
FFFFFF,
FFFFFF,
FFFFFF,
FFFFFF,
FFFFFF,
FFFFFF,
FFFFFF,
FFFFFF,
FFFFFF,
FFFFFF,
FFFFFF,
00FFFF,
FFFFFF,
FFFFFF,
FFFFFF,
FFFFFF,
FFFFFF,
FFFFFF,
FFFFFF,
FFFFFF,
FFFFFF,
FFFFFF,
FFFFFF,
FFFF00,
FFFFFF,
FFFFFF,
00FFFF,
FFFFFF,
FFFFFF,
FFFFFF,
FFFFFF,
FFFFFF,
FFFFFF,
FFFFFF,
FFFFFF,
FFFFFF,
FFFFFF,
FFFFFF,
FFFFFF,
FFFFFF,
FFFFFF,
FFFFFF,
FFFFFF,
FFFFFF,
FFFFFF,
00FFFF,
FFFFFF,
FFFFFF,
FFFFFF,
FFFFFF,
FFFFFF,
00FFFF,
FFFFFF,
FFFFFF,
FFFFFF,
FFFFFF,
FFFFFF,
FFFFFF,
FFFFFF,
FFFFFF,
FFFFFF,
FFFFFF,
00FFFF,
FFFFFF,
FFFFFF,
FFFFFF,
FFFFFF,
FFFFFF,
FFFFFF,
FFFFFF,
FFFFFF,
FFFFFF,
FFFFFF,
FFFFFF,
FFFFFF,
FFFFFF,
FFFFFF,
FFFFFF,
FFFFFF,
FFFFFF,
FFFFFF,
FFFFFF,
FFFF00,
FFFFFF,
FFFFFF,
FFFFFF,
FFFFFF,
FFFFFF,
FFFFFF,
FF00FF,
FFFFFF,
FFFFFF,
FFFFFF,
FFFFFF,
FFFFFF,
FFFFFF,
FFFFFF,
FFFFFF,
FFFFFF,
FFFFFF,
FFFFFF,
FFFFFF,
00FFFF,
FFFFFF,
FFFFFF,
FFFFFF,
FFFFFF,
FFFFFF,
FFFFFF,
FFFFFF,
FFFFFF,
FFFFFF,
FFFFFF,
FF00FF,
FFFFFF,
FFFFFF,
FFFFFF,
FFFFFF,
FFFFFF,
FFFFFF,
FFFFFF,
FFFFFF,
FFFFFF,
FFFFFF,
FFFFFF,
FFFFFF,
FFFFFF,
FFFFFF,
00FFFF,
FFFFFF,
FFFFFF,
FFFFFF,
FFFFFF,
FFFFFF,
FFFFFF,
FFFFFF,
FFFFFF,
FFFFFF,
FFFFFF,
FFFFFF,
00FFFF,
FFFFFF,
FF00FF,
FFFFFF,
FFFFFF,
FFFFFF,
FFFFFF,
FFFFFF,
00FFFF,
FEFDFC,
C5BCB8,
4E3F37,
533D31,
5A3E32,
5C40FF,
00453F,
624B48,
65504D,
685350,
6D5856,
705C5B,
735F5F,
766364,
786567,
7D6B6C,
817373,
8AFF7C,
8F8181,
918383,
960088,
9C8E8E,
9E0090,
9C8E8E,
9B8D8D,
970088,
928283,
8E7D7D,
897776,
806D6C,
77FF61,
6F5B58,
6C5450,
694F49,
654B43,
60453D,
5B4036,
593C32,
583A2F,
56382D,
573A2D,
593C2F,
593B30,
5B3E33,
5E4237,
62473D,
63493F,
664E44,
6D004C,
725954,
775FFF,
79625C,
7D6761,
7E6A63,
84716A,
503D36,
6DFF5B,
FEFFFD,
FDFDFD,
FEFEFE,
FFFFFF,
FFFFFF,
FFFFFF,
FFFF00,
FFFFFF,
FFFFFF,
FFFFFF,
FFFFFF,
FFFFFF,
FFFFFF,
FFFFFF,
FFFFFF,
FFFFFF,
FFFFFF,
FFFFFF,
FFFFFF,
FFFFFF,
FFFFFF,
FFFF00,
FFFFFF,
FFFFFF,
FFFFFF,
FFFFFF,
FFFFFF,
FF00FF,
FFFFFF,
FFFFFF,
FFFFFF,
FFFFFF,
FFFFFF,
FFFFFF,
00FFFF,
FFFFFF,
FFFFFF,
FFFFFF,
FFFFFF,
FFFFFF,
FFFFFF,
FFFFFF,
FFFFFF,
FFFFFF,
FFFFFF,
FFFFFF,
FF00FF,
FFFFFF,
FFFFFF,
FFFFFF,
FFFFFF,
FFFFFF,
FFFFFF,
FFFFFF,
FFFFFF,
FFFFFF,
FFFFFF,
FFFFFF,
FFFFFF,
FFFFFF,
FFFFFF,
FFFFFF,
FFFFFF,
FFFFFF,
FFFFFF,
FFFFFF,
FFFFFF,
FFFFFF,
FFFF00,
FFFF00,
FFFFFF,
FFFFFF,
FFFFFF,
FFFFFF,
FFFFFF,
FFFFFF,
FFFFFF,
FFFFFF,
FFFFFF,
FFFFFF,
FFFFFF,
FFFFFF,
FFFFFF,
FFFFFF,
FFFFFF,
FFFFFF,
FFFFFF,
FFFFFF,
FFFFFF,
FFFFFF,
FFFFFF,
FFFFFF,
FFFFFF,
FFFFFF,
FFFFFF,
FFFFFF,
FFFFFF,
FFFFFF,
FFFFFF,
FFFFFF,
FFFFFF,
FF00FF,
FFFFFF,
FFFFFF,
FFFF00,
FFFFFF,
FFFFFF,
FFFF00,
FFFFFF,
FFFFFF,
FFFFFF,
FFFFFF,
FFFFFF,
FFFFFF,
FFFFFF,
FFFFFF,
FFFFFF,
FFFFFF,
FFFFFF,
FFFFFF,
FFFFFF,
FFFFFF,
FFFFFF,
FFFFFF,
FFFFFF,
FFFFFF,
FF00FF,
FFFFFF,
FFFFFF,
FFFFFF,
FFFFFF,
FFFFFF,
FFFFFF,
FFFFFF,
FFFFFF,
FFFFFF,
FFFFFF,
FFFF00,
FFFFFF,
FFFFFF,
FFFFFF,
FFFFFF,
FFFF00,
FFFFFF,
FFFFFF,
FFFFFF,
00FFFF,
FFFF00,
FFFFFF,
FFFFFF,
FFFFFF,
FFFFFF,
FFFFFF,
FFFFFF,
FFFFFF,
FFFFFF,
FFFFFF,
FFFFFF,
FFFFFF,
FFFFFF,
FFFFFF,
FFFFFF,
FFFFFF,
FFFFFF,
FFFFFF,
FFFFFF,
FFFFFF,
FFFFFF,
FFFFFF,
FFFFFF,
FFFFFF,
FFFFFF,
FFFFFF,
FFFFFF,
FFFFFF,
FFFFFF,
FFFFFF,
FFFFFF,
FFFFFF,
FFFFFF,
FFFFFF,
FFFFFF,
FFFFFF,
FFFFFF,
00FFFF,
FFFFFF,
FFFFFF,
FFFFFF,
FFFFFF,
FFFFFF,
FFFFFF,
FFFFFF,
FFFFFF,
FFFFFF,
FFFFFF,
FFFFFF,
FFFFFF,
FFFFFF,
FFFFFF,
FBF8F5,
776B66,
4E3C35,
543E33,
593E34,
5B00FF,
5F4641,
614C49,
67524F,
6A5552,
6E0057,
715C5B,
735F5F,
776466,
7A686A,
807071,
867778,
8B7D7D,
908200,
948686,
9A8C8C,
9E9090,
9C8E8E,
9A8C8C,
9A8C8C,
968788,
93FF84,
907F7F,
8A7877,
7F6B6A,
75625F,
715D59,
6F5652,
6B514A,
674C44,
62453D,
5E4137,
5D3F34,
003D33,
5B3C31,
5B3D30,
5A3D30,
5B3D32,
5D3F34,
5E4338,
62473D,
664C42,
675045,
6B534B,
715853,
765D58,
77605A,
7C665F,
7E6A63,
816E67,
4D3A33,
605200,
F9F8F8,
FFFFFF,
FEFEFE,
FEFEFE,
FFFFFF,
FF00FF,
FFFFFF,
FF00FF,
FFFFFF,
FFFFFF,
FFFFFF,
FF00FF,
FFFFFF,
FFFFFF,
FFFFFF,
00FFFF,
FFFFFF,
FFFFFF,
FFFFFF,
FFFFFF,
FFFFFF,
FFFFFF,
FFFFFF,
FFFFFF,
FFFFFF,
FF00FF,
FFFFFF,
FFFFFF,
FFFFFF,
FFFFFF,
FFFFFF,
FFFFFF,
FFFFFF,
FFFFFF,
FFFFFF,
FFFFFF,
FFFFFF,
FFFFFF,
FFFFFF,
00FFFF,
FFFFFF,
FFFFFF,
FFFFFF,
FFFFFF,
FFFFFF,
FFFFFF,
FFFFFF,
FFFFFF,
FFFFFF,
FF00FF,
FFFFFF,
FFFFFF,
FFFFFF,
FFFFFF,
FFFFFF,
FFFFFF,
FFFFFF,
FFFFFF,
FFFFFF,
FFFFFF,
FFFFFF,
FFFFFF,
FFFFFF,
FFFFFF,
FFFFFF,
FFFF00,
FFFFFF,
FFFFFF,
FFFFFF,
FFFFFF,
FFFFFF,
FFFFFF,
FFFFFF,
FFFFFF,
FFFFFF,
FFFFFF,
FFFFFF,
FFFFFF,
FFFFFF,
FFFFFF,
FFFFFF,
FFFFFF,
FFFFFF,
FF00FF,
FFFFFF,
FFFFFF,
FFFFFF,
FFFFFF,
FFFFFF,
FFFFFF,
FFFFFF,
FFFFFF,
FFFFFF,
FFFFFF,
FFFFFF,
00FFFF,
FFFFFF,
FFFFFF,
FFFFFF,
FFFFFF,
FFFFFF,
FFFFFF,
FFFFFF,
FF00FF,
FFFFFF,
FFFFFF,
FFFFFF,
FFFFFF,
FFFFFF,
FFFFFF,
FFFFFF,
FFFFFF,
FFFFFF,
FFFFFF,
FFFF00,
FFFFFF,
FFFFFF,
FFFFFF,
FFFFFF,
FFFFFF,
FFFFFF,
FFFFFF,
FFFFFF,
FFFFFF,
FFFFFF,
FFFFFF,
FFFFFF,
FFFFFF,
FFFFFF,
FFFFFF,
FFFFFF,
FFFFFF,
FFFFFF,
FFFFFF,
FFFFFF,
FFFFFF,
FFFFFF,
FFFFFF,
FFFF00,
FFFFFF,
FFFFFF,
FFFFFF,
FFFFFF,
FFFFFF,
FFFFFF,
FFFFFF,
FFFFFF,
FFFFFF,
FFFFFF,
FFFFFF,
FFFFFF,
FFFFFF,
FFFFFF,
FFFFFF,
FFFFFF,
FFFFFF,
FF00FF,
FFFFFF,
FFFFFF,
FFFFFF,
FFFFFF,
FFFFFF,
FFFFFF,
FFFFFF,
FFFFFF,
FFFFFF,
FFFFFF,
FFFFFF,
FFFFFF,
FFFFFF,
FFFFFF,
FFFFFF,
FFFFFF,
FFFFFF,
FFFFFF,
FFFFFF,
FFFFFF,
FFFFFF,
FFFFFF,
FFFFFF,
FFFFFF,
FFFFFF,
FFFFFF,
FFFFFF,
FFFFFF,
FFFFFF,
FFFFFF,
FFFF00,
FFFFFF,
FFFFFF,
FFFFFF,
FFFFFF,
FFFFFF,
FFFFFF,
FFFFFF,
FEFEFE,
FFFFFF,
FFFFFF,
FFFFFF,
D3C9C6,
56453F,
500034,
5B433A,
593F36,
5B413B,
5E46FF,
624C49,
685451,
6D5955,
6F5BFF,
705D5C,
736160,
786768,
7C6D6E,
837475,
8A7C7C,
8F8181,
938585,
998B8B,
9DFF8F,
9E9090,
9A008C,
99008B,
998B8B,
978788,
958586,
8F7E7E,
867473,
7E6B69,
75635F,
725E5A,
6EFF50,
684D46,
64483F,
604239,
5D0035,
5D3F34,
5C3D32,
5D3D31,
FF3D31,
5B3E31,
5B3D32,
5D4035,
5F4338,
63483D,
684E44,
685000,
00534B,
715753,
755C56,
765F59,
7A635D,
7DFF62,
7F6C65,
4D3900,
5D504B,
FFF5F4,
FFFFFF,
FEFEFE,
FDFDFD,
FFFFFF,
FFFFFF,
FFFFFF,
FFFFFF,
FFFFFF,
FFFFFF,
FFFFFF,
FFFFFF,
FFFFFF,
FFFFFF,
FFFFFF,
FFFFFF,
FFFFFF,
FFFFFF,
FFFFFF,
FFFFFF,
FFFFFF,
FFFFFF,
FFFFFF,
FFFFFF,
FFFFFF,
FFFFFF,
FFFFFF,
FFFFFF,
FFFFFF,
FFFFFF,
FFFFFF,
FFFFFF,
FFFFFF,
FFFF00,
FFFFFF,
FFFFFF,
FFFFFF,
FFFFFF,
00FFFF,
FFFFFF,
FFFFFF,
FFFFFF,
FFFFFF,
FFFFFF,
FFFFFF,
FFFFFF,
FFFFFF,
FFFFFF,
FFFFFF,
FFFFFF,
FFFFFF,
FFFFFF,
FFFFFF,
FFFFFF,
FFFFFF,
FFFFFF,
FFFFFF,
FF00FF,
FFFFFF,
FFFFFF,
FFFFFF,
FFFFFF,
FFFFFF,
FFFFFF,
FFFFFF,
FFFFFF,
FFFFFF,
FFFFFF,
FFFFFF,
00FFFF,
FFFFFF,
FFFFFF,
FFFFFF,
FFFFFF,
FFFFFF,
FFFFFF,
FFFFFF,
FFFFFF,
FFFFFF,
FFFFFF,
FFFFFF,
FFFFFF,
FFFFFF,
FFFFFF,
FFFFFF,
FFFFFF,
FFFFFF,
FFFFFF,
FFFFFF,
FFFFFF,
FFFFFF,
FF00FF,
FFFFFF,
FFFFFF,
FFFFFF,
FFFFFF,
FFFFFF,
FFFF00,
FFFFFF,
FFFFFF,
FFFFFF,
FFFFFF,
00FFFF,
FFFFFF,
FFFFFF,
FFFFFF,
FFFFFF,
FFFFFF,
FFFFFF,
FFFFFF,
FFFFFF,
FFFFFF,
FFFFFF,
FFFFFF,
FFFFFF,
00FFFF,
FFFFFF,
FFFFFF,
FFFFFF,
FFFFFF,
FFFFFF,
FFFFFF,
FFFF00,
FFFFFF,
FFFFFF,
FFFFFF,
FFFFFF,
FFFFFF,
FFFFFF,
FFFFFF,
FFFFFF,
FFFFFF,
FFFFFF,
FFFFFF,
FFFFFF,
FFFFFF,
FFFFFF,
FFFFFF,
FFFFFF,
FFFFFF,
FFFFFF,
FFFFFF,
FFFFFF,
FFFFFF,
FFFFFF,
FFFFFF,
FFFFFF,
FFFFFF,
FFFFFF,
FFFFFF,
FFFFFF,
00FFFF,
FFFFFF,
FFFFFF,
FFFFFF,
FFFFFF,
FFFFFF,
FFFFFF,
FFFFFF,
FFFFFF,
FFFFFF,
FFFFFF,
FFFFFF,
FFFFFF,
FFFFFF,
FFFFFF,
FFFFFF,
FFFFFF,
FFFFFF,
FFFFFF,
FFFFFF,
FFFFFF,
FFFFFF,
FFFFFF,
FFFFFF,
FFFFFF,
FFFFFF,
FFFFFF,
FFFFFF,
FFFFFF,
FFFFFF,
FFFFFF,
FFFFFF,
FFFFFF,
FFFFFF,
FFFFFF,
FFFFFF,
FFFFFF,
FFFFFF,
FFFFFF,
FFFFFF,
FFFFFF,
FFFFFF,
FFFFFF,
FFFFFF,
FEFEFE,
FEFE00,
FEFEFE,
FFFFFF,
A89995,
4B3630,
003D35,
003F38,
594039,
5B443E,
5D4743,
634E4A,
695552,
6F5D58,
715D5B,
6F5D5B,
710060,
786869,
7C6E6E,
827474,
897B7B,
908282,
978989,
9A8C8C,
9D8F8F,
9D8F8F,
9D8F8F,
9B8D8D,
99FF8B,
968787,
928283,
8D7C7C,
847271,
7D6A69,
776461,
70FF58,
6C524D,
674942,
60443B,
5F4237,
5D3F34,
5B3D32,
5B3B2F,
5B3B2E,
5C3C00,
5B3D31,
5C3E00,
FF4136,
61453A,
63483D,
674DFF,
685046,
6A524A,
6FFF51,
725A55,
760059,
78625C,
7A6760,
79665F,
4A362F,
60534E,
F7F7F6,
FEFEFE,
FEFEFE,
FFFFFF,
FFFFFF,
FFFFFF,
FFFFFF,
FFFFFF,
FFFFFF,
FFFFFF,
FFFFFF,
FFFFFF,
FFFFFF,
FFFFFF,
FFFFFF,
FFFFFF,
FFFFFF,
FFFFFF,
FFFFFF,
FFFFFF,
FFFFFF,
FFFFFF,
FFFFFF,
FFFFFF,
FFFFFF,
FFFFFF,
FFFFFF,
FFFFFF,
FFFFFF,
FFFFFF,
FFFFFF,
FFFFFF,
FF00FF,
FFFFFF,
FF00FF,
FFFFFF,
FFFFFF,
FFFFFF,
FFFFFF,
FFFFFF,
FEFEFE,
FEFEFE,
FEFEFE,
FEFEFE,
FFFFFF,
FFFFFF,
FFFFFF,
FFFFFF,
FFFFFF,
FFFFFF,
FFFFFF,
FFFFFF,
FFFFFF,
FFFFFF,
FFFFFF,
FFFFFF,
FFFFFF,
FFFFFF,
FFFFFF,
FFFFFF,
FFFFFF,
FFFFFF,
FFFFFF,
FFFFFF,
FFFFFF,
FFFFFF,
FFFFFF,
FFFFFF,
FFFFFF,
FFFFFF,
FFFFFF,
FFFFFF,
FFFFFF,
FFFFFF,
FFFFFF,
FFFFFF,
FFFFFF,
FFFFFF,
FFFFFF,
FFFFFF,
FFFFFF,
FFFFFF,
FFFF00,
FFFFFF,
FFFFFF,
FFFFFF,
FFFFFF,
FFFFFF,
FFFFFF,
FFFFFF,
FFFFFF,
FFFFFF,
FFFFFF,
FFFFFF,
FFFF00,
FFFFFF,
FFFFFF,
FFFFFF,
FFFFFF,
FFFFFF,
FFFFFF,
FFFFFF,
FFFFFF,
FFFFFF,
FFFFFF,
FFFFFF,
FFFFFF,
FFFFFF,
FFFFFF,
FFFFFF,
FFFFFF,
00FFFF,
FFFFFF,
FFFFFF,
FFFFFF,
FFFFFF,
FFFFFF,
FFFFFF,
FFFFFF,
FFFFFF,
FFFFFF,
FFFFFF,
FFFFFF,
FFFFFF,
FFFFFF,
FFFFFF,
FFFFFF,
FFFFFF,
FF00FF,
FFFFFF,
FFFFFF,
FFFFFF,
FFFFFF,
FFFFFF,
FFFFFF,
FFFF00,
FFFFFF,
FFFFFF,
FFFFFF,
FFFFFF,
FFFFFF,
FFFFFF,
00FFFF,
FFFFFF,
FFFFFF,
FFFFFF,
FFFFFF,
FFFFFF,
FFFFFF,
FFFFFF,
FFFFFF,
FFFFFF,
FFFFFF,
FFFFFF,
FFFFFF,
FFFFFF,
FFFFFF,
FFFFFF,
FFFFFF,
FFFFFF,
FFFFFF,
FFFFFF,
FFFFFF,
FFFFFF,
FFFFFF,
FFFFFF,
FFFFFF,
FFFFFF,
00FFFF,
FFFFFF,
00FFFF,
FFFFFF,
FFFFFF,
FFFFFF,
FFFFFF,
FFFFFF,
FFFFFF,
FFFFFF,
FFFFFF,
FFFFFF,
FFFFFF,
FFFFFF,
FFFFFF,
FFFFFF,
FFFFFF,
FFFFFF,
FFFFFF,
FFFFFF,
FFFFFF,
FFFFFF,
FFFFFF,
FFFFFF,
FFFFFF,
FFFFFF,
FFFFFF,
FFFFFF,
FFFFFF,
FEFEFE,
FCFBFA,
7C6B64,
4D342C,
563D36,
553C36,
5A423D,
5C4541,
5E4946,
64514D,
6956FF,
6E5C58,
715F5C,
756361,
756565,
796A6A,
7D6F6F,
827474,
887A7A,
908282,
958787,
998B8B,
9D8F8F,
9E9090,
9E9090,
9C8E8E,
998B8B,
958687,
928283,
FF7C7D,
867473,
7E6B6A,
776361,
6F5B57,
6C524D,
694C43,
63003B,
614339,
5E3F00,
5D3C31,
5C3A2E,
5C3A2D,
5C3C2E,
5A3C30,
5B3D32,
5E4136,
5F4439,
61463C,
654B42,
674F44,
695149,
6E5550,
72FF54,
755E58,
77615A,
77635C,
75625B,
48002D,
FF5C56,
FCFCFB,
FEFEFE,
FEFEFE,
FEFEFE,
FFFFFF,
FFFFFF,
FFFFFF,
FFFFFF,
FFFFFF,
FFFFFF,
FFFFFF,
FFFFFF,
FFFFFF,
FFFFFF,
FFFFFF,
FFFFFF,
FFFFFF,
FFFFFF,
FFFFFF,
FFFFFF,
FFFFFF,
FF00FF,
FFFFFF,
FFFFFF,
FFFFFF,
FFFFFF,
FF0000,
FFFFFF,
FFFFFF,
FFFFFF,
FFFFFF,
FFFFFF,
FFFFFF,
FFFFFF,
FFFFFF,
FFFFFF,
FFFFFF,
FFFFFF,
FFFFFF,
FFFFFF,
FEFEFE,
FEFEFE,
FEFEFE,
FEFEFE,
FFFF00,
FFFFFF,
FFFFFF,
FFFFFF,
FFFFFF,
FFFFFF,
FFFFFF,
FFFFFF,
FFFFFF,
FFFFFF,
FFFFFF,
FFFFFF,
FFFFFF,
FFFFFF,
FFFF00,
00FFFF,
FFFFFF,
FFFFFF,
FFFFFF,
FFFFFF,
FFFF00,
FFFFFF,
FFFFFF,
FFFFFF,
FFFFFF,
FFFFFF,
FFFFFF,
FFFFFF,
FFFFFF,
FFFFFF,
FFFFFF,
FFFFFF,
00FF00,
FFFFFF,
FF00FF,
FFFFFF,
FFFFFF,
FFFFFF,
FFFFFF,
FFFFFF,
FFFFFF,
00FFFF,
FFFFFF,
FFFFFF,
FFFFFF,
FFFFFF,
FFFFFF,
FFFFFF,
FFFFFF,
FFFFFF,
FFFFFF,
FFFFFF,
FFFFFF,
FFFFFF,
FFFFFF,
FFFFFF,
FFFFFF,
00FFFF,
FFFFFF,
FFFFFF,
FFFFFF,
FFFFFF,
FFFFFF,
FFFFFF,
FFFFFF,
FFFFFF,
FFFFFF,
FFFFFF,
00FFFF,
FFFFFF,
FFFFFF,
FFFFFF,
FFFFFF,
FFFFFF,
FFFFFF,
FFFFFF,
FFFFFF,
FFFFFF,
FFFFFF,
FFFFFF,
FFFFFF,
FFFFFF,
FFFFFF,
FFFFFF,
FFFF00,
FFFFFF,
FFFFFF,
FFFFFF,
FFFFFF,
FFFFFF,
FFFFFF,
FFFFFF,
FFFFFF,
FFFFFF,
FFFFFF,
FFFFFF,
FFFFFF,
FFFFFF,
FFFFFF,
FFFFFF,
FFFFFF,
FFFFFF,
FFFFFF,
FFFFFF,
FFFFFF,
FFFFFF,
FFFFFF,
FFFFFF,
FFFFFF,
FFFFFF,
FFFFFF,
FFFFFF,
FFFFFF,
FFFFFF,
FFFFFF,
FFFFFF,
FFFFFF,
FFFFFF,
FFFFFF,
FFFFFF,
FFFFFF,
FFFFFF,
FFFFFF,
FFFFFF,
FFFFFF,
FFFFFF,
FFFFFF,
FFFFFF,
FFFFFF,
FFFFFF,
FFFFFF,
FFFFFF,
FFFFFF,
FFFFFF,
FFFFFF,
FFFFFF,
FFFFFF,
FFFFFF,
FFFFFF,
FFFFFF,
FFFFFF,
FFFFFF,
FFFFFF,
FFFFFF,
FFFFFF,
FFFFFF,
FFFFFF,
FFFFFF,
FFFFFF,
FFFFFF,
FFFFFF,
FEFEFE,
FEFEFE,
FFFFFF,
EDEBEB,
69554F,
53372F,
583D36,
543B36,
5A433E,
5D4800,
604C49,
675450,
6C5955,
6E5D59,
FF5D5B,
726260,
766766,
7B6D6C,
007171,
827575,
8B7D7D,
928484,
988A00,
9C8E8E,
9F9191,
9F9191,
9F9191,
9E9090,
9B8D8D,
9788FF,
948485,
907F7F,
887675,
7F6B69,
75615F,
6D5956,
00514C,
684A40,
62453A,
604137,
5E3E33,
5D3C30,
5C3A2D,
5D3B2C,
5C3B2D,
593C2F,
5B3D32,
5D4035,
5F4439,
63473D,
664C43,
685046,
695149,
6C524E,
6F5752,
735C56,
755F59,
75625B,
725F58,
47342C,
766A64,
FFFFFF,
FEFEFE,
FEFEFE,
FEFEFE,
FFFFFF,
FFFFFF,
FFFFFF,
FFFFFF,
FFFFFF,
FFFF00,
FFFFFF,
FFFFFF,
FFFFFF,
FFFFFF,
FFFFFF,
FFFFFF,
00FFFF,
FFFFFF,
FFFFFF,
FFFFFF,
FFFFFF,
FFFFFF,
FFFFFF,
FFFF00,
00FF00,
FFFFFF,
FFFFFF,
FFFFFF,
FFFFFF,
FFFFFF,
FF00FF,
FFFFFF,
FFFFFF,
FFFFFF,
FFFFFF,
FFFFFF,
FFFFFF,
FFFFFF,
FFFFFF,
FFFFFF,
FEFEFE,
FEFEFE,
FEFEFE,
FEFEFE,
FFFFFF,
FFFFFF,
FFFFFF,
FFFFFF,
FFFFFF,
FFFFFF,
FFFFFF,
FFFFFF,
FFFFFF,
FFFFFF,
FFFFFF,
FFFFFF,
FFFFFF,
FFFFFF,
FFFFFF,
FFFFFF,
FFFFFF,
FFFFFF,
FFFFFF,
FFFFFF,
FFFFFF,
FFFF00,
FFFFFF,
FFFFFF,
FFFFFF,
FFFFFF,
FFFFFF,
FFFFFF,
FFFFFF,
FFFFFF,
FFFFFF,
FFFFFF,
FFFFFF,
FFFFFF,
FFFFFF,
FFFFFF,
FFFFFF,
FFFFFF,
FFFFFF,
FFFFFF,
FFFFFF,
FFFFFF,
FFFFFF,
FFFFFF,
FFFFFF,
FFFFFF,
FFFFFF,
FFFFFF,
FFFFFF,
FFFFFF,
FFFFFF,
FFFFFF,
FFFFFF,
FFFFFF,
FFFFFF,
FFFFFF,
FFFFFF,
FFFFFF,
FFFFFF,
FFFFFF,
FFFFFF,
00FFFF,
FFFFFF,
FFFFFF,
FFFFFF,
FFFFFF,
00FFFF,
FFFFFF,
FFFFFF,
FFFFFF,
FFFFFF,
FFFFFF,
FFFFFF,
FFFFFF,
FFFFFF,
FFFFFF,
FFFFFF,
FFFFFF,
FFFFFF,
FFFFFF,
00FFFF,
FFFFFF,
00FFFF,
FFFFFF,
FFFFFF,
FFFF00,
FFFFFF,
FFFF00,
FF00FF,
FFFFFF,
FFFFFF,
FFFFFF,
FFFFFF,
FFFFFF,
FFFFFF,
FFFFFF,
FFFFFF,
FFFF00,
FFFFFF,
FFFFFF,
FFFFFF,
FF00FF,
FFFFFF,
FFFFFF,
FFFFFF,
FFFFFF,
FFFFFF,
FFFFFF,
FFFFFF,
FFFFFF,
FFFFFF,
FFFFFF,
FFFFFF,
FFFFFF,
FFFFFF,
FFFFFF,
FFFFFF,
FFFFFF,
FFFFFF,
FFFFFF,
FFFFFF,
FFFFFF,
FFFFFF,
FFFF00,
FFFFFF,
FFFFFF,
FFFFFF,
00FFFF,
FFFFFF,
FFFFFF,
00FFFF,
FFFFFF,
FFFFFF,
FFFFFF,
FFFFFF,
FFFFFF,
FFFFFF,
FF00FF,
FFFFFF,
FFFFFF,
FF00FF,
FFFFFF,
FFFFFF,
FFFFFF,
FFFFFF,
FFFFFF,
FFFFFF,
FFFFFF,
FFFFFF,
FFFFFF,
FFFFFF,
FEFEFE,
FDFDFD,
FFFFFF,
D5D3D3,
5D463F,
52342B,
553932,
573E39,
59423E,
5D4844,
604D49,
675450,
6E5C58,
715F5B,
705E5C,
6E5F5C,
746664,
7C6D6D,
807373,
857979,
8C7F7F,
948686,
9A8C8C,
9E9090,
A09292,
A09292,
A09292,
9EFF90,
9D8F8F,
998A8A,
948485,
8E7D7E,
877574,
7D0069,
74605E,
6D5956,
6C514B,
67493F,
614339,
FF4035,
5E3E32,
5D3C30,
5C3A2D,
5D3B2C,
5C3B2D,
593B2F,
5A3C31,
5D3F00,
5F4338,
63473D,
664C43,
685046,
695148,
6A514D,
6E5650,
725B55,
74FF58,
725F58,
6E5B54,
4C3932,
8C7F7A,
FFFFFF,
FDFD00,
FEFEFE,
FEFEFE,
FFFFFF,
FFFFFF,
FFFFFF,
FFFFFF,
FFFFFF,
FFFFFF,
FFFFFF,
FFFFFF,
FFFFFF,
FFFFFF,
FFFFFF,
FFFFFF,
FFFFFF,
FFFFFF,
FFFFFF,
FFFFFF,
FFFFFF,
FFFFFF,
FFFFFF,
FFFFFF,
FFFFFF,
FFFFFF,
FFFFFF,
FFFFFF,
FFFFFF,
FFFFFF,
FFFFFF,
FFFFFF,
FFFFFF,
FFFFFF,
FFFFFF,
FFFFFF,
00FFFF,
FFFFFF,
FFFFFF,
FFFFFF,
FEFEFE,
FEFEFE,
FEFEFE,
FEFEFE,
FFFFFF,
FFFFFF,
FFFFFF,
FFFFFF,
FFFFFF,
FFFFFF,
FFFFFF,
FFFFFF,
FFFFFF,
FF00FF,
FFFFFF,
FFFFFF,
FFFFFF,
FFFFFF,
FFFFFF,
FFFFFF,
FFFFFF,
FFFFFF,
FFFFFF,
FFFFFF,
FFFFFF,
FFFFFF,
FFFFFF,
FFFFFF,
FFFFFF,
FFFFFF,
FFFFFF,
FFFFFF,
FFFFFF,
FFFFFF,
FFFFFF,
FFFFFF,
FFFFFF,
FFFFFF,
FFFFFF,
FFFFFF,
FFFFFF,
FFFFFF,
FFFFFF,
FFFFFF,
FFFFFF,
FFFFFF,
FFFFFF,
FFFFFF,
FFFFFF,
FFFFFF,
FFFFFF,
FFFFFF,
FFFFFF,
FFFFFF,
FFFFFF,
FFFFFF,
FFFFFF,
FFFFFF,
FFFFFF,
FFFFFF,
FFFFFF,
FFFFFF,
FFFFFF,
FFFFFF,
FFFFFF,
FFFFFF,
FFFFFF,
FFFFFF,
FFFFFF,
FFFFFF,
FFFFFF,
FFFFFF,
FFFFFF,
FFFFFF,
FFFFFF,
FFFFFF,
00FFFF,
FFFFFF,
FFFFFF,
FFFFFF,
FFFFFF,
FFFFFF,
FFFFFF,
FFFFFF,
FFFFFF,
FFFFFF,
FFFFFF,
FFFFFF,
FFFFFF,
FFFFFF,
FFFFFF,
FFFFFF,
FFFFFF,
FFFFFF,
FFFFFF,
FFFFFF,
FFFFFF,
FFFFFF,
FFFFFF,
FFFFFF,
FFFFFF,
FFFFFF,
FFFFFF,
FFFFFF,
FFFFFF,
FFFFFF,
FFFFFF,
FFFFFF,
FFFFFF,
FFFFFF,
FFFFFF,
FF00FF,
FFFFFF,
FFFFFF,
FFFFFF,
00FFFF,
FFFFFF,
FFFFFF,
FFFFFF,
FFFFFF,
FFFFFF,
FFFFFF,
FFFFFF,
FFFFFF,
FF00FF,
FFFF00,
FFFFFF,
FFFFFF,
FFFFFF,
FFFFFF,
FFFFFF,
FFFFFF,
FFFFFF,
FFFFFF,
FFFF00,
FFFFFF,
FFFFFF,
FFFFFF,
FFFFFF,
FFFFFF,
FFFFFF,
FFFFFF,
FFFFFF,
FFFFFF,
FFFFFF,
FFFFFF,
FFFFFF,
FFFFFF,
FFFFFF,
FFFFFF,
FFFFFF,
FEFFFF,
00FFFF,
FFFE00,
FFFFFF,
FDFDFD,
FBFCFB,
FFFFFF,
C4C1BF,
523832,
573830,
573A34,
563D38,
57FF3D,
5B4743,
5F4C48,
67FF50,
6F5C59,
746100,
736260,
71615F,
FF6563,
7B6C6C,
817474,
897C7C,
8E8080,
938585,
998B8B,
9D8F8F,
A09292,
A19393,
A19292,
9F9191,
9D008F,
978889,
918182,
897879,
837170,
7CFF67,
735E5C,
6F5A57,
6E004D,
694B41,
63453B,
614237,
603F33,
5D3C2F,
003B2C,
5E3A2C,
5C3B2D,
593C2E,
5AFF31,
5D3F34,
5E4237,
61453B,
644A41,
664E00,
674E46,
69504B,
6C554F,
705A54,
715C55,
6C5952,
6B5851,
55413A,
9F928E,
FFFFFF,
FCFCFC,
FFFFFF,
FFFFFF,
FFFFFF,
FFFFFF,
FFFFFF,
FFFFFF,
FFFFFF,
FFFFFF,
FFFFFF,
FFFFFF,
FFFFFF,
FFFFFF,
FFFFFF,
FFFFFF,
FF00FF,
FFFFFF,
FFFFFF,
FFFFFF,
FFFFFF,
FFFFFF,
FFFFFF,
FFFFFF,
FFFFFF,
00FFFF,
FFFFFF,
FFFFFF,
FFFFFF,
FFFFFF,
FFFFFF,
FFFFFF,
FFFFFF,
FFFFFF,
FFFFFF,
FFFFFF,
FFFFFF,
FFFFFF,
FFFFFF,
FFFFFF,
FEFEFE,
FEFEFE,
FE00FE,
FEFEFE,
FFFFFF,
FFFFFF,
FFFFFF,
FFFFFF,
FFFFFF,
FFFFFF,
FFFFFF,
FFFF00,
FFFFFF,
FFFFFF,
FFFFFF,
FFFFFF,
FFFFFF,
FFFFFF,
FFFFFF,
FFFFFF,
FF00FF,
FFFFFF,
FFFF00,
FFFFFF,
FFFF00,
FFFFFF,
FFFFFF,
FFFFFF,
FFFFFF,
FFFFFF,
FFFFFF,
FFFFFF,
FFFFFF,
FFFFFF,
FFFFFF,
FFFFFF,
FFFFFF,
FFFFFF,
FFFFFF,
FFFFFF,
00FFFF,
FFFFFF,
FFFFFF,
FFFFFF,
FFFFFF,
00FFFF,
FFFFFF,
FF00FF,
FFFFFF,
FFFFFF,
00FEFE,
FEFEFE,
FFFEFE,
FEFEFF,
FFFFFF,
FFFFFF,
FFFFFF,
FFFFFF,
FEFEFE,
FEFEFE,
FEFEFE,
FEFEFE,
FFFFFF,
FFFFFF,
FFFFFF,
FFFFFF,
FFFFFF,
FFFFFF,
FFFFFF,
FFFFFF,
FFFFFF,
FFFFFF,
FFFFFF,
FFFFFF,
FFFFFF,
FFFFFF,
FFFFFF,
FFFFFF,
FFFFFF,
FFFFFF,
FFFFFF,
FFFFFF,
FFFFFF,
FFFFFF,
FFFFFF,
FFFFFF,
FFFFFF,
FFFFFF,
FFFFFF,
FFFFFF,
FFFF00,
FFFFFF,
FFFFFF,
FFFFFF,
FF00FF,
FFFFFF,
FFFFFF,
FFFFFF,
FFFFFF,
FFFFFF,
FFFFFF,
FFFFFF,
FFFFFF,
FFFFFF,
FFFFFF,
FF00FF,
FFFFFF,
FFFFFF,
FFFFFF,
FFFFFF,
FFFFFF,
FFFFFF,
FFFFFF,
FFFFFF,
FFFFFF,
FFFFFF,
FFFFFF,
FFFFFF,
FFFFFF,
FFFFFF,
FFFFFF,
FFFFFF,
FFFFFF,
FFFFFF,
FFFFFF,
FF00FF,
FFFF00,
FFFFFF,
FFFFFF,
FFFFFF,
FFFFFF,
FFFFFF,
FFFF00,
FFFFFF,
FFFFFF,
FFFFFF,
FFFFFF,
FFFFFF,
FFFFFF,
FFFFFF,
FFFFFF,
FFFFFF,
FFFFFF,
FFFFFF,
FFFFFF,
FFFFFF,
FFFFFF,
FFFFFF,
FFFFFF,
FFFFFF,
FFFFFF,
FCFFFD,
FEFFFE,
FFFEFF,
FFFEFF,
FDFFFF,
FBFEFC,
FFFFFF,
BAAEAA,
51362F,
003931,
583B34,
573E00,
58413C,
5D4844,
604C4B,
655250,
6D5859,
745E61,
786465,
766364,
786667,
806E6F,
007576,
8C7D7E,
9283FF,
948889,
998D8F,
9D9193,
A19496,
9F9395,
9F9394,
9E9394,
9D8F92,
FF888C,
918184,
8AFF7A,
847070,
7D6866,
FF5E5C,
6F5754,
6B504B,
694B43,
64463D,
624338,
604035,
5E3D31,
5E3B2F,
5D3B2F,
5D3C2F,
5D3D2F,
5E3E31,
604335,
604438,
604439,
65493E,
684D42,
674F45,
69514A,
6A554B,
00584E,
6A594E,
67004D,
67554F,
5C4747,
B8AAAB,
FFFFFF,
FFFFFF,
FFFFFF,
FFFFFF,
FFFFFF,
FFFF00,
FFFFFF,
00FFFF,
FFFFFF,
FFFFFF,
FFFFFF,
FFFFFF,
FFFFFF,
FFFFFF,
FFFFFF,
FFFFFF,
FFFFFF,
FFFFFF,
FFFFFF,
FFFFFF,
FFFFFF,
FFFFFF,
FFFFFF,
FFFFFF,
FFFFFF,
FFFFFF,
FFFFFF,
FFFFFF,
FFFFFF,
FFFFFF,
FFFFFF,
FFFFFF,
FFFFFF,
FFFFFF,
FFFFFF,
FFFFFF,
FFFFFF,
FFFFFF,
FFFFFF,
FFFFFF,
FFFFFF,
FFFFFF,
FFFFFF,
FFFFFF,
FFFFFF,
FFFFFF,
FFFFFF,
FFFFFF,
FFFFFF,
FFFFFF,
FFFFFF,
FFFFFF,
FFFFFF,
FFFFFF,
FFFFFF,
FFFFFF,
FFFFFF,
FFFFFF,
FFFFFF,
FFFFFF,
FFFFFF,
FFFFFF,
FFFFFF,
FFFFFF,
FFFFFF,
FFFFFF,
FFFFFF,
FFFFFF,
FFFFFF,
FFFFFF,
FFFFFF,
FFFFFF,
FFFFFF,
FFFFFF,
FFFFFF,
FFFFFF,
FFFFFF,
FFFFFF,
FFFFFF,
FFFFFF,
FFFFFF,
FFFFFF,
FFFFFF,
FFFFFF,
FFFFFF,
FFFFFF,
FFFFFF,
FF00FF,
FFFFFF,
FFFFFF,
FEFEFE,
FEFEFE,
FEFEFE,
FEFEFE,
FFFFFF,
00FFFF,
FFFFFF,
FFFFFF,
FEFEFE,
FEFEFE,
FEFEFE,
FEFEFE,
FFFFFF,
FF00FF,
FFFFFF,
FFFFFF,
FFFFFF,
FFFFFF,
FFFFFF,
FFFFFF,
00FFFF,
FFFFFF,
FFFFFF,
FFFFFF,
FFFFFF,
FFFFFF,
0000FF,
FFFFFF,
FFFF00,
FFFFFF,
FFFFFF,
FFFFFF,
FFFFFF,
FFFFFF,
FFFFFF,
FFFFFF,
FFFFFF,
FFFFFF,
FFFFFF,
FFFF00,
FFFFFF,
FFFFFF,
FFFFFF,
FFFFFF,
FFFFFF,
FFFFFF,
FFFFFF,
FFFFFF,
FFFFFF,
FFFFFF,
FFFFFF,
FFFFFF,
FFFFFF,
FFFFFF,
FFFFFF,
FFFFFF,
FFFFFF,
FFFFFF,
FFFFFF,
FFFFFF,
FFFFFF,
00FFFF,
FFFFFF,
FFFFFF,
FFFFFF,
FFFFFF,
FFFFFF,
FFFFFF,
FFFFFF,
00FFFF,
FFFFFF,
FFFFFF,
FFFFFF,
FFFFFF,
FFFFFF,
FFFFFF,
FFFFFF,
FFFFFF,
FFFFFF,
FFFFFF,
FFFFFF,
FFFF00,
FFFFFF,
FFFFFF,
FF00FF,
FFFFFF,
FFFFFF,
FFFFFF,
00FFFF,
FFFFFF,
FFFFFF,
FFFFFF,
FFFFFF,
FFFFFF,
FFFFFF,
FFFFFF,
FFFFFF,
FFFFFF,
FFFFFF,
FFFFFF,
FFFFFE,
FBFFFC,
FEFFFD,
FFFDFF,
FFFEFF,
FBFFFF,
FAFDFC,
FFFFFD,
B2A19D,
4E342B,
54372E,
573D33,
5B41FF,
5B433F,
5E4844,
604C4C,
655352,
FF585B,
755E62,
7B6668,
7A6769,
006669,
816F70,
887879,
918182,
958789,
968A8C,
9C9092,
9F9395,
A09496,
A09597,
A29698,
9E9294,
9C8E92,
998A8E,
928386,
8B797C,
857070,
7D6765,
765E5A,
705652,
694E48,
674940,
62443A,
5F4136,
5E3E33,
5C3B30,
5C3A00,
00392D,
003A2C,
5B3B2C,
5C3C2E,
5E3F32,
5E4235,
604439,
64FF3E,
674BFF,
674D43,
675048,
685549,
69574B,
68574B,
635249,
665451,
614B00,
CDBFFF,
FFFFFF,
00FFFF,
FFFFFF,
FFFFFF,
FFFFFF,
FFFFFF,
FFFFFF,
FFFFFF,
FFFF00,
FFFFFF,
00FFFF,
FFFFFF,
FFFFFF,
FFFFFF,
FFFFFF,
FFFFFF,
FFFFFF,
FFFFFF,
FFFFFF,
FFFFFF,
FFFFFF,
FFFFFF,
FFFFFF,
FFFFFF,
FFFFFF,
FFFFFF,
FFFFFF,
FFFFFF,
FFFFFF,
FFFFFF,
FFFFFF,
FFFF00,
FFFFFF,
FFFFFF,
FFFFFF,
FFFFFF,
FFFFFF,
FFFFFF,
FFFFFF,
FFFFFF,
FFFFFF,
FFFFFF,
FFFFFF,
FF00FF,
FFFFFF,
FFFFFF,
FFFFFF,
FFFFFF,
FFFFFF,
FFFFFF,
FFFFFF,
FFFFFF,
FFFFFF,
FFFFFF,
FFFFFF,
FFFFFF,
FFFFFF,
FFFFFF,
FFFFFF,
FFFFFF,
FFFFFF,
FFFFFF,
FF00FF,
FFFFFF,
FFFFFF,
FFFFFF,
FFFFFF,
FFFFFF,
FFFFFF,
FFFFFF,
FFFFFF,
FFFFFF,
FFFFFF,
FFFFFF,
FFFFFF,
FFFFFF,
FFFFFF,
FFFFFF,
FFFFFF,
FFFFFF,
FFFFFF,
FFFFFF,
FFFFFF,
FFFFFF,
00FFFF,
FFFFFF,
FFFFFF,
FFFFFF,
FFFFFF,
FFFFFF,
FEFEFE,
FEFEFE,
FEFEFE,
FEFEFE,
FFFFFF,
FFFFFF,
FFFFFF,
FFFFFF,
FEFEFE,
FEFEFE,
FEFEFE,
FEFEFE,
FFFFFF,
FFFFFF,
FFFFFF,
FFFFFF,
FFFFFF,
FFFFFF,
FFFFFF,
00FFFF,
FFFFFF,
FFFFFF,
FFFFFF,
FFFFFF,
FFFFFF,
FFFFFF,
FFFFFF,
FFFFFF,
FFFFFF,
FFFFFF,
FFFFFF,
FFFFFF,
FFFFFF,
FFFFFF,
FFFFFF,
FFFFFF,
FFFFFF,
FFFFFF,
FFFFFF,
FFFFFF,
FFFFFF,
FFFFFF,
FFFFFF,
FFFFFF,
FFFFFF,
FFFFFF,
FFFFFF,
FFFFFF,
FFFFFF,
FFFFFF,
FFFFFF,
FFFFFF,
FFFFFF,
FFFFFF,
FFFFFF,
FFFFFF,
FFFFFF,
FFFFFF,
FFFFFF,
FFFFFF,
FFFFFF,
FFFFFF,
FFFFFF,
FFFFFF,
FFFFFF,
FFFFFF,
FFFFFF,
FFFFFF,
FF00FF,
FFFFFF,
FFFFFF,
FFFFFF,
FFFFFF,
FFFFFF,
FFFFFF,
FFFFFF,
FFFFFF,
FFFFFF,
FFFFFF,
FFFFFF,
FFFFFF,
FFFFFF,
FFFFFF,
FFFFFF,
FFFFFF,
FFFFFF,
FFFFFF,
FFFFFF,
FFFFFF,
FFFFFF,
FFFFFF,
FFFFFF,
FFFFFF,
FFFFFF,
FFFFFF,
FFFFFF,
FFFFFF,
00FFFF,
FFFFFF,
FFFFFF,
FFFFFE,
FBFFFC,
FEFFFD,
FFFDFF,
FFFEFF,
FAFEFF,
FAFDFC,
FFFFFD,
A59591,
FF332A,
563930,
583D34,
5B423C,
5C4440,
604A47,
634F4D,
675553,
6D595A,
750062,
7B6769,
7C696B,
7C696B,
817071,
89797A,
918283,
96898B,
9A8E90,
9F9395,
A29698,
A29698,
A29698,
A39799,
9F9395,
9C8E92,
FF8A8E,
928385,
8C7A7B,
847070,
7C6564,
755C59,
6E55FF,
694E47,
65483E,
FF4339,
5F4035,
5D3D32,
5B3B2F,
5C3A2E,
5B392C,
5A3A2A,
FF3A2B,
5A3A2C,
5C3D30,
5D4133,
004438,
63473D,
654A3F,
654C42,
654F46,
665347,
675549,
665448,
5D4C42,
685652,
645051,
DDD4D5,
FFFFFF,
FFFFFF,
FFFFFF,
FFFF00,
FFFFFF,
FFFFFF,
FFFFFF,
FFFFFF,
FFFFFF,
FFFFFF,
FFFFFF,
FFFFFF,
FFFFFF,
FFFFFF,
FFFFFF,
FFFFFF,
FFFFFF,
FFFFFF,
FFFFFF,
FFFFFF,
FFFFFF,
0000FF,
FFFFFF,
FFFFFF,
FFFFFF,
FFFF00,
FFFFFF,
FFFFFF,
FFFFFF,
FFFFFF,
FFFFFF,
FFFFFF,
FFFFFF,
FFFFFF,
FFFFFF,
FFFFFF,
FFFFFF,
FFFFFF,
FFFFFF,
FFFFFF,
FFFFFF,
FFFFFF,
FFFFFF,
FFFFFF,
FFFFFF,
FFFFFF,
FFFFFF,
FFFFFF,
FFFFFF,
FFFFFF,
FFFFFF,
FFFFFF,
FFFFFF,
FFFFFF,
FFFFFF,
FFFFFF,
FFFFFF,
FFFFFF,
FFFFFF,
FFFFFF,
FFFFFF,
FFFFFF,
FFFFFF,
FFFFFF,
FFFFFF,
FFFFFF,
FFFFFF,
FFFFFF,
FFFFFF,
FFFFFF,
FFFFFF,
FFFFFF,
FFFFFF,
FFFFFF,
FFFFFF,
FFFFFF,
FFFFFF,
FFFFFF,
FFFFFF,
FFFFFF,
FFFFFF,
FFFFFF,
FFFFFF,
FFFFFF,
FFFFFF,
FFFFFF,
FFFFFF,
FFFFFF,
FFFFFF,
FFFFFF,
FEFEFE,
FEFEFE,
FEFEFE,
FEFEFE,
FFFFFF,
FFFFFF,
FFFFFF,
FFFFFF,
FEFEFE,
FEFEFE,
FEFEFE,
FFFEFE,
FFFFFF,
FFFFFF,
FFFFFF,
FFFFFF,
FF00FF,
FFFFFF,
FFFFFF,
FFFFFF,
FFFFFF,
FFFFFF,
FFFFFF,
FFFFFF,
FFFFFF,
FFFFFF,
FFFFFF,
FFFFFF,
FFFFFF,
FFFFFF,
FFFFFF,
FFFFFF,
FFFFFF,
FFFFFF,
FFFFFF,
FFFFFF,
FFFFFF,
FFFFFF,
FFFFFF,
FFFFFF,
FFFFFF,
FFFFFF,
FFFFFF,
FFFFFF,
FFFFFF,
FFFFFF,
FFFFFF,
FFFFFF,
FFFFFF,
FFFFFF,
FFFFFF,
FFFFFF,
FFFFFF,
FFFFFF,
FFFFFF,
FFFFFF,
FFFFFF,
FFFFFF,
FFFFFF,
FFFFFF,
FFFFFF,
FF00FF,
FFFFFF,
FFFFFF,
FFFFFF,
FFFFFF,
FFFFFF,
FFFFFF,
FFFFFF,
FFFFFF,
FFFFFF,
FFFFFF,
FFFFFF,
FFFFFF,
FFFFFF,
FFFFFF,
FFFFFF,
FFFF00,
FFFFFF,
FFFFFF,
FFFFFF,
FFFFFF,
FFFFFF,
FFFFFF,
FFFFFF,
FFFFFF,
FFFFFF,
FFFFFF,
FFFFFF,
FFFFFF,
FFFFFF,
FFFFFF,
FFFFFF,
FFFFFF,
FFFFFF,
FFFFFF,
FFFFFF,
FFFFFF,
FFFFFF,
FFFFFF,
FFFFFE,
FBFFFC,
FEFFFD,
FFFDFF,
FFFEFF,
FAFEFF,
FBFEFC,
FFFFFE,
9C8D00,
51362D,
583B32,
583D34,
593F3A,
5C4440,
624C49,
65514F,
695755,
6E5A5B,
735F61,
786567,
7C686A,
7E6D6E,
847475,
8A7B7C,
908282,
978A8B,
9C9092,
A19597,
A5999B,
A7009D,
A4989A,
A19597,
A09597,
9E9093,
00888C,
928184,
8B797A,
826F6D,
7A6462,
735B57,
6D544F,
694E00,
66493E,
610039,
5F4035,
5E3E32,
5D3C2F,
5D3B2E,
5C002C,
5C3C2D,
5C3C2D,
5C3C2E,
5D3F31,
FF4133,
5F4338,
62463B,
00483D,
634AFF,
624E44,
645045,
655146,
624E43,
FF4940,
675551,
6B5959,
E8E2E2,
FFFFFF,
FFFFFF,
FFFFFF,
FFFFFF,
FFFF00,
FFFFFF,
FF00FF,
FFFFFF,
FFFFFF,
FFFFFF,
FFFFFF,
00FFFF,
FFFFFF,
FFFFFF,
FFFFFF,
FFFFFF,
FFFFFF,
FFFF00,
FFFFFF,
FFFFFF,
FFFFFF,
FFFFFF,
FFFFFF,
FFFFFF,
FFFFFF,
FFFFFF,
FFFFFF,
FFFFFF,
FFFFFF,
FFFFFF,
FFFFFF,
FFFFFF,
FF00FF,
FFFFFF,
FFFFFF,
FFFFFF,
FFFFFF,
FFFFFF,
FFFFFF,
FFFFFF,
FFFFFF,
FFFFFF,
FFFFFF,
FFFFFF,
FFFFFF,
FFFF00,
FFFFFF,
FFFFFF,
FFFFFF,
FFFFFF,
FFFFFF,
FF00FF,
FFFFFF,
FFFFFF,
FFFFFF,
FFFFFF,
FFFFFF,
FFFFFF,
FFFFFF,
FFFFFF,
FFFFFF,
FFFFFF,
FFFFFF,
FFFFFF,
FFFFFF,
FFFFFF,
FFFFFF,
FFFFFF,
FFFFFF,
FFFFFF,
FFFFFF,
FFFF00,
FFFFFF,
FFFFFF,
FFFFFF,
FFFFFF,
FFFFFF,
FFFFFF,
FFFFFF,
FFFFFF,
FF00FF,
FFFFFF,
FFFFFF,
FFFFFF,
FFFFFF,
FFFFFF,
FFFFFF,
FFFFFF,
FFFFFF,
FFFFFF,
FEFEFE,
FEFEFE,
FEFEFE,
FEFEFE,
FF00FF,
FFFFFF,
FFFFFF,
FFFFFF,
FE00FE,
FEFEFE,
FEFE00,
FEFEFE,
FFFFFF,
FFFFFF,
FFFFFF,
FFFFFF,
FF00FF,
FFFFFF,
FFFFFF,
FFFFFF,
FFFFFF,
FFFFFF,
FFFFFF,
FFFFFF,
FFFFFF,
FFFFFF,
FFFFFF,
FFFFFF,
FFFFFF,
FFFFFF,
FFFFFF,
FFFFFF,
FFFFFF,
FFFFFF,
FFFFFF,
FFFFFF,
FFFFFF,
FFFFFF,
FFFFFF,
FFFFFF,
FFFFFF,
FFFFFF,
FFFFFF,
FFFFFF,
FFFFFF,
FFFFFF,
FFFFFF,
FFFFFF,
FFFFFF,
FFFFFF,
FFFFFF,
FFFFFF,
FFFFFF,
FFFFFF,
FFFFFF,
FFFFFF,
FFFFFF,
FFFFFF,
FFFFFF,
FFFFFF,
FF00FF,
FFFFFF,
FFFFFF,
FFFFFF,
FFFFFF,
FFFFFF,
FF00FF,
FF00FF,
FFFFFF,
FFFFFF,
FFFFFF,
FFFFFF,
FFFFFF,
FFFFFF,
FFFFFF,
FFFFFF,
FFFFFF,
FFFFFF,
FFFFFF,
FFFFFF,
FFFFFF,
FFFFFF,
FFFFFF,
FFFFFF,
FFFFFF,
FFFFFF,
FFFFFF,
FFFFFF,
FFFFFF,
FFFFFF,
FFFFFF,
FFFFFF,
FFFFFF,
FFFFFF,
FFFFFF,
FFFF00,
FFFFFF,
FFFFFF,
FFFFFF,
FFFFFF,
FFFFFE,
FBFFFC,
FEFFFD,
FFFDFF,
FFFEFF,
FAFDFE,
F9FCFA,
FFFF00,
978784,
50352C,
573A32,
590000,
5A413B,
5E4642,
634D4A,
665251,
6A58FF,
725E5F,
766164,
7966FF,
7B696B,
7F6F70,
877879,
8E8080,
968888,
9A8D8E,
9C9092,
A29698,
A5999B,
A79B9D,
A5999B,
A39799,
A09400,
FF8E91,
9688FF,
8F8181,
897777,
826D6C,
FF6461,
735A56,
6C534E,
674D44,
65473C,
604237,
5D3E33,
5C3C2F,
5B3B2D,
5C3B2C,
5A3929,
5B3B2A,
5C3C2D,
5C002E,
5C3E00,
5D4033,
5F4337,
61463B,
62473C,
61493E,
614C43,
644E43,
644F43,
614B41,
5D4B42,
60504A,
746565,
F8F3F3,
FFFFFF,
FFFFFF,
FFFFFF,
FFFFFF,
FFFFFF,
FFFFFF,
FFFFFF,
FFFFFF,
FFFFFF,
FFFFFF,
FFFFFF,
FFFFFF,
FFFFFF,
FFFFFF,
FFFFFF,
FFFFFF,
FFFFFF,
FFFFFF,
FF00FF,
FFFFFF,
FFFFFF,
FFFFFF,
FFFFFF,
FFFFFF,
FFFFFF,
FFFFFF,
FFFF00,
FFFFFF,
00FFFF,
FFFFFF,
FFFFFF,
FFFFFF,
FFFFFF,
FFFFFF,
FFFFFF,
FFFFFF,
FFFF00,
FF00FF,
FF00FF,
FFFFFF,
FFFFFF,
FFFFFF,
00FFFF,
FFFFFF,
FFFFFF,
FFFFFF,
FFFFFF,
FFFFFF,
FFFFFF,
FFFFFF,
FFFF00,
FFFFFF,
FFFFFF,
FFFFFF,
FFFFFF,
FFFFFF,
00FFFF,
FFFFFF,
FFFFFF,
FFFFFF,
FFFFFF,
FFFFFF,
00FFFF,
FFFFFF,
FFFFFF,
FFFFFF,
FFFFFF,
FFFFFF,
FFFFFF,
FFFFFF,
FFFFFF,
FFFFFF,
FFFFFF,
FFFFFF,
FFFFFF,
FFFFFF,
FFFF00,
FFFFFF,
FFFFFF,
FFFFFF,
FFFFFF,
FFFFFF,
FFFFFF,
FFFFFF,
FFFFFF,
00FFFF,
FFFFFF,
FFFFFF,
FFFFFF,
FFFFFF,
FEFEFE,
00FEFE,
FEFEFE,
FEFEFE,
FFFFFF,
FFFFFF,
FFFFFF,
FFFFFF,
FEFEFE,
FEFEFE,
FEFEFE,
FEFEFE,
FFFFFF,
FF00FF,
FFFFFF,
FFFFFF,
FFFFFF,
FFFFFF,
FFFFFF,
FFFFFF,
FFFFFF,
FFFFFF,
FFFFFF,
FFFF00,
FFFFFF,
FFFFFF,
FFFFFF,
FFFFFF,
FFFFFF,
FFFFFF,
FFFFFF,
FFFFFF,
FFFFFF,
FFFFFF,
FFFFFF,
FFFFFF,
FFFFFF,
FFFFFF,
FFFFFF,
FFFFFF,
FFFFFF,
FFFFFF,
FFFFFF,
FFFFFF,
FFFFFF,
FFFFFF,
FFFFFF,
00FFFF,
00FFFF,
FFFFFF,
FFFFFF,
FFFFFF,
00FFFF,
FFFFFF,
FFFFFF,
FFFFFF,
FFFFFF,
FFFFFF,
FFFFFF,
FFFFFF,
FFFFFF,
FFFFFF,
FFFFFF,
FFFFFF,
FFFFFF,
FFFFFF,
FFFFFF,
FFFFFF,
FFFFFF,
FFFFFF,
FFFFFF,
FFFFFF,
FFFFFF,
FFFFFF,
FFFFFF,
FFFFFF,
FFFFFF,
FFFFFF,
FFFFFF,
FFFFFF,
FFFFFF,
FFFFFF,
FFFFFF,
FFFFFF,
FFFFFF,
FFFFFF,
FFFFFF,
FFFFFF,
FFFFFF,
FFFFFF,
FFFFFF,
FFFFFF,
FFFFFF,
FFFFFF,
FFFFFF,
FFFFFF,
FFFFFF,
FFFFFF,
FFFFFF,
FFFFFF,
FFFFFE,
FBFFFC,
FEFFFD,
FFFDFF,
FFFEFF,
FAFE00,
F9FDFB,
FFFFFC,
968682,
4F342B,
563931,
593E35,
5C433D,
5F0043,
634D4A,
665150,
6B5957,
736061,
786467,
7A6700,
7B6B6C,
807172,
897B7B,
918383,
9A8C8C,
9D9193,
9F93FF,
A39799,
A4989A,
A5999B,
A69A9C,
A5999B,
A09395,
9A008E,
958787,
8E807F,
887574,
816C6A,
7A635F,
735B55,
6D544E,
004D43,
63463A,
5E4135,
5C3E31,
5B3B2D,
5A3A2A,
593828,
593827,
5A3929,
5B3B2C,
5C3C2D,
5D3E30,
5D4033,
5F4337,
60453A,
62473C,
62493F,
614C43,
634D42,
624B41,
5E473D,
604B43,
584844,
817573,
FFFFFC,
FFFFFF,
FFFFFF,
FFFFFF,
FFFFFF,
FFFFFF,
FFFFFF,
FFFFFF,
FFFFFF,
FFFFFF,
FFFFFF,
FFFFFF,
FFFFFF,
FFFFFF,
FFFFFF,
FFFFFF,
FFFFFF,
FFFFFF,
FFFFFF,
FFFFFF,
FFFFFF,
FFFFFF,
FFFFFF,
FFFFFF,
FFFFFF,
FFFFFF,
FFFFFF,
FFFFFF,
FFFFFF,
FFFFFF,
FFFFFF,
FFFFFF,
FFFFFF,
FFFFFF,
FFFFFF,
00FFFF,
FFFFFF,
FFFFFF,
FFFFFF,
FFFFFF,
FFFFFF,
FFFFFF,
FFFFFF,
FFFF00,
FFFFFF,
FFFFFF,
FFFFFF,
FFFFFF,
FFFFFF,
FFFFFF,
FFFFFF,
FFFFFF,
FFFFFF,
FFFFFF,
FFFFFF,
FFFFFF,
FFFFFF,
FFFF00,
FFFFFF,
FFFFFF,
FFFFFF,
FF00FF,
00FFFF,
FFFFFF,
FFFFFF,
FFFFFF,
FFFF00,
FFFFFF,
00FFFF,
FFFFFF,
FFFFFF,
FFFFFF,
FFFFFF,
FFFFFF,
FFFFFF,
FFFFFF,
FFFFFF,
FFFFFF,
FFFFFF,
FFFFFF,
FF00FF,
FFFFFF,
FFFFFF,
FFFFFF,
FFFFFF,
FFFFFF,
FFFFFF,
FFFFFF,
FFFFFF,
FFFFFF,
FF00FF,
FFFFFF,
FFFFFF,
FFFFFF,
FFFFFF,
FFFFFF,
FFFFFF,
FFFFFF,
FFFFFF,
FFFFFF,
FFFFFF,
FFFFFF,
FFFFFF,
FFFFFF,
FFFFFF,
FFFFFF,
FFFFFF,
FFFFFF,
FF00FF,
FFFFFF,
FFFFFF,
00FFFF,
FFFFFF,
FFFFFF,
FFFFFF,
FFFFFF,
FFFFFF,
FFFFFF,
FF0000,
FFFFFF,
FFFFFF,
FFFFFF,
FFFFFF,
FFFFFF,
FFFFFF,
FFFFFF,
FFFFFF,
FFFFFF,
FFFFFF,
FFFFFF,
FFFFFF,
FFFFFF,
FFFFFF,
FFFFFF,
FFFFFF,
FFFFFF,
FFFFFF,
00FFFF,
FF00FF,
FFFFFF,
FFFFFF,
FFFFFF,
FFFFFF,
FFFF00,
FFFFFF,
FFFFFF,
FFFFFF,
FFFFFF,
FF00FF,
FFFFFF,
FFFFFF,
FFFFFF,
FFFFFF,
FFFFFF,
FFFFFF,
FFFFFF,
FFFF00,
FFFFFF,
FFFFFF,
FF00FF,
FFFF00,
FFFFFF,
FFFFFF,
FFFFFF,
FFFFFF,
FFFFFF,
FFFFFF,
FFFFFF,
FFFFFF,
FFFFFF,
FFFFFF,
FF00FF,
FFFFFF,
FFFFFF,
FFFFFF,
FFFFFF,
FFFFFF,
FFFF00,
FFFFFF,
FFFFFF,
FFFFFF,
FFFFFF,
FFFFFF,
FFFFFF,
FFFFFF,
FFFFFF,
FFFFFF,
FFFFFF,
FFFFFF,
FFFFFF,
00FFFF,
FFFFFE,
FBFFFC,
FEFFFD,
FFFDFF,
FFFEFF,
FCFFFF,
FBFEFD,
FFFFFD,
988784,
4E342B,
573A32,
5B3F36,
5D443E,
5E0042,
624C49,
665251,
6D5B59,
736061,
786567,
79696A,
7D6D6E,
827374,
897B7B,
908484,
988D8D,
9F9395,
A29698,
A4989A,
A5999B,
A69A9C,
FF9A9C,
A4989A,
9F9396,
9A8D8E,
948686,
8E7F7E,
867472,
7F6B68,
78625D,
725A54,
6C5300,
684E43,
64463B,
5F4236,
5E4032,
5C3C2D,
5B3A2B,
5A3900,
5A3900,
5A3929,
5A3A2B,
FF3D2E,
5F4032,
5E4134,
5E4237,
60453A,
62473C,
61493E,
604B41,
614A3F,
5F473D,
5B4339,
604B43,
50413C,
998E8B,
FFFFFE,
FFFFFF,
FFFF00,
FFFFFF,
FFFFFF,
FFFFFF,
FFFFFF,
FFFFFF,
FFFFFF,
FFFFFF,
FFFFFF,
FFFFFF,
FFFFFF,
FFFF00,
FFFFFF,
FFFFFF,
FFFFFF,
FFFFFF,
FFFFFF,
FFFFFF,
FFFFFF,
FFFFFF,
FFFFFF,
FFFFFF,
00FFFF,
FFFFFF,
FFFFFF,
FFFFFF,
FFFFFF,
FFFFFF,
FFFFFF,
FFFFFF,
FFFFFF,
FFFFFF,
FFFFFF,
FFFFFF,
FFFFFF,
FFFFFF,
FFFFFF,
FFFFFF,
FFFFFF,
FFFFFF,
FFFFFF,
FFFFFF,
FFFFFF,
FFFFFF,
FFFFFF,
FFFFFF,
FFFFFF,
FFFFFF,
FFFFFF,
FFFFFF,
FFFFFF,
FFFFFF,
FF00FF,
00FFFF,
FFFFFF,
FFFFFF,
FFFFFF,
FFFFFF,
FFFFFF,
FFFFFF,
FFFFFF,
FFFFFF,
FFFFFF,
FFFFFF,
FFFFFF,
FFFFFF,
FFFFFF,
FFFFFF,
FFFF00,
FFFFFF,
FFFFFF,
FFFFFF,
FFFFFF,
FFFFFF,
FFFFFF,
FFFF00,
FFFFFF,
FFFFFF,
FFFFFF,
FFFFFF,
FFFFFF,
FF00FF,
FFFFFF,
FFFFFF,
FF00FF,
FFFFFF,
FFFFFF,
FFFFFF,
FFFFFF,
FF00FF,
FFFFFF,
FFFFFF,
FFFF00,
FFFFFF,
FFFFFF,
FFFFFF,
FFFF00,
FFFFFF,
FFFFFF,
FFFF00,
FF00FF,
FFFFFF,
FFFFFF,
FFFFFF,
FFFFFF,
FFFFFF,
FFFFFF,
FF00FF,
FFFF00,
FFFFFF,
FFFFFF,
FFFFFF,
FFFFFF,
FFFFFF,
FFFFFF,
FFFFFF,
FFFFFF,
FFFFFF,
FFFFFF,
FFFFFF,
FFFF00,
FFFFFF,
FFFFFF,
FFFFFF,
FFFFFF,
FFFFFF,
FFFFFF,
FFFFFF,
FFFFFF,
FFFFFF,
FFFFFF,
FFFFFF,
FFFFFF,
FFFFFF,
FFFFFF,
FFFFFF,
FFFFFF,
FFFFFF,
FFFFFF,
FFFFFF,
FFFFFF,
FFFFFF,
FFFFFF,
FFFFFF,
FFFFFF,
FFFFFF,
FFFFFF,
FFFFFF,
FFFFFF,
FFFFFF,
FFFFFF,
FFFFFF,
FFFFFF,
FFFFFF,
FFFFFF,
FFFFFF,
FFFFFF,
FFFFFF,
FFFFFF,
FFFFFF,
FFFFFF,
FFFFFF,
FFFFFF,
FFFFFF,
FFFFFF,
FFFFFF,
FFFFFF,
FFFFFF,
FFFF00,
FFFFFF,
FFFFFF,
FFFFFF,
FFFFFF,
FFFFFF,
FFFFFF,
FFFFFF,
FFFFFF,
FFFFFF,
FFFFFF,
FFFFFF,
FFFFFF,
FFFFFF,
FFFFFF,
FFFFFF,
FFFFFF,
FFFFFF,
FFFFFF,
FFFFFF,
FFFFFF,
FFFFFE,
FBFFFC,
FEFFFD,
FFFDFF,
FFFEFF,
FCFFFF,
FCFFFD,
FFFFFD,
98FF84,
52FF2F,
5C3F36,
5D4138,
5C433D,
5E4642,
634D4A,
675352,
6F5D5B,
746263,
776668,
7A6A6B,
7D6F6F,
847575,
897C7C,
918585,
998F8E,
A09495,
A39799,
A5FF9B,
A5999B,
A79B9D,
A69A9C,
A4989A,
9F9396,
9A8D8E,
950086,
8D7E7C,
857370,
7E6A66,
77615C,
715952,
6B004B,
674D42,
64483A,
614436,
5F4132,
5D3E2D,
5C3C2B,
5C3A29,
5B3A27,
5B3B2A,
5A3A2B,
5D3D2E,
5F4032,
5E4134,
5E4237,
604439,
61463B,
60483D,
5D483F,
5F473D,
5F433B,
FF4038,
604A42,
473934,
B6FFAB,
FFFFFE,
FFFFFF,
FFFFFF,
FFFFFF,
FFFF00,
FFFFFF,
FFFFFF,
FFFFFF,
FFFFFF,
FFFFFF,
FFFFFF,
FFFFFF,
FFFFFF,
FFFFFF,
FFFFFF,
FFFFFF,
FFFFFF,
FFFFFF,
FFFFFF,
FFFFFF,
FFFFFF,
FFFFFF,
FFFFFF,
FFFFFF,
FFFFFF,
FFFFFF,
FFFFFF,
FFFF00,
FF00FF,
FFFFFF,
FFFFFF,
FFFFFF,
FFFFFF,
FFFFFF,
FFFFFF,
FFFFFF,
FFFFFF,
FFFFFF,
FFFFFF,
FFFFFF,
FFFF00,
FFFFFF,
FFFFFF,
FFFFFF,
FFFFFF,
FFFFFF,
FFFFFF,
FFFFFF,
FFFF00,
FFFFFF,
FFFFFF,
FFFFFF,
FFFFFF,
FFFFFF,
FFFFFF,
FFFFFF,
FFFFFF,
FFFFFF,
FFFFFF,
FFFFFF,
FFFFFF,
FFFFFF,
FFFFFF,
FFFFFF,
FFFFFF,
FFFFFF,
FFFFFF,
FFFFFF,
FFFFFF,
FFFFFF,
FFFFFF,
FFFFFF,
FFFF00,
FFFFFF,
FFFFFF,
FFFFFF,
FFFFFF,
FFFFFF,
FFFFFF,
FFFFFF,
FFFFFF,
FFFFFF,
FFFFFF,
FFFFFF,
FFFFFF,
FFFFFF,
FFFFFF,
FFFFFF,
FFFF00,
FFFFFF,
FFFFFF,
FFFFFF,
FFFFFF,
FFFFFF,
FFFFFF,
FFFFFF,
FFFFFF,
FFFFFF,
FFFFFF,
FFFFFF,
FFFFFF,
FFFFFF,
FFFFFF,
FFFFFF,
FFFFFF,
FFFFFF,
00FFFF,
FF00FF,
FFFFFF,
FFFFFF,
FFFF00,
FFFFFF,
FFFFFF,
FFFFFF,
00FFFF,
FFFFFF,
FFFFFF,
FFFFFF,
FFFFFF,
FFFFFF,
FFFFFF,
FFFFFF,
FFFFFF,
FFFFFF,
FFFFFF,
FFFFFF,
FFFFFF,
FFFFFF,
FFFFFF,
FFFFFF,
FFFFFF,
FFFFFF,
FFFFFF,
FFFFFF,
FFFFFF,
FFFFFF,
FFFFFF,
FFFFFF,
FFFF00,
FFFFFF,
FFFFFF,
FFFFFF,
FFFFFF,
FFFF00,
FFFFFF,
FFFFFF,
FFFFFF,
FFFFFF,
FFFFFF,
00FFFF,
FFFFFF,
FFFFFF,
FFFFFF,
FFFFFF,
00FF00,
FFFFFF,
FFFFFF,
FFFFFF,
FFFFFF,
FFFFFF,
FFFFFF,
FFFFFF,
FFFFFF,
FFFFFF,
FFFFFF,
FFFFFF,
FFFFFF,
FFFFFF,
FFFFFF,
FFFFFF,
FFFFFF,
FFFFFF,
FFFFFF,
FFFFFF,
FFFFFF,
FFFFFF,
FFFFFF,
FFFFFF,
FFFFFF,
FFFFFF,
FFFFFF,
FFFFFF,
FFFFFF,
FFFFFF,
FFFFFF,
FFFFFF,
FFFFFF,
FFFFFF,
FFFFFF,
FFFFFF,
FFFFFF,
FFFFFE,
FBFFFC,
FEFFFD,
00FDFF,
FFFEFF,
FBFFFF,
FAFEFB,
FFFFFB,
998885,
52372E,
5E4038,
5F443B,
FF453F,
604843,
644F4B,
6A5554,
725F5E,
756565,
7969FF,
7B6D6D,
7F7171,
837777,
8A7E7E,
938887,
9B9190,
A19596,
A39799,
A5999B,
A69A9C,
A79B9D,
A69A9C,
A4989A,
9F9396,
9A8D8E,
948685,
8B7D7B,
83726E,
7C6864,
755F59,
6F5750,
695048,
664C40,
634739,
604334,
5F4100,
5E3E2E,
5C3C2A,
5C3A27,
5B3A27,
5BFF29,
5A3A2B,
5D002E,
5F4032,
5E4134,
5E4237,
5F4338,
60453A,
5E463C,
5B463C,
5D4400,
5D4038,
003D36,
5D453E,
443631,
CDC8C3,
FF00FF,
FFFFFF,
FFFFFF,
FFFFFF,
FFFFFF,
FFFFFF,
FFFFFF,
FFFFFF,
FFFFFF,
FFFFFF,
FFFFFF,
FFFFFF,
FFFFFF,
FFFFFF,
FFFFFF,
FFFFFF,
FFFFFF,
FFFFFF,
FFFFFF,
FFFFFF,
FFFFFF,
FFFFFF,
FFFFFF,
FFFFFF,
FFFFFF,
FFFFFF,
FFFFFF,
FFFFFF,
FFFFFF,
FFFFFF,
FFFFFF,
FFFFFF,
FFFFFF,
00FFFF,
FFFFFF,
FFFFFF,
FFFFFF,
FFFFFF,
FFFFFF,
FFFFFF,
FFFFFF,
FFFFFF,
FFFFFF,
FFFFFF,
FFFFFF,
FFFFFF,
FFFFFF,
FFFFFF,
FFFFFF,
FFFFFF,
FFFFFF,
FFFFFF,
FFFFFF,
FFFFFF,
FFFFFF,
FFFFFF,
FFFFFF,
FFFFFF,
FFFFFF,
FFFFFF,
FFFFFF,
FFFFFF,
FFFFFF,
FFFFFF,
FFFFFF,
FFFFFF,
FFFFFF,
00FFFF,
FFFFFF,
FFFFFF,
FFFFFF,
FFFFFF,
FFFFFF,
FFFFFF,
FFFFFF,
FFFFFF,
00FFFF,
FFFFFF,
FFFFFF,
FFFFFF,
FFFFFF,
FFFFFF,
FFFFFF,
FFFFFF,
FFFFFF,
FFFFFF,
FFFFFF,
FFFFFF,
FFFFFF,
FF00FF,
FFFFFF,
FFFFFF,
FFFFFF,
FFFFFF,
FFFFFF,
FFFF00,
FFFFFF,
FFFFFF,
FFFFFF,
FFFFFF,
FFFFFF,
FFFFFF,
FFFFFF,
FFFFFF,
FFFFFF,
FFFFFF,
FFFFFF,
FFFFFF,
FFFFFF,
FFFFFF,
FFFFFF,
FFFFFF,
FFFFFF,
FFFFFF,
FFFFFF,
FFFFFF,
FFFFFF,
FFFFFF,
FFFFFF,
FFFFFF,
FFFFFF,
FFFFFF,
FFFFFF,
FFFFFF,
FFFFFF,
00FFFF,
FFFFFF,
FFFFFF,
FFFFFF,
FFFFFF,
FFFFFF,
FFFFFF,
FFFFFF,
FFFFFF,
FFFFFF,
FF00FF,
FFFFFF,
FFFFFF,
FFFFFF,
FFFFFF,
FFFFFF,
FFFFFF,
FFFFFF,
FFFFFF,
FFFFFF,
FFFFFF,
FFFFFF,
FFFFFF,
FFFFFF,
FFFFFF,
FFFFFF,
FFFFFF,
FFFFFF,
FF00FF,
FFFFFF,
FFFFFF,
FFFFFF,
FFFFFF,
FFFF00,
FFFFFF,
FFFFFF,
FFFFFF,
FFFFFF,
FFFFFF,
FFFFFF,
FFFFFF,
FFFFFF,
FFFFFF,
FFFFFF,
FFFFFF,
FFFFFF,
FF00FF,
FFFFFF,
FFFFFF,
FFFFFF,
FFFFFF,
FFFFFF,
FFFFFF,
FFFFFF,
FFFFFF,
FFFFFF,
FFFFFF,
FFFFFF,
FFFFFF,
FFFFFF,
FFFFFF,
FFFFFF,
FFFFFF,
FFFFFF,
FFFF00,
FFFFFF,
FFFFFE,
FBFFFC,
FEFFFD,
FFFDFF,
FFFEFF,
FAFEFF,
FAFDFB,
FF00FC,
9DFF89,
4F342B,
5B3E36,
61463D,
614842,
614945,
65FF4C,
6C5756,
73615F,
006666,
7A6B6D,
7C6F6E,
807272,
847878,
8C8080,
948A88,
9C9391,
A19697,
A4979A,
A69A9C,
A69A9C,
A79B9D,
A69A9C,
A4989A,
9F9395,
9A8D8D,
930084,
8A7C7A,
81716D,
7B6762,
FF5F56,
6D564D,
674F46,
634A3D,
614537,
5E4232,
5E4030,
5D3D2C,
5C3C29,
003A26,
5B3A26,
5B3A28,
5A3A2B,
5D3D2E,
5F4032,
5EFF34,
5E4237,
5F4300,
5F4439,
5DFF3A,
5A003B,
5D433A,
5D4038,
5C3F37,
003E37,
51433E,
E3E0DA,
FFFFFF,
FFFFFF,
FFFFFF,
FFFFFF,
FFFFFF,
FFFFFF,
FFFFFF,
FFFFFF,
FFFFFF,
FFFFFF,
FFFFFF,
FFFFFF,
FFFFFF,
FFFFFF,
FFFFFF,
FFFFFF,
FFFFFF,
FFFFFF,
FFFFFF,
FFFFFF,
FFFFFF,
FFFFFF,
FFFFFF,
FFFFFF,
FFFFFF,
FFFFFF,
FFFFFF,
FFFFFF,
FFFFFF,
FFFFFF,
FFFFFF,
FFFFFF,
FFFFFF,
FFFFFF,
FFFFFF,
FFFFFF,
00FFFF,
FFFFFF,
FFFFFF,
FFFFFF,
FFFFFF,
FFFFFF,
FFFFFF,
FFFFFF,
FF00FF,
FFFFFF,
FFFFFF,
FFFFFF,
FFFFFF,
FFFFFF,
FFFFFF,
FFFFFF,
FFFFFF,
FFFFFF,
FFFFFF,
FFFFFF,
FFFFFF,
FFFFFF,
FFFFFF,
FFFFFF,
FFFFFF,
FFFFFF,
FFFFFF,
FFFFFF,
FFFFFF,
00FFFF,
FFFFFF,
FFFFFF,
FFFFFF,
FFFFFF,
FFFFFF,
FFFFFF,
FFFFFF,
FFFFFF,
FFFFFF,
FFFFFF,
FFFFFF,
FFFFFF,
FFFFFF,
FFFFFF,
FFFFFF,
FFFFFF,
FFFFFF,
FFFFFF,
FFFFFF,
FFFFFF,
FFFFFF,
FFFFFF,
FFFF00,
FFFF00,
FFFFFF,
FFFFFF,
FFFFFF,
FFFFFF,
FFFFFF,
FFFFFF,
FFFFFF,
FFFFFF,
FFFFFF,
FFFFFF,
FFFFFF,
FFFFFF,
FFFFFF,
FFFFFF,
FFFFFF,
FFFFFF,
FFFFFF,
FFFFFF,
FFFFFF,
FFFFFF,
FFFFFF,
FFFFFF,
FFFFFF,
00FFFF,
FFFFFF,
FFFFFF,
FFFFFF,
FFFFFF,
FFFFFF,
FFFFFF,
FFFFFF,
FFFFFF,
FFFFFF,
00FFFF,
FFFFFF,
FFFFFF,
FFFFFF,
FFFFFF,
FFFF00,
FFFFFF,
FFFFFF,
FFFFFF,
FFFFFF,
FFFFFF,
FFFFFF,
FFFFFF,
FFFFFF,
FFFFFF,
00FFFF,
FFFFFF,
FFFFFF,
FFFFFF,
FFFFFF,
FFFFFF,
FFFFFF,
FFFFFF,
FFFFFF,
FFFFFF,
FFFFFF,
FFFFFF,
FFFFFF,
FFFFFF,
FFFFFF,
FFFFFF,
FFFFFF,
FFFFFF,
FFFFFF,
FFFFFF,
FFFFFF,
FFFFFF,
FFFFFF,
FFFFFF,
FFFFFF,
FFFFFF,
FFFFFF,
FFFFFF,
FFFFFF,
FFFFFF,
FFFFFF,
FF00FF,
FFFFFF,
FFFFFF,
FFFFFF,
FFFFFF,
FFFFFF,
FFFFFF,
FFFFFF,
FFFFFF,
FFFFFF,
FFFFFF,
FFFFFF,
FFFFFF,
FFFFFF,
FF00FF,
FFFFFF,
FFFFFF,
FF00FF,
FFFFFF,
FFFFFF,
FFFFFF,
FFFFFF,
FFFFFF,
FBFFFD,
FEFFFE,
FFFE00,
FFFEFF,
FCFEFF,
FCFEFD,
FFFFFF,
A19492,
003A32,
5D4239,
5E453D,
5B433D,
604944,
66524E,
6C5957,
756361,
786867,
7C6C6D,
7E7070,
827474,
867979,
8C8281,
948A8A,
9D9394,
A29799,
A3989B,
A5009D,
A69B9D,
A79B9D,
A69A9C,
A4989A,
9F9395,
9A8C8C,
948484,
8B7A78,
826F6B,
7A655F,
745D56,
6D554C,
674E44,
6448FF,
5F4334,
5E4030,
5E3E2F,
5B3C2C,
5AFF29,
593827,
593827,
5A3929,
5A3A2C,
5D3D2F,
5E4032,
5E4135,
5E4237,
5E4338,
5E4338,
5D453A,
5B453A,
5E433A,
5D3F38,
5E413A,
4F3832,
61544F,
F5F3EE,
FEFFFE,
FFFFFF,
FFFFFF,
FFFFFF,
FFFFFF,
FFFFFF,
FFFFFF,
FFFFFF,
FFFFFF,
FFFFFF,
FFFFFF,
FFFFFF,
FFFFFF,
FFFFFF,
FFFFFF,
FFFFFF,
FFFFFF,
FFFFFF,
FFFFFF,
FFFFFF,
FFFFFF,
FFFFFF,
FFFFFF,
FFFFFF,
FFFFFF,
FFFFFF,
FFFFFF,
FFFFFF,
FFFFFF,
FFFFFF,
FFFFFF,
00FFFF,
FFFFFF,
FFFFFF,
FFFFFF,
FFFFFF,
FFFFFF,
FFFFFF,
FFFFFF,
FFFFFF,
FFFFFF,
FFFFFF,
FFFFFF,
FFFFFF,
FFFFFF,
FFFF00,
FFFFFF,
FFFFFF,
FFFFFF,
FFFFFF,
FFFFFF,
FFFFFF,
FFFFFF,
00FFFF,
FFFFFF,
FF00FF,
FFFFFF,
FFFFFF,
FFFFFF,
FFFFFF,
FFFFFF,
FFFFFF,
FFFFFF,
FFFFFF,
FFFFFF,
FFFFFF,
FFFFFF,
FFFFFF,
FFFFFF,
FFFFFF,
FFFFFF,
FFFFFF,
FFFFFF,
FFFFFF,
FFFFFF,
FFFFFF,
FFFFFF,
FFFFFF,
FFFFFF,
FFFFFF,
FFFFFF,
FFFFFF,
FFFFFF,
FFFFFF,
FFFFFF,
FFFFFF,
FFFFFF,
FFFFFF,
FFFFFF,
FFFFFF,
FFFFFF,
FFFFFF,
FFFFFF,
FFFFFF,
00FFFF,
FFFFFF,
FFFFFF,
FFFFFF,
FFFF00,
FF00FF,
FFFFFF,
FFFFFF,
FFFFFF,
00FFFF,
FFFFFF,
FF00FF,
FFFFFF,
FFFFFF,
FFFFFF,
FFFFFF,
FFFFFF,
FFFFFF,
FFFFFF,
00FFFF,
FFFFFF,
FFFFFF,
FFFFFF,
FFFFFF,
FFFFFF,
FFFFFF,
FFFFFF,
FFFFFF,
FFFF00,
FFFFFF,
FFFFFF,
FFFFFF,
FFFFFF,
FFFFFF,
FFFFFF,
FFFFFF,
FFFFFF,
FFFFFF,
FEFEFE,
FEFEFE,
FEFEFE,
FEFEFF,
FFFFFF,
FFFFFF,
FFFFFF,
00FFFF,
FFFFFF,
FFFFFF,
FFFFFF,
FFFFFF,
FFFFFF,
FFFFFF,
FFFFFF,
FFFFFF,
00FFFF,
FFFFFF,
FFFFFF,
FFFFFF,
FFFFFF,
FFFFFF,
FFFFFF,
FFFFFF,
FFFFFF,
FFFFFF,
FFFF00,
FFFFFF,
FFFFFF,
FFFFFF,
FFFFFF,
FFFFFF,
FFFFFF,
FFFFFF,
FFFFFF,
FFFFFF,
FFFFFF,
FFFFFF,
FFFFFF,
FFFFFF,
FFFFFF,
FFFFFF,
FFFFFF,
FFFFFF,
FEFEFE,
FEFEFE,
FEFEFE,
FEFEFE,
FFFFFF,
FF00FF,
FFFFFF,
FFFFFF,
FFFFFF,
FFFFFF,
FF00FF,
FFFFFF,
FFFFFF,
FFFFFF,
FFFFFF,
FF00FF,
FCFFFF,
FEFFFF,
FFFFFF,
FFFFFF,
FEFFFF,
FCFCFC,
FFFFFF,
A8A2A2,
4E3BFF,
58413A,
5AFF3E,
5A463F,
5E0047,
65534F,
6C5A57,
766462,
7A6A69,
7B6B6C,
7F6F70,
837476,
877A7C,
8F8386,
968B8F,
9D9295,
A1979C,
A29B9F,
A69DA1,
A89DA1,
A79CA0,
A59AFF,
A39899,
9D9192,
9A8B8A,
948280,
8A7775,
826B68,
7A625D,
735A53,
6E524A,
694D43,
65473B,
624135,
5F3E31,
5D3B2F,
5C3A2D,
5A392C,
5AFFFF,
59382A,
59002B,
593B2E,
5B3D31,
5D3F34,
5E4237,
5E4339,
5E433A,
5C443A,
5D45FF,
5B4339,
5A3F34,
5A3E33,
5A4137,
44322B,
7B726C,
FFFFFD,
FDFFFF,
FE00FE,
FEFEFE,
FEFFFE,
FEFEFE,
FFFFFF,
FFFFFF,
FFFFFF,
FFFFFF,
FFFFFF,
FF00FF,
FFFFFF,
FFFFFF,
FFFFFF,
FFFFFF,
FF00FF,
FFFFFF,
FFFFFF,
FFFFFF,
FFFFFF,
FFFFFF,
00FFFF,
FFFFFF,
FFFFFF,
FFFFFF,
FFFFFF,
FFFFFF,
FFFFFF,
FF00FF,
FFFFFF,
FFFFFF,
FFFFFF,
FFFFFF,
FFFFFF,
FF00FF,
FFFFFF,
FFFFFF,
FFFFFF,
FFFFFF,
FFFFFF,
FFFFFF,
FFFFFF,
FFFFFF,
FFFFFF,
FF00FF,
FFFFFF,
FFFFFF,
FFFFFF,
FFFFFF,
FFFFFF,
FFFFFF,
FFFFFF,
FFFFFF,
FFFFFF,
FFFFFF,
FFFFFF,
FFFFFF,
FFFFFF,
FFFFFF,
FFFFFF,
FFFFFF,
FFFFFF,
FFFFFF,
FFFFFF,
FFFFFF,
FFFFFF,
FFFFFF,
FFFFFF,
FFFFFF,
FFFFFF,
FFFFFF,
FFFFFF,
FFFFFF,
FFFFFF,
FFFFFF,
FFFFFF,
FFFFFF,
FFFFFF,
FFFFFF,
FFFFFF,
FFFFFF,
FFFFFF,
FFFFFF,
FFFFFF,
FFFFFF,
FFFFFF,
FFFFFF,
FFFFFF,
FFFFFF,
FFFFFF,
FFFFFF,
FFFFFF,
FFFFFF,
FFFFFF,
FFFFFF,
FFFFFF,
FFFFFF,
FF00FF,
FFFFFF,
FFFFFF,
FFFF00,
FFFFFF,
FFFFFF,
FFFFFF,
FFFFFF,
FFFFFF,
FFFFFF,
FFFFFF,
FFFFFF,
FFFFFF,
FF00FF,
FFFFFF,
FFFFFF,
FFFFFF,
FFFFFF,
FFFFFF,
FFFFFF,
FFFFFF,
FF00FF,
FFFFFF,
FFFFFF,
FFFFFF,
FFFFFF,
FFFFFF,
FFFF00,
FFFFFF,
FFFFFF,
FFFFFF,
FFFFFF,
FFFFFF,
FFFFFF,
FFFFFF,
FEFEFE,
00FEFE,
FEFEFE,
FEFEFE,
FFFFFF,
FFFFFF,
FFFFFF,
FFFFFF,
FFFFFF,
FFFFFF,
FFFFFF,
FFFFFF,
FFFFFF,
FFFFFF,
FFFFFF,
FFFFFF,
FFFFFF,
FFFFFF,
FFFFFF,
FFFFFF,
FFFFFF,
FFFFFF,
FFFFFF,
FFFFFF,
00FFFF,
FFFFFF,
FFFFFF,
FFFFFF,
FFFFFF,
FFFFFF,
FFFFFF,
FFFFFF,
FFFFFF,
FFFFFF,
FFFFFF,
FFFFFF,
FFFFFF,
FFFFFF,
FFFFFF,
FFFFFF,
FFFFFF,
FFFFFF,
FFFFFF,
FFFFFF,
FEFFFE,
FEFEFE,
FEFEFE,
FEFEFE,
FFFFFF,
FFFFFF,
FFFFFF,
FFFFFF,
FFFFFF,
FFFFFF,
FFFFFF,
FFFFFF,
FFFFFF,
FFFFFF,
FFFFFF,
FFFFFF,
FD00FF,
FEFFFF,
FEFFFF,
FFFF00,
FEFEFE,
FFFEFF,
FFFFFF,
B0ACAC,
4E3CFF,
554039,
58443D,
594640,
FF4B46,
64524E,
6A5856,
746260,
796968,
7B6B6C,
7F6F70,
847477,
887B7E,
908488,
978C90,
9D9296,
0097FF,
FF9BA0,
A69EA3,
A89FA3,
A99FA2,
A79C9F,
A59A9B,
9F9394,
9A8B8A,
94817F,
007573,
816A66,
79605B,
725851,
005048,
674A41,
64463A,
644236,
603E32,
5E3C30,
5D002F,
5C3A2E,
5C3A2E,
5B392D,
5A392C,
593B2E,
5B3D32,
5D4035,
5D4237,
5E4339,
5D433A,
5CFF3A,
5C443A,
5A4237,
593D32,
583C31,
5A4237,
410028,
978F89,
FFFFFF,
FCFFFE,
FEFEFE,
FEFEFF,
FEFEFE,
FEFEFE,
FFFFFF,
FFFFFF,
FFFFFF,
FFFFFF,
FFFFFF,
FFFFFF,
FFFFFF,
FFFFFF,
FFFFFF,
FFFFFF,
FFFFFF,
FFFFFF,
FFFFFF,
FFFFFF,
FFFFFF,
FF00FF,
FFFFFF,
FFFFFF,
FFFFFF,
FFFFFF,
FFFFFF,
FFFFFF,
FFFFFF,
FFFFFF,
FFFFFF,
FFFFFF,
FFFFFF,
FFFF00,
FFFFFF,
FFFFFF,
FFFFFF,
FFFFFF,
FFFFFF,
FFFFFF,
FFFFFF,
FFFFFF,
FFFFFF,
FFFFFF,
FFFFFF,
FFFFFF,
FFFFFF,
FFFFFF,
FFFFFF,
FFFFFF,
FFFFFF,
00FFFF,
FFFFFF,
FFFFFF,
FFFFFF,
FFFFFF,
FF00FF,
FFFFFF,
FFFFFF,
FFFFFF,
FF00FF,
FFFFFF,
FFFFFF,
FFFFFF,
FFFFFF,
FFFFFF,
FFFFFF,
FFFFFF,
FFFFFF,
FFFF00,
FFFFFF,
00FFFF,
FFFFFF,
FFFFFF,
FF00FF,
FF00FF,
FFFFFF,
FFFFFF,
FFFFFF,
FFFF00,
FFFFFF,
FFFFFF,
FFFFFF,
FFFFFF,
FFFFFF,
FFFFFF,
FFFFFF,
FFFFFF,
FFFFFF,
FFFFFF,
FFFFFF,
FFFFFF,
FFFFFF,
FFFFFF,
FFFFFF,
FFFFFF,
FFFFFF,
FFFFFF,
FFFFFF,
FFFFFF,
FFFFFF,
FFFFFF,
FFFFFF,
FFFFFF,
FFFFFF,
00FFFF,
FFFFFF,
FFFFFF,
FFFFFF,
FFFFFF,
FFFFFF,
FFFFFF,
FFFFFF,
FFFFFF,
FFFFFF,
FFFFFF,
FFFFFF,
FFFFFF,
FFFF00,
FFFFFF,
FFFFFF,
FFFFFF,
FFFFFF,
FFFFFF,
FFFFFF,
FFFFFF,
FFFFFF,
FFFFFF,
FFFFFF,
FFFFFF,
FFFFFF,
FFFFFF,
FFFFFF,
FEFEFE,
FEFEFE,
FEFEFE,
FEFFFE,
FFFFFF,
FFFFFF,
FFFFFF,
FFFFFF,
FFFFFF,
FFFFFF,
FFFFFF,
FFFFFF,
FFFFFF,
00FFFF,
FFFFFF,
FF00FF,
FFFFFF,
FFFFFF,
FFFFFF,
FFFFFF,
FFFFFF,
FFFFFF,
FFFFFF,
FFFFFF,
FFFFFF,
FFFFFF,
FFFFFF,
FFFF00,
FFFFFF,
FFFFFF,
00FFFF,
FFFFFF,
FFFFFF,
FF00FF,
FFFFFF,
FFFFFF,
FFFFFF,
FFFFFF,
FFFFFF,
FFFFFF,
00FFFF,
FFFF00,
FFFFFF,
FFFFFF,
FEFEFE,
FEFEFE,
FEFEFE,
FEFEFE,
FFFFFF,
FFFFFF,
00FFFF,
FFFFFF,
FFFFFF,
FFFFFF,
FFFFFF,
FFFFFF,
FFFFFF,
FFFFFF,
FFFFFF,
FFFFFF,
FDFFFF,
FEFFFF,
FEFFFF,
FFFFFF,
FEFEFE,
FFFE00,
FFFFFF,
BAB6B6,
513F3B,
56003A,
59453E,
5C4943,
614E49,
675450,
6D5B59,
766462,
796968,
7B6B6C,
807071,
857578,
8A7D7F,
928689,
98FF91,
FF9396,
A1989E,
A29CA1,
A69EA3,
A89FA3,
AAA0A4,
A99EA1,
FF9B9C,
A09494,
998A89,
927F7D,
887472,
7F6865,
7860FF,
725851,
6C5048,
674A41,
64463A,
644236,
613F33,
5F3D31,
5E3C30,
5D3B2F,
5C3A2E,
5C3A00,
5A3A2D,
593B2E,
5B3D32,
5D4035,
5D4136,
5D4238,
5C4239,
5B4339,
5B4339,
5B4238,
593D32,
593D32,
5A4136,
3DFF23,
B2ABA5,
FFFFFF,
FCFFFE,
FEFEFE,
FEFEFE,
FEFEFE,
FEFEFE,
FFFFFF,
FFFFFF,
FF00FF,
FFFFFF,
FFFFFF,
FFFFFF,
FFFFFF,
FFFFFF,
FFFFFF,
FFFFFF,
00FFFF,
FFFFFF,
FFFFFF,
FFFFFF,
FFFFFF,
FFFFFF,
FFFFFF,
FFFFFF,
FFFFFF,
00FFFF,
FFFFFF,
FFFFFF,
FFFFFF,
FFFFFF,
FFFFFF,
FFFFFF,
FFFFFF,
FFFFFF,
FFFFFF,
FFFFFF,
FFFFFF,
FFFFFF,
FFFFFF,
FFFF00,
FFFFFF,
FFFFFF,
FFFFFF,
FFFFFF,
FFFFFF,
FFFFFF,
FFFFFF,
FFFFFF,
FFFFFF,
FFFFFF,
FFFFFF,
FFFFFF,
FFFFFF,
FFFFFF,
FFFFFF,
FFFFFF,
FFFFFF,
FFFFFF,
FFFFFF,
FFFFFF,
FFFFFF,
FFFFFF,
FFFFFF,
FFFFFF,
FFFFFF,
FFFFFF,
FFFFFF,
FFFFFF,
FFFFFF,
FFFFFF,
FFFFFF,
FFFFFF,
FFFFFF,
FFFFFF,
FFFFFF,
FFFFFF,
FFFFFF,
FF00FF,
FFFFFF,
FFFFFF,
FFFFFF,
FFFFFF,
FFFFFF,
FFFFFF,
FFFFFF,
FFFFFF,
FFFFFF,
FFFFFF,
FFFFFF,
FFFFFF,
FFFFFF,
00FFFF,
00FFFF,
FFFFFF,
FF00FF,
FFFFFF,
FFFFFF,
FFFFFF,
FFFFFF,
FFFFFF,
FFFF00,
FFFFFF,
FF00FF,
FFFFFF,
FFFFFF,
FFFFFF,
FFFFFF,
FFFFFF,
FFFFFF,
FFFFFF,
FFFFFF,
FFFFFF,
FFFFFF,
FFFFFF,
FFFFFF,
FFFFFF,
FFFFFF,
FFFFFF,
FFFFFF,
FFFFFF,
FFFFFF,
FFFFFF,
FFFFFF,
FFFFFF,
FFFFFF,
FFFFFF,
FFFFFF,
FFFFFF,
FFFFFF,
FFFFFF,
FFFFFF,
FFFFFF,
FFFFFF,
FEFEFE,
FEFEFE,
FFFEFE,
FEFEFE,
FFFFFF,
FFFFFF,
FFFFFF,
FFFFFF,
FF00FF,
00FFFF,
FFFFFF,
FFFFFF,
FFFFFF,
FFFFFF,
FFFFFF,
FFFFFF,
FFFFFF,
FFFFFF,
FFFFFF,
FFFFFF,
FFFFFF,
FFFFFF,
FFFFFF,
FFFFFF,
FFFFFF,
FFFFFF,
FFFFFF,
FFFFFF,
FFFFFF,
FFFFFF,
FFFFFF,
FFFFFF,
FFFFFF,
FFFFFF,
FFFFFF,
FFFFFF,
FFFFFF,
FFFFFF,
FFFFFF,
FFFFFF,
FFFFFF,
FFFFFF,
FFFFFF,
FFFFFF,
FFFEFE,
FEFEFE,
FEFEFE,
FEFFFE,
FFFFFF,
FFFFFF,
FFFFFF,
FFFFFF,
FFFFFF,
FFFFFF,
FFFFFF,
FFFFFF,
FFFFFF,
FFFFFF,
FFFFFF,
FFFFFF,
FDFFFF,
FEFFFF,
FEFFFF,
FFFFFF,
FFFFFF,
FDFCFD,
FFFFFF,
FFC1C1,
55433F,
57423B,
5B4740,
604D47,
64FF4D,
00FF53,
6F5D5B,
776563,
7B6B6A,
7D6D6E,
837374,
88787B,
8D8082,
94888B,
998E92,
9E9497,
A2999F,
A3FFA2,
A79FA4,
A9A0A4,
ABA1A5,
AA9FA2,
A69B9D,
9F9394,
978887,
907D00,
867270,
7C0063,
775F5A,
735952,
6D0049,
684B42,
64463A,
634135,
5F3D31,
5D3B2F,
5D3B2F,
5C3A2E,
5C3A2E,
5B392D,
5A392C,
593B2E,
5B3D32,
5D4035,
FF4136,
5C4137,
5B4138,
5A4200,
5B4339,
5C4338,
5A3F33,
5A3F33,
553D32,
3B2922,
C7BEB9,
FFFFFF,
FBFFFE,
FEFEFE,
FEFEFE,
FEFEFE,
00FEFE,
FFFFFF,
FFFFFF,
FFFF00,
FFFFFF,
FFFF00,
FFFFFF,
FFFFFF,
FFFFFF,
FFFFFF,
FFFFFF,
FFFFFF,
FFFFFF,
FFFFFF,
FFFFFF,
FFFFFF,
FFFFFF,
FFFFFF,
FFFFFF,
FFFFFF,
00FFFF,
FFFFFF,
FFFFFF,
FFFFFF,
FFFFFF,
FFFFFF,
FFFFFF,
FFFFFF,
FFFFFF,
FFFFFF,
FFFFFF,
FFFFFF,
FFFFFF,
FFFF00,
FFFFFF,
FFFFFF,
FFFFFF,
FFFFFF,
FFFFFF,
FFFFFF,
FFFFFF,
FFFFFF,
FFFFFF,
FFFFFF,
FFFFFF,
FFFFFF,
FFFFFF,
FFFFFF,
FFFFFF,
FFFFFF,
FFFFFF,
FFFFFF,
FFFFFF,
FFFFFF,
FFFFFF,
FFFFFF,
FFFFFF,
FFFFFF,
FFFFFF,
FFFFFF,
FFFFFF,
00FFFF,
FFFFFF,
FFFFFF,
FFFFFF,
FFFFFF,
FFFFFF,
FFFFFF,
FFFFFF,
FFFFFF,
FFFFFF,
FFFFFF,
FFFFFF,
FFFFFF,
FFFFFF,
FFFFFF,
FFFFFF,
FFFFFF,
FFFFFF,
FFFFFF,
FFFFFF,
FFFFFF,
FFFFFF,
FFFFFF,
FFFFFF,
FFFFFF,
FFFFFF,
FFFFFF,
FFFFFF,
FFFFFF,
FFFFFF,
FFFFFF,
FFFFFF,
FFFFFF,
FFFFFF,
FFFFFF,
FFFFFF,
FFFFFF,
FFFFFF,
FFFFFF,
FFFFFF,
FFFFFF,
FFFFFF,
FFFFFF,
FFFFFF,
FFFFFF,
FFFFFF,
FFFFFF,
FFFFFF,
FFFFFF,
FFFFFF,
FFFFFF,
FFFFFF,
FFFFFF,
FFFFFF,
FFFFFF,
FFFFFF,
FFFFFF,
FFFFFF,
FFFFFF,
FFFFFF,
FFFFFF,
FFFF00,
FFFFFF,
FFFFFF,
FFFFFF,
FFFFFF,
FFFF00,
FEFEFE,
FFFEFE,
FEFEFE,
FEFE00,
FFFFFF,
FFFFFF,
FFFFFF,
FFFFFF,
FFFFFF,
FFFFFF,
FFFFFF,
FFFFFF,
FFFFFF,
FFFFFF,
FFFF00,
FFFFFF,
FFFFFF,
FFFFFF,
FFFFFF,
FFFFFF,
FFFFFF,
FFFFFF,
FFFFFF,
FFFFFF,
FFFFFF,
FF00FF,
FFFFFF,
FFFFFF,
FFFFFF,
FFFFFF,
FFFFFF,
FFFFFF,
FFFFFF,
FFFFFF,
FFFFFF,
FFFFFF,
FFFFFF,
FFFFFF,
FFFFFF,
FFFFFF,
FFFFFF,
FFFF00,
FFFFFF,
FFFFFF,
FEFEFE,
FEFEFE,
FEFEFE,
FEFEFF,
FFFFFF,
FFFFFF,
FFFFFF,
FFFFFF,
FFFFFF,
FFFFFF,
FFFFFF,
FFFFFF,
FFFFFF,
FFFFFF,
FFFFFF,
FFFFFF,
FDFFFF,
FEFFFF,
FEFFFF,
FFFFFF,
FEFEFE,
FAFAFB,
FFFFFF,
D3CFCF,
584641,
554039,
5A463F,
604D47,
65524D,
695753,
6E5C5A,
766462,
7C6C6B,
7F6F70,
867677,
8C7C7F,
8EFF83,
95898C,
9A8F93,
9E9497,
A2999F,
A3FFA2,
A79FA4,
A9A0A4,
00A1A4,
A99FA1,
A5009C,
9E9293,
968700,
8F7C7A,
85716F,
7C6562,
765E59,
715750,
6B4F47,
664A40,
634439,
624034,
5E3C30,
5B392D,
5B392D,
5B392D,
5B392D,
5AFF2C,
59392C,
593B2E,
5B3D32,
5D4035,
5D4136,
5C4137,
5B4138,
5A4238,
5B4339,
594035,
583C31,
593D32,
4D342A,
402D26,
D9D1CC,
FFFFFF,
FBFEFE,
FEFEFE,
00FEFE,
FEFEFE,
FEFEFE,
FFFF00,
FFFFFF,
FFFFFF,
FFFFFF,
FFFFFF,
00FFFF,
FFFFFF,
FFFFFF,
FFFFFF,
FFFFFF,
FFFFFF,
FFFFFF,
FFFFFF,
FFFFFF,
FFFFFF,
FFFFFF,
FFFFFF,
FFFFFF,
FFFFFF,
FFFFFF,
FFFFFF,
FFFFFF,
FFFFFF,
FFFFFF,
FFFFFF,
FFFFFF,
FFFFFF,
FFFFFF,
FFFFFF,
FFFFFF,
FFFFFF,
FFFFFF,
FFFFFF,
FFFFFF,
FFFFFF,
FFFFFF,
FFFFFF,
FFFFFF,
FFFFFF,
FFFFFF,
FFFFFF,
FFFFFF,
00FFFF,
FFFFFF,
FFFFFF,
FF00FF,
FFFFFF,
FFFFFF,
FFFFFF,
FFFFFF,
FFFFFF,
FFFFFF,
FFFFFF,
FFFFFF,
FFFFFF,
00FFFF,
FFFFFF,
FFFFFF,
FF00FF,
FFFFFF,
FFFFFF,
FFFFFF,
FFFFFF,
FFFF00,
FFFFFF,
FFFFFF,
FFFFFF,
FFFFFF,
FFFFFF,
FFFFFF,
FFFFFF,
FFFFFF,
FFFFFF,
FFFFFF,
FFFFFF,
FFFFFF,
FFFFFF,
FFFFFF,
FFFFFF,
FF00FF,
FFFFFF,
FFFFFF,
FFFFFF,
FFFFFF,
FFFFFF,
FFFFFF,
FFFFFF,
FFFFFF,
FFFFFF,
FFFFFF,
FFFFFF,
FFFFFF,
FFFFFF,
FFFFFF,
00FFFF,
FFFFFF,
FFFFFF,
FFFFFF,
FFFFFF,
FFFFFF,
FFFFFF,
FFFFFF,
FFFFFF,
FFFFFF,
FFFFFF,
FFFFFF,
FFFFFF,
FFFFFF,
FFFFFF,
FFFFFF,
FFFFFF,
FFFFFF,
FFFFFF,
FFFFFF,
FFFFFF,
FFFFFF,
FFFF00,
FFFFFF,
FFFFFF,
FFFFFF,
FFFFFF,
FFFFFF,
FFFFFF,
FFFFFF,
FFFFFF,
FFFFFF,
FFFFFF,
FFFFFF,
FFFFFF,
FFFFFF,
FFFFFF,
FFFF00,
FFFFFF,
FFFFFF,
FFFFFF,
FFFFFF,
FFFFFF,
FFFFFF,
FFFFFF,
FFFFFF,
FFFFFF,
FFFFFF,
FFFFFF,
FFFFFF,
FFFFFF,
FFFFFF,
FFFFFF,
FFFFFF,
FFFFFF,
FFFFFF,
FFFFFF,
FFFFFF,
FFFFFF,
FFFFFF,
FFFFFF,
FFFFFF,
FFFFFF,
FFFFFF,
FFFFFF,
FFFFFF,
FFFFFF,
FFFFFF,
FFFFFF,
FFFFFF,
FFFFFF,
FFFFFF,
FFFFFF,
FFFFFF,
FF00FF,
FFFFFF,
FFFFFF,
FFFFFF,
FFFFFF,
FFFFFF,
FFFFFF,
FFFFFF,
FFFFFF,
FFFFFF,
FFFFFF,
FFFFFF,
FFFFFF,
FFFFFF,
FFFFFF,
FFFFFF,
FFFFFF,
FFFF00,
FFFFFF,
FDFFFF,
FEFFFF,
FEFFFF,
FFFFFF,
FEFEFE,
FBFAFB,
FFFFFF,
E0DCDC,
604E49,
57423B,
5D4942,
5C4943,
65524E,
695753,
6E5C5A,
766361,
7A6A00,
7F6F70,
857576,
897A7D,
8E0083,
95898C,
9B8F94,
9F9598,
A300A0,
A49E00,
A8A0A5,
AAA1A5,
AAA0A4,
FF9FA2,
A59A9B,
9D9191,
968786,
8F7C7A,
85716F,
006561,
755C57,
6FFF4E,
694D44,
64483E,
614237,
FF3E32,
5C3A2E,
5A382C,
00382C,
5A382C,
59372B,
5A382C,
5A3A2D,
5A3C2F,
5B3D32,
5C3F34,
5C4136,
5D4238,
5B4238,
594100,
584137,
57FF33,
563A2F,
583C31,
462D23,
49372F,
E2DCD6,
FFFFFE,
FAFDFD,
FFFFFF,
FFFFFF,
FFFFFF,
FFFFFF,
FFFFFF,
FFFFFF,
FFFFFF,
FFFFFF,
FFFFFF,
FFFFFF,
FFFFFF,
FFFFFF,
FFFFFF,
FFFFFF,
FFFFFF,
FFFFFF,
FFFFFF,
FFFFFF,
FFFFFF,
FFFFFF,
00FFFF,
FFFFFF,
FF00FF,
FFFFFF,
FF00FF,
FF00FF,
FFFFFF,
FFFFFF,
FFFFFF,
FFFFFF,
FFFFFF,
FFFFFF,
FFFFFF,
FFFFFF,
FFFFFF,
FFFFFF,
FFFFFF,
FFFFFF,
FFFFFF,
FFFFFF,
FFFFFF,
FFFFFF,
FFFFFF,
FFFFFF,
FFFFFF,
FFFFFF,
FFFFFF,
FFFFFF,
FFFFFF,
FFFFFF,
FFFFFF,
FFFFFF,
FFFF00,
FFFFFF,
FFFFFF,
FFFFFF,
FFFFFF,
FFFFFF,
FFFFFF,
FFFFFF,
FFFFFF,
FFFFFF,
FFFFFF,
FFFFFF,
FFFFFF,
FFFFFF,
FFFF00,
FFFFFF,
FFFFFF,
FFFFFF,
FFFFFF,
FFFFFF,
FFFFFF,
FFFFFF,
FFFFFF,
FF00FF,
FFFFFF,
FFFFFF,
FFFFFF,
FFFFFF,
FF00FF,
FFFFFF,
FFFFFF,
FFFFFF,
FFFFFF,
FFFFFF,
FFFFFF,
FFFFFF,
FFFFFF,
FFFFFF,
FFFFFF,
FFFFFF,
FFFFFF,
FFFFFF,
FFFFFF,
FFFFFF,
FFFFFF,
FFFFFF,
FFFFFF,
FFFFFF,
FFFFFF,
FFFFFF,
FFFFFF,
FFFFFF,
FFFFFF,
FFFFFF,
FFFFFF,
FFFFFF,
FFFFFF,
FFFFFF,
FFFFFF,
FFFFFF,
FFFFFF,
FFFFFF,
FFFFFF,
FFFFFF,
FFFFFF,
FF00FF,
FFFFFF,
FFFFFF,
FFFFFF,
FFFFFF,
FFFFFF,
FFFFFF,
FFFFFF,
FFFF00,
FFFFFF,
FFFFFF,
FFFFFF,
FFFFFF,
FFFF00,
FFFFFF,
FFFFFF,
FFFFFF,
FFFFFF,
FFFFFF,
FFFFFF,
FFFFFF,
FFFFFF,
FFFFFF,
FFFFFF,
FFFFFF,
FFFFFF,
FFFFFF,
FFFFFF,
FFFFFF,
FFFFFF,
FFFFFF,
FFFFFF,
FFFFFF,
FFFFFF,
FF00FF,
FFFFFF,
FFFFFF,
FFFFFF,
FFFFFF,
FFFF00,
FFFFFF,
FFFFFF,
FFFFFF,
FFFFFF,
FFFFFF,
FFFFFF,
FFFFFF,
FFFFFF,
FFFFFF,
FFFFFF,
FFFFFF,
FFFFFF,
FFFFFF,
FFFFFF,
FFFFFF,
FFFFFF,
FFFFFF,
FFFFFF,
FFFFFF,
FFFF00,
FFFFFF,
FFFFFF,
FFFFFF,
FFFFFF,
FFFFFF,
FFFFFF,
FFFFFF,
FFFFFF,
FFFFFF,
FFFFFF,
FFFFFF,
FFFFFF,
FFFFFF,
FFFFFF,
FDFFFF,
FEFFFF,
FEFFFF,
FFFFFF,
FEFFFE,
FCFBFC,
FFFFFF,
E8E5E5,
6C5A55,
56413A,
5F4B44,
5E4B45,
66534E,
6A5854,
6F5D5B,
766462,
7A6A69,
807071,
857576,
89797C,
918486,
988C90,
9E9296,
00979B,
A79EA4,
A7A1A6,
A8A0A5,
A9A0A4,
A9A0A3,
A99FA1,
A4999A,
9C0090,
958685,
8E7B7A,
84706E,
7B6561,
755D58,
6F554E,
6A4E45,
64483E,
614237,
603EFF,
5C3A2E,
5A382C,
59372B,
58002A,
573529,
58362A,
59002C,
5A3C2F,
5B3D32,
5C3F34,
5C4136,
5D4237,
5B4138,
594137,
584036,
573E33,
573B30,
573B30,
42291E,
54423B,
ECE7E1,
FFFFFE,
FBFEFE,
FFFFFF,
FFFFFF,
FFFFFF,
FFFFFF,
FFFFFF,
FFFFFF,
FFFFFF,
FFFFFF,
FFFFFF,
FFFFFF,
FFFFFF,
FFFFFF,
FFFFFF,
FFFFFF,
FFFFFF,
FFFFFF,
FFFFFF,
FFFFFF,
FFFFFF,
FFFFFF,
FFFFFF,
FFFFFF,
FFFFFF,
FFFFFF,
FFFFFF,
FFFFFF,
FFFFFF,
FFFFFF,
FFFFFF,
FFFFFF,
FFFFFF,
FFFFFF,
FFFFFF,
FFFFFF,
FFFFFF,
FFFFFF,
FFFFFF,
FFFFFF,
FFFFFF,
FFFFFF,
FFFFFF,
FFFFFF,
FFFFFF,
FFFFFF,
FF00FF,
FFFFFF,
FFFFFF,
FFFFFF,
FFFFFF,
FFFFFF,
FFFFFF,
FFFFFF,
FFFFFF,
FFFFFF,
FFFFFF,
FFFFFF,
FFFF00,
FFFFFF,
FFFFFF,
FFFFFF,
FFFFFF,
FFFFFF,
FFFFFF,
FFFFFF,
FFFFFF,
FFFFFF,
FFFFFF,
FFFFFF,
FFFFFF,
FFFFFF,
FFFFFF,
00FFFF,
FFFFFF,
FFFFFF,
00FFFF,
FFFFFF,
FFFFFF,
FFFFFF,
FFFFFF,
FFFFFF,
FFFFFF,
FFFFFF,
FFFFFF,
FFFFFF,
FFFFFF,
FFFFFF,
FFFFFF,
FFFFFF,
FFFFFF,
FFFFFF,
FFFFFF,
FFFFFF,
FFFFFF,
FFFFFF,
FFFFFF,
FFFFFF,
FFFFFF,
FF00FF,
00FFFF,
FFFFFF,
FFFFFF,
FFFFFF,
FF00FF,
FFFFFF,
FFFFFF,
FFFFFF,
FFFFFF,
FFFFFF,
00FFFF,
FFFFFF,
FFFFFF,
FFFFFF,
FFFFFF,
FFFFFF,
FFFFFF,
FFFFFF,
FFFFFF,
FFFFFF,
FFFF00,
FFFFFF,
FFFFFF,
FFFFFF,
FFFFFF,
FFFFFF,
FFFFFF,
FFFFFF,
FFFFFF,
FFFFFF,
FFFFFF,
FFFFFF,
FFFFFF,
FFFFFF,
FFFFFF,
FFFFFF,
FFFFFF,
FFFFFF,
FFFFFF,
FFFFFF,
FFFFFF,
FFFFFF,
FFFFFF,
FFFFFF,
FFFFFF,
FFFFFF,
FFFFFF,
FFFFFF,
FFFFFF,
FFFFFF,
FFFFFF,
FFFFFF,
FFFFFF,
FFFFFF,
FFFFFF,
FFFFFF,
FF00FF,
FFFFFF,
FFFFFF,
FFFFFF,
FFFFFF,
FFFFFF,
FFFFFF,
FFFFFF,
FFFFFF,
FFFFFF,
FFFFFF,
FFFFFF,
FFFFFF,
FFFFFF,
FFFFFF,
FFFFFF,
FFFFFF,
FFFFFF,
FF00FF,
FFFFFF,
FFFFFF,
FFFFFF,
FFFFFF,
FFFFFF,
FFFFFF,
FFFFFF,
FFFFFF,
FFFFFF,
FFFFFF,
FFFFFF,
FFFFFF,
FFFFFF,
FFFFFF,
FFFFFF,
FFFF00,
FFFFFF,
FFFFFF,
FDFFFF,
FEFFFF,
FEFFFF,
FFFFFF,
FF00FE,
FEFDFE,
FEFDFE,
F2EFEF,
776460,
57003B,
5F4B44,
63504A,
67544F,
6C5A56,
715F5D,
786664,
7C006B,
FF7273,
877778,
8B7C7F,
928588,
9A8E92,
9F9498,
A3FF9C,
FF9EA4,
A8A200,
AAA2A7,
AAA1A5,
AAA0A4,
AA9FA1,
A3989A,
9B8F8F,
948584,
8D7978,
826E6C,
79635F,
745B56,
6E544D,
694D45,
64483E,
614237,
603E32,
5CFF2E,
5A382C,
5A382C,
593700,
58362A,
59372B,
5A3A2D,
5A3C2F,
5B3D32,
5C3F34,
5C4035,
5C4137,
5A4137,
004137,
584000,
560033,
583D32,
5439FF,
3B2217,
5F4D46,
F8F2ED,
FFFFFD,
FCFFFF,
FFFFFF,
FFFFFF,
FFFFFF,
FFFFFF,
FFFFFF,
FFFFFF,
FFFFFF,
FFFFFF,
FFFFFF,
FFFFFF,
FFFFFF,
FFFFFF,
00FFFF,
FFFFFF,
FFFFFF,
FFFFFF,
FFFFFF,
FFFFFF,
FF00FF,
FFFF00,
FFFFFF,
FFFFFF,
FFFFFF,
FFFFFF,
FFFFFF,
FFFFFF,
FFFFFF,
FFFFFF,
FFFFFF,
FFFFFF,
FFFFFF,
FF00FF,
FFFFFF,
00FFFF,
FFFFFF,
FFFFFF,
FFFFFF,
FFFFFF,
FFFFFF,
FFFFFF,
FFFFFF,
00FFFF,
FFFFFF,
FFFFFF,
FFFFFF,
FFFFFF,
FFFFFF,
FFFFFF,
FFFFFF,
FFFFFF,
00FFFF,
FFFFFF,
FFFFFF,
FFFFFF,
FFFFFF,
FFFFFF,
FFFFFF,
FFFFFF,
FFFFFF,
FFFFFF,
FFFFFF,
FFFFFF,
FFFFFF,
FFFFFF,
FFFFFF,
FFFFFF,
FFFFFF,
FFFFFF,
FFFFFF,
FFFFFF,
FFFFFF,
FFFFFF,
FFFFFF,
FFFF00,
FFFFFF,
FFFFFF,
FFFFFF,
FFFFFF,
FFFFFF,
FFFFFF,
FFFFFF,
FFFFFF,
FFFFFF,
FFFFFF,
FFFFFF,
FFFFFF,
FFFFFF,
FFFFFF,
FFFFFF,
00FFFF,
FFFFFF,
FFFFFF,
FFFFFF,
FF00FF,
FFFFFF,
FFFFFF,
FFFFFF,
FFFFFF,
FFFFFF,
FFFFFF,
FFFFFF,
FFFFFF,
FFFFFF,
FFFFFF,
FFFFFF,
FFFFFF,
FFFFFF,
00FFFF,
FFFFFF,
FFFFFF,
FFFFFF,
FFFFFF,
FFFFFF,
FF00FF,
FFFFFF,
FFFFFF,
FFFFFF,
00FFFF,
FFFFFF,
FFFFFF,
FFFFFF,
FFFFFF,
FFFFFF,
FFFFFF,
FFFFFF,
FFFFFF,
FFFFFF,
FFFFFF,
FFFFFF,
FFFFFF,
FFFF00,
FFFFFF,
FFFFFF,
FFFFFF,
FFFFFF,
FF00FF,
FFFFFF,
FFFFFF,
FFFFFF,
FFFFFF,
FFFFFF,
FFFFFF,
FFFFFF,
FFFFFF,
FFFFFF,
FFFFFF,
FFFFFF,
FFFF00,
FFFFFF,
FFFFFF,
FFFFFF,
FFFFFF,
FFFFFF,
00FFFF,
FFFFFF,
FFFFFF,
FF00FF,
FFFFFF,
FFFFFF,
FFFFFF,
FFFFFF,
FFFFFF,
FFFFFF,
FFFFFF,
FFFFFF,
FFFFFF,
FFFFFF,
FFFFFF,
FFFFFF,
FFFFFF,
FFFFFF,
FFFFFF,
FFFFFF,
FFFFFF,
FFFFFF,
FFFFFF,
FFFFFF,
FFFFFF,
FFFFFF,
FFFFFF,
FFFFFF,
FFFFFF,
FFFFFF,
FFFFFF,
FFFFFF,
FFFFFF,
FFFF00,
FFFFFF,
FFFFFF,
FFFFFF,
FFFFFF,
FDFFFF,
FEFFFF,
FEFFFF,
FFFFFF,
FEFEFE,
FFFEFF,
FEFC00,
FCFAFA,
FF726D,
5BFFFF,
604C45,
65524C,
695651,
6E5C58,
73615F,
796765,
7F6E6E,
857576,
89797A,
8E7F81,
928588,
998D91,
9D9296,
A09699,
A49BA1,
A69FA4,
ABA3A8,
ADA4A8,
ADA3A6,
00A0A2,
A4989A,
9A8E8F,
938483,
8B7776,
816D6B,
78615D,
705853,
6B514A,
664A42,
62463C,
600036,
603E32,
5C002E,
5A382C,
5A382C,
59372B,
58362A,
59372B,
5A3A2D,
5A3C00,
5B3D32,
5C3F34,
5C4135,
5C4136,
5A4037,
584036,
584036,
563D32,
593D32,
4F3428,
351C11,
6D5A53,
FFFAF4,
FCFEFB,
FCFFFF,
FFFFFF,
FFFFFF,
FFFFFF,
FFFFFF,
FFFFFF,
FFFFFF,
FFFFFF,
FFFFFF,
FFFFFF,
FFFFFF,
FFFFFF,
FFFFFF,
FFFFFF,
FFFFFF,
FFFFFF,
FFFFFF,
FFFFFF,
FFFFFF,
FF00FF,
FFFFFF,
FFFFFF,
FFFFFF,
FFFFFF,
FFFFFF,
FFFFFF,
FFFFFF,
FFFFFF,
FFFFFF,
FFFFFF,
FFFFFF,
FFFFFF,
FFFFFF,
FFFFFF,
FFFFFF,
FFFFFF,
FFFFFF,
FFFFFF,
FFFFFF,
FFFFFF,
00FFFF,
FFFFFF,
00FFFF,
FFFFFF,
FFFFFF,
FF00FF,
FFFFFF,
FFFFFF,
FFFFFF,
FFFFFF,
FFFFFF,
FFFFFF,
FFFFFF,
FFFFFF,
FF00FF,
FFFFFF,
FFFFFF,
00FFFF,
FFFFFF,
FFFFFF,
FFFFFF,
FFFFFF,
FFFFFF,
FFFFFF,
FFFFFF,
FFFFFF,
FFFFFF,
FFFFFF,
FFFFFF,
FFFFFF,
FFFFFF,
FFFFFF,
FFFFFF,
FFFFFF,
FFFFFF,
FFFFFF,
FFFFFF,
FFFFFF,
FFFFFF,
FFFFFF,
FFFFFF,
FFFFFF,
FFFFFF,
FFFFFF,
FFFFFF,
FFFFFF,
FFFFFF,
FFFFFF,
FFFFFF,
FFFFFF,
FFFFFF,
FFFFFF,
FFFFFF,
FFFFFF,
FFFFFF,
FFFFFF,
FFFFFF,
FFFFFF,
00FFFF,
FFFFFF,
FFFFFF,
FFFFFF,
FFFFFF,
FFFFFF,
FFFFFF,
FFFFFF,
FFFFFF,
FFFFFF,
FF00FF,
00FFFF,
00FFFF,
FFFFFF,
FFFFFF,
FFFFFF,
FFFFFF,
FFFFFF,
FFFFFF,
FFFFFF,
FFFFFF,
FFFFFF,
FFFFFF,
FFFFFF,
FF00FF,
FFFF00,
FFFFFF,
FFFFFF,
FFFFFF,
FFFFFF,
FFFFFF,
FFFFFF,
FFFFFF,
FFFFFF,
FFFFFF,
FFFFFF,
FFFFFF,
FFFFFF,
FFFFFF,
FF00FF,
FFFFFF,
FFFFFF,
FFFFFF,
FFFFFF,
FFFFFF,
FFFFFF,
FFFFFF,
FFFFFF,
FFFFFF,
FFFFFF,
FFFFFF,
FFFFFF,
00FFFF,
FFFFFF,
FFFFFF,
FFFFFF,
FFFFFF,
FFFFFF,
FFFFFF,
FFFFFF,
FFFFFF,
FFFFFF,
FFFFFF,
FFFFFF,
FFFFFF,
FFFFFF,
FFFFFF,
FFFFFF,
FF00FF,
FFFFFF,
FFFFFF,
FFFFFF,
FFFFFF,
FFFFFF,
FFFFFF,
FFFFFF,
FFFFFF,
FFFFFF,
FFFFFF,
FFFFFF,
FFFFFF,
FFFFFF,
FFFFFF,
FFFFFF,
FF00FF,
FF00FF,
FFFFFF,
FFFFFF,
FFFFFF,
FFFFFF,
FFFFFF,
FFFFFF,
FFFFFF,
FFFFFF,
FDFFFF,
FEFFFF,
FEFFFF,
FF00FF,
FDFDFD,
FDFCFD,
FFFEFF,
FFFFFF,
9E8C88,
5C4740,
634F48,
67534D,
6B5853,
005E00,
7563FF,
7B6967,
817070,
877778,
007B7C,
908183,
FF8688,
988C90,
9C9195,
9F9598,
A39AA0,
A59EA4,
A9A1A6,
ACA3A7,
ABA1A5,
A89EA0,
A19698,
978B8C,
918281,
897674,
7F6B69,
76605C,
6F5752,
6A5049,
650041,
62453C,
604136,
603E32,
5C3A2E,
5A382C,
59372B,
58362A,
573529,
FF362A,
59392C,
5A3C2F,
5B3D32,
5C3F34,
5C4035,
5B4036,
594036,
584036,
573F35,
553C32,
583C31,
4A2E23,
351D12,
806D66,
FFFEF8,
FBFDF9,
FAFEFD,
FFFFFF,
FFFFFF,
FFFFFF,
FFFFFF,
FFFFFF,
FFFFFF,
FFFFFF,
FFFFFF,
FFFFFF,
FFFF00,
FFFFFF,
FFFFFF,
FFFFFF,
00FFFF,
FFFFFF,
FFFF00,
FFFFFF,
FF00FF,
FFFFFF,
FFFFFF,
FFFFFF,
FFFFFF,
FFFFFF,
FFFFFF,
FFFFFF,
FFFFFF,
FFFFFF,
FFFFFF,
FFFFFF,
FFFFFF,
FFFFFF,
FFFFFF,
FFFFFF,
FFFFFF,
FFFFFF,
FFFFFF,
FF00FF,
FFFFFF,
FFFFFF,
FFFFFF,
FFFFFF,
FFFFFF,
FFFFFF,
FFFFFF,
FFFFFF,
FFFFFF,
FFFFFF,
FFFFFF,
FFFFFF,
FFFFFF,
FFFFFF,
FFFFFF,
FF00FF,
FFFFFF,
FFFFFF,
FFFFFF,
FFFFFF,
FFFFFF,
FFFFFF,
FFFFFF,
FFFFFF,
FFFFFF,
FFFFFF,
00FFFF,
FFFFFF,
FFFFFF,
FFFFFF,
FFFFFF,
FFFFFF,
FFFFFF,
FFFFFF,
FFFFFF,
FFFFFF,
FFFFFF,
FFFFFF,
FFFFFF,
FFFFFF,
FFFFFF,
FFFFFF,
FFFFFF,
FFFFFF,
FFFFFF,
FFFFFF,
FFFF00,
FFFFFF,
FFFFFF,
FFFFFF,
0000FF,
FFFFFF,
FFFFFF,
FFFFFF,
FFFFFF,
FFFFFF,
FFFFFF,
FFFFFF,
FFFFFF,
FFFFFF,
FFFFFF,
FFFFFF,
FFFFFF,
00FFFF,
FFFFFF,
FFFFFF,
FFFFFF,
FFFFFF,
FFFFFF,
FFFFFF,
FFFFFF,
FFFFFF,
FFFFFF,
00FFFF,
FFFFFF,
FFFFFF,
FFFFFF,
FFFFFF,
FFFFFF,
FFFFFF,
FFFFFF,
FFFFFF,
FFFFFF,
FFFFFF,
FFFFFF,
FFFFFF,
FFFFFF,
FFFFFF,
FFFFFF,
FFFFFF,
FFFFFF,
00FFFF,
FFFFFF,
FFFFFF,
FFFFFF,
FFFFFF,
FFFFFF,
FFFFFF,
FFFFFF,
FFFF00,
FFFFFF,
FFFFFF,
FFFFFF,
FFFFFF,
FFFFFF,
FFFFFF,
FFFF00,
FFFFFF,
FFFFFF,
FFFFFF,
FFFFFF,
FFFFFF,
FFFFFF,
FFFFFF,
FFFFFF,
FFFFFF,
FFFFFF,
FFFFFF,
FF00FF,
FFFFFF,
FFFFFF,
FFFFFF,
FFFFFF,
FFFFFF,
FFFFFF,
FFFFFF,
FFFFFF,
FFFFFF,
FFFFFF,
00FFFF,
FFFFFF,
FFFFFF,
FFFFFF,
FFFFFF,
FFFFFF,
FFFFFF,
FFFFFF,
FFFFFF,
FFFFFF,
FFFFFF,
FFFFFF,
FFFFFF,
FFFFFF,
FFFFFF,
FFFFFF,
FFFFFF,
FFFFFF,
FFFFFF,
FFFFFF,
00FFFF,
FFFFFF,
FFFFFF,
FFFFFF,
FFFFFF,
FEFFFF,
FEFFFF,
FEFFFF,
FFFFFF,
FEFD00,
FEFCFD,
FFFEFF,
FFFFFF,
B6AAA4,
5A4942,
634F49,
69534F,
6D5755,
715E5B,
746462,
796A68,
7F706F,
867676,
007D7D,
900082,
938789,
998E90,
9C91FF,
9E9597,
A39B9E,
A69EA2,
A9A0A3,
AA9FA2,
AA9FA0,
A79A9B,
9E9292,
958888,
907F7D,
887672,
7D6966,
745E59,
6E5650,
6B5047,
654A3F,
62453B,
60FF35,
603E31,
5D3B2E,
5B392C,
5A392C,
5A382B,
FF372A,
59372B,
5B3A2C,
5B3C2F,
5C3D32,
5C3E34,
5C3F35,
5B3F35,
5B3F36,
593F36,
003E34,
553C31,
593BFF,
46271E,
372016,
8F8000,
FFFFFC,
FCFCFB,
FCFCFE,
FFFFFF,
FFFFFF,
FFFFFF,
FFFFFF,
FFFFFF,
0000FF,
FFFFFF,
00FFFF,
FFFFFF,
FFFFFF,
FFFFFF,
FFFFFF,
FFFFFF,
FFFFFF,
FFFFFF,
FFFFFF,
FFFFFF,
FFFFFF,
FFFFFF,
FFFFFF,
FFFFFF,
FFFFFF,
FFFFFF,
FFFFFF,
FFFFFF,
FFFFFF,
FFFFFF,
FFFF00,
FFFFFF,
FFFFFF,
FFFFFF,
FFFFFF,
FFFFFF,
FFFFFF,
FF00FF,
00FFFF,
FFFFFF,
FFFFFF,
FFFFFF,
FFFFFF,
FFFF00,
FFFFFF,
FFFFFF,
FFFFFF,
FFFFFF,
FFFFFF,
FFFFFF,
FFFFFF,
FFFFFF,
FFFFFF,
FFFFFF,
FFFFFF,
FFFFFF,
FFFFFF,
FFFFFF,
FF00FF,
FFFFFF,
FFFFFF,
FFFFFF,
FFFFFF,
FFFFFF,
FFFFFF,
FFFFFF,
FFFFFF,
FFFFFF,
FFFFFF,
FFFFFF,
FFFFFF,
FFFFFF,
FFFFFF,
FFFFFF,
FFFFFF,
FFFFFF,
FFFFFF,
FFFFFF,
FFFFFF,
FFFFFF,
FFFFFF,
FFFFFF,
FFFFFF,
FFFFFF,
FFFFFF,
FFFFFF,
FFFFFF,
FFFFFF,
FFFFFF,
FFFFFF,
FFFFFF,
FFFFFF,
FFFFFF,
00FFFF,
FFFFFF,
FFFFFF,
FFFFFF,
FFFFFF,
FFFFFF,
FFFFFF,
00FFFF,
FFFFFF,
FFFFFF,
FFFFFF,
FFFFFF,
FFFFFF,
FFFFFF,
FFFFFF,
FFFFFF,
FFFFFF,
FFFFFF,
FFFFFF,
FFFFFF,
FFFFFF,
FFFFFF,
FFFFFF,
FFFFFF,
FFFFFF,
FFFFFF,
FFFFFF,
FFFFFF,
FFFFFF,
FFFFFF,
FFFFFF,
FFFFFF,
FFFFFF,
FFFFFF,
FFFFFF,
FFFFFF,
FFFFFF,
FFFFFF,
FF00FF,
00FFFF,
FFFFFF,
FFFFFF,
FFFFFF,
FFFFFF,
FFFFFF,
FFFFFF,
FFFFFF,
FFFFFF,
FFFFFF,
FFFFFF,
FFFFFF,
FFFFFF,
FFFFFF,
FFFFFF,
FFFFFF,
FFFFFF,
FFFFFF,
FFFFFF,
FFFFFF,
FFFFFF,
FFFFFF,
FFFFFF,
FFFFFF,
FFFFFF,
FFFFFF,
FFFFFF,
FFFFFF,
FFFFFF,
00FFFF,
FFFFFF,
FFFFFF,
FFFFFF,
FFFFFF,
FFFFFF,
FFFFFF,
FFFFFF,
FFFFFF,
FF00FF,
FFFFFF,
FFFFFF,
FFFFFF,
FFFFFF,
FFFFFF,
FFFFFF,
FFFFFF,
FFFFFF,
FFFFFF,
FFFFFF,
FFFFFF,
FFFFFF,
FFFFFF,
FFFFFF,
FFFFFF,
00FFFF,
FFFFFF,
FFFFFF,
FFFFFF,
FFFFFF,
FFFFFF,
FFFFFF,
FFFFFF,
FFFFFF,
00FFFF,
FFFF00,
FFFFFF,
FFFFFF,
FFFFFF,
FFFFFF,
FFFFFF,
CFCBC4,
5D524C,
604E4C,
6E5455,
745759,
735C5E,
736463,
736A67,
7A6E6A,
837572,
8B7D7C,
8F8382,
958A89,
009090,
9B9200,
9E9596,
A49B9C,
A79D9F,
A99EA0,
AA9E9F,
AA9D9D,
A69897,
9E908E,
958684,
8E7C78,
85726C,
7B6762,
735E56,
FF554B,
694D42,
64003B,
604235,
FF3F31,
5F3EFF,
5E3D2E,
5C3B2C,
5B002B,
5A392A,
593829,
593829,
5B392C,
5CFF2F,
003D32,
5E3F34,
5C3E34,
5B3D34,
5C3F37,
5C3F37,
593EFF,
563D31,
57372E,
432219,
371F18,
9A9089,
FFFFFF,
FFFDFE,
FFFCFF,
FFFFFF,
FFFFFF,
FFFFFF,
FFFFFF,
FFFFFF,
FFFFFF,
FFFFFF,
FFFFFF,
FFFFFF,
FFFFFF,
FFFFFF,
FFFFFF,
FFFFFF,
FFFFFF,
FFFFFF,
FFFFFF,
FFFFFF,
FFFFFF,
FFFFFF,
FFFF00,
FFFFFF,
FFFF00,
FFFFFF,
FFFFFF,
FFFFFF,
FFFFFF,
FFFFFF,
FFFFFF,
FFFFFF,
FFFFFF,
FFFFFF,
FF00FF,
FFFFFF,
FFFF00,
FFFFFF,
FFFFFF,
FFFFFF,
FFFFFF,
FFFFFF,
FFFFFF,
FFFFFF,
FFFFFF,
FFFFFF,
FFFFFF,
FFFFFF,
FFFF00,
FFFFFF,
FFFFFF,
FFFFFF,
FFFFFF,
FFFFFF,
FFFFFF,
FFFFFF,
FFFFFF,
FFFFFF,
FFFFFF,
FFFFFF,
FFFFFF,
FFFFFF,
FFFFFF,
FFFFFF,
FFFFFF,
FFFFFF,
FFFFFF,
FFFFFF,
FFFFFF,
FFFFFF,
FFFFFF,
FFFFFF,
FFFFFF,
FFFFFF,
FFFFFF,
FFFFFF,
FFFFFF,
FFFFFF,
FFFFFF,
FFFFFF,
FFFFFF,
FFFFFF,
FFFFFF,
FFFFFF,
FF00FF,
FFFFFF,
00FFFF,
FFFFFF,
FFFFFF,
FFFFFF,
FFFFFF,
FFFFFF,
FFFFFF,
FFFFFF,
FFFFFF,
FFFFFF,
FFFFFF,
FFFFFF,
FFFFFF,
FFFFFF,
FFFFFF,
FFFFFF,
FFFFFF,
FF00FF,
FFFFFF,
FFFFFF,
FF00FF,
FFFFFF,
FFFFFF,
FFFFFF,
FFFFFF,
FFFFFF,
FFFFFF,
00FFFF,
FFFFFF,
FFFFFF,
FFFFFF,
FFFFFF,
FFFFFF,
FFFFFF,
FFFFFF,
FFFFFF,
FFFFFF,
FFFFFF,
FFFFFF,
00FFFF,
FFFF00,
FFFFFF,
FFFFFF,
FFFFFF,
FFFFFF,
FFFFFF,
FFFFFF,
FFFFFF,
FFFFFF,
FFFFFF,
FFFFFF,
FFFFFF,
FFFFFF,
FFFFFF,
FFFFFF,
FFFFFF,
FFFFFF,
FFFFFF,
FFFFFF,
FFFFFF,
FFFFFF,
FFFFFF,
FFFFFF,
FFFFFF,
FFFFFF,
FFFFFF,
FFFFFF,
FFFFFF,
FFFFFF,
FFFFFF,
FFFF00,
FFFFFF,
FFFFFF,
FFFFFF,
FFFFFF,
FFFFFF,
FFFFFF,
FFFFFF,
FFFFFF,
FFFFFF,
FFFF00,
FFFFFF,
FFFFFF,
FFFFFF,
FFFFFF,
FFFFFF,
FFFFFF,
00FFFF,
FFFFFF,
FFFFFF,
FFFFFF,
FFFFFF,
FFFFFF,
FFFFFF,
FFFFFF,
FFFFFF,
FFFFFF,
FFFFFF,
FFFFFF,
FFFFFF,
FFFFFF,
FFFFFF,
FFFFFF,
FFFFFF,
FFFFFF,
FFFFFF,
FFFFFF,
FFFFFF,
FFFFFF,
FF00FF,
FFFFFF,
FFFFFF,
FFFFFF,
FFFFFF,
FFFFFF,
FFFFFF,
EBE9E4,
6D635F,
614F4E,
6A5051,
74595C,
745D5F,
746464,
746B68,
7D716D,
847572,
8A7C7A,
918584,
968D8B,
9B9291,
9D9394,
A09798,
A59C9C,
A79D9E,
A99D9F,
A99D9E,
A89B9B,
A49594,
9C8D8B,
930081,
8A7874,
816D68,
79635D,
725B53,
6D534A,
674C40,
624638,
5E4133,
5D3D00,
5E3C2D,
5C3B2C,
5A392A,
5B3A2B,
5B3A2B,
00392A,
5B3A2B,
5B3B2C,
5B3B2F,
5D0032,
5E3F34,
5C3E34,
5B3D34,
5C3F37,
5C4038,
563D33,
573E32,
523228,
46FF1C,
350017,
AFA69F,
FFFFFE,
FFFDFF,
FFFCFF,
FFFFFF,
FFFFFF,
FFFFFF,
FFFFFF,
FFFFFF,
FFFFFF,
FFFFFF,
FFFFFF,
FFFFFF,
FFFFFF,
FFFFFF,
FFFFFF,
FFFFFF,
FFFFFF,
FFFFFF,
FFFFFF,
FFFFFF,
FFFFFF,
FFFFFF,
FFFFFF,
FFFFFF,
FFFFFF,
FFFFFF,
FFFFFF,
FFFFFF,
FFFFFF,
FFFFFF,
FFFFFF,
FFFFFF,
FFFFFF,
FFFFFF,
FFFFFF,
FFFFFF,
FFFFFF,
FFFFFF,
FFFFFF,
FFFFFF,
FF00FF,
FFFFFF,
FFFFFF,
FFFFFF,
FFFFFF,
FFFFFF,
FFFFFF,
FFFFFF,
FFFFFF,
FFFFFF,
FFFFFF,
FFFFFF,
FFFFFF,
FFFFFF,
FFFFFF,
FFFFFF,
FFFFFF,
FFFFFF,
FFFFFF,
FFFFFF,
FFFFFF,
FFFFFF,
FFFFFF,
FFFFFF,
FFFFFF,
FFFFFF,
FFFFFF,
FF00FF,
FFFFFF,
FFFFFF,
FFFFFF,
FF00FF,
FFFFFF,
FFFFFF,
FFFFFF,
FFFFFF,
FFFFFF,
FFFFFF,
FFFFFF,
FFFFFF,
FFFFFF,
FFFFFF,
FF00FF,
FFFFFF,
FFFFFF,
FFFFFF,
FFFFFF,
FFFFFF,
FFFFFF,
FFFFFF,
FFFFFF,
FFFFFF,
FFFFFF,
FFFFFF,
FFFFFF,
FFFFFF,
FFFFFF,
FFFFFF,
FFFFFF,
FFFFFF,
FFFFFF,
00FFFF,
FFFFFF,
FFFFFF,
FFFFFF,
FFFFFF,
FFFFFF,
FFFFFF,
FFFFFF,
FFFFFF,
FFFFFF,
FFFFFF,
FFFFFF,
FFFFFF,
FFFFFF,
FFFFFF,
FFFFFF,
FFFFFF,
FFFFFF,
FFFFFF,
FFFFFF,
FFFFFF,
FFFFFF,
FFFFFF,
FFFFFF,
FFFFFF,
FFFFFF,
FFFFFF,
FFFFFF,
FFFFFF,
FFFFFF,
FFFFFF,
FFFFFF,
FFFFFF,
FFFFFF,
FFFFFF,
FFFFFF,
FFFFFF,
FFFFFF,
00FFFF,
FFFFFF,
FFFFFF,
FFFFFF,
FFFFFF,
FFFFFF,
FFFFFF,
FF00FF,
FFFFFF,
FFFFFF,
FFFFFF,
FFFFFF,
FFFFFF,
FFFFFF,
FFFFFF,
FFFFFF,
FFFFFF,
FFFFFF,
FFFFFF,
FFFFFF,
FFFFFF,
FFFFFF,
FFFFFF,
FFFFFF,
FFFFFF,
FFFFFF,
FFFFFF,
FFFFFF,
FFFFFF,
FFFFFF,
FFFFFF,
FFFF00,
FFFFFF,
FFFFFF,
FFFFFF,
FFFFFF,
FFFFFF,
FFFFFF,
FFFFFF,
FFFFFF,
FFFFFF,
FFFFFF,
FFFFFF,
FFFFFF,
FFFFFF,
FFFFFF,
FFFFFF,
FFFFFF,
FFFFFF,
FFFFFF,
FFFFFF,
FFFFFF,
FFFFFF,
FFFFFF,
FFFFFF,
FFFFFF,
FFFFFF,
FFFFFF,
FFFFFF,
FFFFFF,
00FFFF,
FFFFFF,
FFFFFF,
FDFBF8,
918784,
FF4FFF,
6C5657,
71595C,
745F61,
756665,
766B69,
807370,
857774,
8A7C7B,
948886,
998F8E,
9E9494,
A09798,
A49B9C,
A89E9F,
A99FA0,
AA9EA0,
A89C9D,
A89B9A,
A49594,
9C8D8B,
938481,
8B7975,
816C67,
755F5A,
6D554E,
694F46,
6449FF,
604336,
5E4032,
5D002E,
5C3B2C,
5B3A2B,
593829,
590029,
593829,
593829,
5A392A,
5B3A2C,
5B3B2F,
5D3D32,
5D3F34,
5C3E34,
5A3E34,
5B3F37,
5C4138,
553D32,
563E32,
4D2E24,
46251D,
331B14,
C1B9B2,
00FFFD,
FFFDFF,
FFFCFF,
FFFFFF,
FFFFFF,
FF00FF,
FFFFFF,
FFFFFF,
FFFFFF,
FFFFFF,
FFFFFF,
00FFFF,
FFFFFF,
FFFFFF,
FFFFFF,
FFFFFF,
FFFFFF,
FFFFFF,
FFFFFF,
FFFFFF,
FFFFFF,
FFFFFF,
FFFFFF,
FFFFFF,
FFFFFF,
FFFFFF,
00FFFF,
00FFFF,
FFFFFF,
FFFFFF,
FFFFFF,
FFFFFF,
FFFFFF,
FFFFFF,
FFFFFF,
FFFFFF,
FFFFFF,
FFFFFF,
FFFFFF,
FFFFFF,
FFFFFF,
FFFFFF,
FFFFFF,
FFFF00,
FFFFFF,
FFFFFF,
FFFFFF,
FFFFFF,
FFFF00,
FFFFFF,
FFFFFF,
FFFFFF,
FFFFFF,
FFFFFF,
FFFFFF,
FFFFFF,
FFFFFF,
FFFFFF,
FFFFFF,
00FFFF,
FFFFFF,
FFFFFF,
FFFFFF,
FFFFFF,
FFFFFF,
FFFFFF,
FFFFFF,
FFFFFF,
FFFFFF,
FFFFFF,
FFFFFF,
FFFFFF,
FFFFFF,
FFFFFF,
FFFFFF,
FFFFFF,
FFFFFF,
FFFFFF,
FFFFFF,
FFFFFF,
FFFFFF,
FFFFFF,
FFFFFF,
FFFFFF,
FFFFFF,
FFFFFF,
FFFFFF,
0000FF,
FFFFFF,
FFFFFF,
FFFFFF,
FFFFFF,
FFFFFF,
FFFFFF,
FFFFFF,
FFFFFF,
FFFFFF,
FF00FF,
FFFFFF,
FFFFFF,
FFFFFF,
FFFFFF,
FFFFFF,
FFFFFF,
FFFFFF,
FFFFFF,
FFFFFF,
FFFFFF,
FFFFFF,
FFFFFF,
FFFFFF,
FFFFFF,
FFFFFF,
FFFFFF,
FFFFFF,
FFFFFF,
FFFFFF,
FFFFFF,
FFFFFF,
FFFFFF,
FFFFFF,
FFFFFF,
FF00FF,
FFFFFF,
FFFFFF,
FFFFFF,
FFFFFF,
FFFFFF,
FFFFFF,
FFFFFF,
FFFFFF,
FFFFFF,
FFFFFF,
FFFFFF,
FFFFFF,
FFFFFF,
FFFFFF,
FFFFFF,
FFFFFF,
FFFFFF,
FFFFFF,
FFFFFF,
FFFFFF,
FFFFFF,
FFFFFF,
FFFFFF,
FFFFFF,
FFFFFF,
FFFFFF,
FFFFFF,
FFFFFF,
FFFFFF,
FFFFFF,
00FFFF,
FFFFFF,
FFFFFF,
FFFFFF,
FFFFFF,
FFFFFF,
FFFFFF,
FFFFFF,
FFFFFF,
FFFFFF,
FFFFFF,
FFFFFF,
FFFFFF,
FFFFFF,
FFFFFF,
FFFFFF,
FFFFFF,
00FFFF,
FFFFFF,
00FFFF,
FFFFFF,
FFFFFF,
FFFFFF,
FFFFFF,
FFFFFF,
FFFFFF,
FFFFFF,
FFFFFF,
FFFFFF,
FFFFFF,
FFFFFF,
FFFFFF,
FFFFFF,
FFFFFF,
FFFFFF,
FFFFFF,
FFFFFF,
FFFFFF,
FFFFFF,
FFFFFF,
FFFFFF,
FFFFFF,
00FFFF,
FFFFFF,
FFFFFF,
FFFFFF,
FFFFFF,
FFFFFF,
FFFFFF,
FFFFFD,
C2BBB9,
61FF53,
6B5959,
705C5D,
746162,
766600,
786C6A,
007572,
877976,
8C7E7C,
958987,
9B9190,
A09597,
A39A9B,
A79FA0,
ABA200,
ACA2A3,
ABA000,
A99DFF,
A79A99,
A39393,
9B8C8A,
928380,
8C7975,
816B67,
735C58,
6B524B,
674D44,
64473D,
604336,
5F4032,
5DFF2E,
FF3B2C,
5B3A2B,
5A392A,
593829,
583728,
583728,
5A392A,
5B3A2C,
5A3B2F,
5C3D32,
5C3F34,
FFFF34,
5A3E34,
5B3F37,
5C4138,
553E33,
533C2F,
4B2C22,
43231A,
371F17,
D2CAC3,
FFFFFE,
FFFEFF,
FFFCFF,
FFFFFF,
FFFFFF,
00FFFF,
FFFFFF,
FFFFFF,
FFFFFF,
FFFFFF,
FFFFFF,
0000FF,
FFFFFF,
FFFFFF,
FFFFFF,
FFFFFF,
FF00FF,
00FFFF,
FFFFFF,
FFFFFF,
FFFFFF,
FF00FF,
FFFFFF,
FFFFFF,
FFFFFF,
FFFFFF,
FFFFFF,
FFFFFF,
FFFFFF,
FFFFFF,
FFFFFF,
FFFFFF,
FFFFFF,
FFFFFF,
FFFFFF,
FFFFFF,
FFFFFF,
FFFFFF,
FFFFFF,
FFFFFF,
FFFFFF,
FFFFFF,
FFFFFF,
FFFFFF,
FFFFFF,
FFFFFF,
FFFFFF,
FFFFFF,
FFFFFF,
FFFFFF,
FFFF00,
FFFFFF,
FFFFFF,
FFFFFF,
FFFFFF,
FFFFFF,
FFFFFF,
FFFFFF,
FFFF00,
FFFFFF,
FFFFFF,
FFFFFF,
FFFFFF,
FFFFFF,
FFFFFF,
FFFFFF,
FFFFFF,
FFFFFF,
FFFFFF,
FFFFFF,
FFFFFF,
FFFFFF,
FFFFFF,
FFFFFF,
FFFFFF,
FFFFFF,
FFFFFF,
FF00FF,
FFFFFF,
FFFFFF,
FFFFFF,
FF00FF,
FFFFFF,
FFFFFF,
FFFFFF,
FFFFFF,
FF00FF,
FFFFFF,
FFFFFF,
FFFFFF,
FFFFFF,
FFFFFF,
FFFFFF,
FFFFFF,
FFFFFF,
FFFFFF,
FFFFFF,
FFFFFF,
FFFFFF,
FFFFFF,
FFFFFF,
FFFFFF,
FFFFFF,
FFFFFF,
FFFFFF,
FFFFFF,
FFFFFF,
FFFFFF,
FFFFFF,
FFFFFF,
FFFFFF,
FFFFFF,
FFFFFF,
FFFFFF,
FFFFFF,
FFFFFF,
FFFFFF,
FFFFFF,
FF00FF,
FFFFFF,
FF00FF,
FFFFFF,
FFFFFF,
FFFFFF,
FFFFFF,
FFFFFF,
FFFFFF,
FFFFFF,
FFFFFF,
FFFFFF,
FFFFFF,
FFFFFF,
FFFFFF,
FFFFFF,
FFFFFF,
FFFFFF,
FFFFFF,
FFFFFF,
FFFFFF,
FFFFFF,
FFFFFF,
FFFFFF,
FFFFFF,
FFFFFF,
FFFFFF,
FFFFFF,
FFFFFF,
FFFFFF,
FFFFFF,
FFFFFF,
FFFFFF,
FFFFFF,
FFFFFF,
FFFFFF,
FFFFFF,
FFFF00,
FFFFFF,
FFFFFF,
FFFFFF,
FFFFFF,
FFFFFF,
FFFFFF,
FFFFFF,
FFFFFF,
FFFFFF,
FFFFFF,
FFFFFF,
FFFFFF,
FFFFFF,
FFFFFF,
FFFF00,
FFFFFF,
FFFFFF,
FFFFFF,
FFFF00,
FFFFFF,
FFFFFF,
FFFFFF,
FFFFFF,
FFFFFF,
FF00FF,
FFFFFF,
FFFFFF,
FFFFFF,
FFFFFF,
FFFFFF,
FFFFFF,
FFFFFF,
FFFFFF,
FFFFFF,
FFFFFF,
FFFFFF,
FFFFFF,
FFFFFF,
FFFFFF,
FFFFFF,
FFFFFF,
FFFFFF,
FFFFFF,
FFFFFF,
FFFFFF,
FFFFFF,
FFFEFB,
F2EFEC,
817675,
635455,
6F5D5E,
7462FF,
776767,
796D6A,
827571,
890077,
8F817F,
96FF88,
9C9290,
A29898,
A59C9D,
A9A1A2,
AEA5A6,
AFA5A6,
ADA2A4,
AA9EFF,
009998,
00FF90,
99FF88,
8F807D,
897773,
80FF65,
735B56,
6E534D,
6A4E45,
65483D,
634337,
614134,
5E3E30,
5E3C2D,
5C3B2C,
5B3A2B,
593829,
593829,
593829,
5C3B2C,
5C3C2D,
593C2F,
5B0000,
5C3F34,
5B3F34,
593E34,
5B4037,
5B4137,
554034,
5039FF,
4A2C22,
002017,
3D271F,
DDD9D1,
FFFFFF,
FDFCFE,
FFFDFF,
FFFFFF,
FFFFFF,
FFFFFF,
FFFFFF,
FFFFFF,
FFFF00,
FFFFFF,
FFFFFF,
FFFFFF,
FFFFFF,
FFFFFF,
FFFFFF,
FFFFFF,
FFFFFF,
FFFFFF,
FFFFFF,
FFFFFF,
FFFFFF,
FFFFFF,
FFFFFF,
FFFFFF,
FFFFFF,
FFFFFF,
FFFFFF,
FFFFFF,
FFFFFF,
FFFFFF,
FFFFFF,
FFFFFF,
FFFFFF,
FFFFFF,
FFFFFF,
FFFFFF,
FFFFFF,
FFFFFF,
FFFFFF,
FFFFFF,
FFFFFF,
FFFFFF,
FFFFFF,
FFFFFF,
FFFFFF,
FFFFFF,
FFFFFF,
FFFFFF,
FFFFFF,
FFFFFF,
FFFFFF,
FFFFFF,
FFFFFF,
FFFFFF,
FFFFFF,
00FFFF,
FF00FF,
FFFFFF,
FFFFFF,
FFFFFF,
FFFFFF,
FFFFFF,
FFFFFF,
FFFFFF,
FFFFFF,
FFFFFF,
FFFFFF,
FFFFFF,
FFFFFF,
FFFF00,
FFFFFF,
FFFFFF,
FFFFFF,
FFFFFF,
FFFFFF,
FFFFFF,
FFFFFF,
FFFFFF,
FFFFFF,
FFFFFF,
FFFFFF,
FFFFFF,
FFFFFF,
FFFFFF,
FFFFFF,
FFFFFF,
FFFFFF,
FFFFFF,
FFFFFF,
FEFEFE,
FEFEFE,
FFFEFE,
FE0000,
FEFEFE,
FEFEFE,
FEFEFE,
FEFEFE,
FEFEFF,
FEFEFE,
FEFEFE,
FE00FE,
FEFEFE,
FEFEFE,
FEFEFE,
FEFEFE,
FFFFFF,
FFFFFF,
FFFFFF,
FFFFFF,
FEFEFE,
FEFEFE,
FFFEFE,
FEFEFE,
FFFFFF,
FFFFFF,
FFFFFF,
FFFFFF,
FEFEFE,
FEFEFE,
FEFEFE,
FEFEFE,
FE00FE,
FEFEFE,
FEFEFE,
FEFEFE,
FEFEFE,
FEFEFE,
FEFEFE,
FEFEFE,
FEFEFE,
FEFFFE,
FEFEFE,
FEFEFE,
FEFEFE,
FEFEFE,
FEFEFE,
FEFEFF,
FEFEFE,
FEFEFE,
FEFEFE,
FEFEFE,
FEFEFE,
FFFFFF,
FFFFFF,
FFFFFF,
FFFFFF,
FEFEFE,
FEFEFE,
FEFEFE,
FE00FE,
FFFFFF,
FFFFFF,
FFFFFF,
FFFFFF,
FEFEFE,
FEFEFE,
FEFEFE,
FEFEFE,
FEFEFE,
FEFEFE,
FEFEFE,
FEFEFE,
FEFEFE,
FEFEFE,
FEFEFE,
FEFEFE,
FEFEFE,
FEFEFE,
FEFEFE,
FEFEFE,
FFFFFF,
FFFFFF,
FFFFFF,
FFFFFF,
FEFEFE,
FEFEFE,
FEFEFE,
FEFEFE,
FEFEFE,
FEFE00,
FEFEFE,
FEFEFE,
FEFEFE,
FEFEFE,
FEFEFE,
FEFEFE,
FEFEFE,
FEFEFE,
FEFEFE,
FEFEFE,
FEFEFE,
FEFEFE,
FEFEFE,
FEFEFE,
FFFFFF,
FFFFFF,
FFFFFF,
FFFFFF,
FFFEFE,
FEFEFE,
FEFE00,
FEFEFE,
FDFCFC,
FFFFFF,
CCC4C5,
6D0061,
6D5F5F,
736363,
786967,
7A6C69,
827572,
8A7C79,
8F817F,
968A88,
9E9493,
FF9A9A,
A59C9D,
A9A0A1,
AEA4A5,
ADA3A4,
FFA0A2,
A89C9C,
A49796,
FF8F8E,
968785,
8C7D7A,
887470,
7E6662,
705854,
6C524C,
6A4E45,
67483E,
664439,
634035,
5E3D2F,
5C3B2C,
5B3AFF,
593829,
593829,
5BFF2B,
5C3B2C,
5D3C00,
5D3D2E,
5B0031,
5D3F34,
5C4034,
5B4035,
5A4035,
004036,
584036,
554034,
493527,
492C22,
3B1D13,
47332A,
E5E0FF,
FFFFFF,
FEFEFF,
FDFCFF,
FEFEFE,
FEFEFE,
FEFEFE,
FEFEFE,
FFFFFF,
FFFFFF,
FFFFFF,
FFFFFF,
FFFFFF,
FFFFFF,
00FFFF,
FFFFFF,
FFFFFF,
FFFFFF,
FFFFFF,
FFFFFF,
FEFEFE,
FEFEFE,
FEFEFE,
00FEFE,
FFFFFF,
FFFFFF,
FFFFFF,
FFFFFF,
FFFEFE,
FEFEFE,
FEFEFE,
FEFEFE,
FEFEFE,
FEFFFE,
FEFEFE,
FEFEFE,
FEFEFE,
FEFEFE,
FEFEFE,
FEFEFE,
FFFFFF,
FFFFFF,
FFFFFF,
FFFFFF,
FEFEFE,
FEFEFE,
FEFFFE,
FEFEFE,
FEFEFE,
FEFFFE,
FEFEFE,
FEFEFE,
FEFEFE,
FEFEFE,
FEFEFE,
FEFEFE,
FEFE00,
FEFEFE,
FEFEFE,
FEFEFE,
FFFF00,
FFFFFF,
FFFFFF,
FFFFFF,
FEFEFE,
FEFEFE,
FEFEFE,
FE00FE,
FEFEFE,
FEFEFE,
FEFEFE,
FEFEFE,
FFFFFF,
FFFFFF,
FFFFFF,
FFFFFF,
FEFEFE,
FEFEFE,
FEFEFE,
FEFEFE,
FFFFFF,
FFFFFF,
FFFFFF,
FFFFFF,
FF00FF,
FFFFFF,
FFFFFF,
FFFFFF,
FFFFFF,
FFFFFF,
FEFEFF,
FEFEFE,
FEFEFE,
FEFEFE,
FEFEFE,
FEFEFE,
FEFEFE,
FEFEFE,
FEFEFE,
FEFEFE,
00FEFE,
FEFEFE,
FEFEFE,
FEFEFE,
FEFEFE,
FEFEFE,
FFFFFF,
FFFFFF,
FFFFFF,
FFFFFF,
FEFEFE,
FEFEFE,
FEFEFE,
FEFEFE,
FFFFFF,
FFFFFF,
FFFFFF,
FFFFFF,
FEFEFE,
FEFEFE,
FEFEFE,
FEFEFE,
FEFEFE,
FEFFFE,
FEFEFE,
FEFEFE,
FEFEFE,
FEFEFE,
00FEFE,
FEFEFE,
FEFEFE,
FEFEFE,
FEFEFE,
FEFEFE,
FFFEFE,
FEFEFE,
FEFEFE,
FEFEFE,
FEFEFE,
FEFEFE,
FEFEFE,
FEFEFE,
FEFEFE,
FFFFFF,
FFFFFF,
FFFFFF,
FFFFFF,
FEFEFE,
FEFEFE,
FEFE00,
FEFEFE,
FFFF00,
FFFFFF,
FFFFFF,
FFFFFF,
FEFEFE,
FEFE00,
FEFEFE,
FEFEFE,
FEFEFE,
FEFEFE,
FEFEFE,
FEFEFE,
FEFEFE,
00FEFE,
FEFEFE,
FEFEFE,
FEFEFE,
FEFEFE,
FEFEFE,
FEFEFE,
FFFFFF,
FFFFFF,
FFFFFF,
FFFFFF,
FEFEFE,
FEFEFE,
FEFEFE,
FEFEFE,
FEFEFE,
FEFEFE,
FEFEFE,
FEFEFE,
FEFEFE,
FEFEFE,
FEFEFE,
FEFEFE,
00FEFE,
FEFEFE,
FEFE00,
FEFEFE,
FEFEFE,
FE00FE,
FEFEFE,
FEFEFE,
FFFFFF,
FFFFFF,
FFFFFF,
FFFFFF,
FEFEFE,
FEFEFE,
FEFEFE,
FEFEFE,
FCFDFD,
FEFDFE,
FCF9FA,
ABA2A2,
6B6060,
726464,
776865,
7D6E6B,
817471,
887A77,
8D7F7D,
938785,
9B9190,
A39999,
A79E9F,
ABA2A3,
ACA3A4,
ABA1A2,
A99E9F,
A5999A,
A19493,
9C8D8D,
968785,
8B7C79,
FF706C,
7B0060,
735AFF,
6E524C,
6C4EFF,
694A40,
68473B,
654236,
603E30,
5E3D2E,
5DFF2D,
5B3A2B,
5A392A,
5A392A,
FF3B2C,
5D3C2D,
5C3D2E,
5A3E31,
5B3F33,
5B3F34,
593E33,
580034,
584137,
553F34,
003D31,
473325,
45291E,
381B11,
503C33,
EEEAE2,
FEFFFB,
FCFDFD,
FEFCFF,
FEFEFE,
FFFEFE,
FEFEFE,
FEFEFE,
FFFFFF,
FFFFFF,
FFFFFF,
FFFFFF,
FFFFFF,
FFFFFF,
FFFFFF,
FFFFFF,
FFFFFF,
FFFFFF,
FFFFFF,
FFFFFF,
FEFEFE,
FEFEFE,
FEFEFE,
FEFEFE,
FFFFFF,
FFFFFF,
FFFFFF,
FFFFFF,
FEFEFE,
FEFEFE,
FEFEFE,
FEFEFE,
FEFEFE,
FEFEFE,
FEFEFE,
FEFEFE,
FEFEFE,
FEFEFE,
FE00FE,
FEFEFE,
FFFFFF,
FFFFFF,
FFFFFF,
FFFFFF,
FEFEFE,
FEFEFE,
FEFEFE,
FEFEFE,
00FEFE,
FEFEFE,
FEFEFE,
FEFEFE,
FEFEFF,
FEFEFE,
FEFEFE,
FEFEFE,
FEFEFE,
FEFEFE,
FEFE00,
FEFEFE,
FFFFFF,
00FFFF,
00FFFF,
FFFFFF,
FE00FE,
FFFEFE,
FEFEFE,
FEFEFE,
FEFEFE,
FEFEFE,
FEFEFE,
FEFE00,
FFFFFF,
FFFFFF,
FFFFFF,
FFFFFF,
FEFEFE,
FEFEFE,
FFFFFE,
FEFEFE,
FFFFFF,
FFFFFF,
FFFFFF,
FF00FF,
FFFFFF,
FFFFFF,
FFFFFF,
FFFFFF,
FFFFFF,
FFFFFF,
FEFEFE,
FEFEFE,
FEFEFE,
FEFEFE,
FEFEFE,
FEFEFE,
FEFFFE,
FEFEFE,
FE00FE,
FEFEFE,
FEFEFE,
FEFEFE,
FEFEFE,
FFFEFE,
FEFEFE,
FEFEFE,
FFFFFF,
FFFFFF,
FFFFFF,
FFFFFF,
FEFEFE,
FEFEFE,
FEFEFE,
FEFEFE,
FFFFFF,
FFFFFF,
FFFFFF,
FFFFFF,
FEFEFE,
FEFEFE,
FEFEFE,
FEFEFE,
FEFEFE,
FEFEFE,
FEFEFE,
00FEFE,
FEFEFE,
FEFEFE,
00FEFE,
FEFEFE,
FEFEFE,
FEFEFE,
FEFEFE,
FEFEFE,
FEFEFE,
FFFE00,
FEFEFE,
FEFEFE,
FEFEFE,
FEFEFF,
FEFE00,
FEFEFF,
FEFEFE,
FFFFFF,
FFFFFF,
FFFFFF,
FFFFFF,
FEFEFE,
FEFE00,
FEFEFE,
FEFEFE,
FFFFFF,
FFFFFF,
FFFFFF,
FFFFFF,
FEFFFE,
FEFEFE,
FEFEFE,
FEFEFF,
FEFEFE,
FEFEFE,
FEFEFE,
FEFEFE,
FE00FE,
FEFEFE,
FEFEFE,
FEFEFE,
FEFEFE,
FEFEFE,
FEFEFE,
FEFEFE,
FFFFFF,
FFFFFF,
FFFFFF,
FFFFFF,
FEFEFE,
FEFFFE,
00FEFE,
00FEFE,
FEFEFE,
FEFEFE,
FEFEFE,
FFFEFE,
FEFEFE,
FEFEFE,
FEFEFE,
00FEFE,
FEFEFE,
00FEFE,
FEFEFF,
FEFEFE,
FEFEFE,
FEFEFE,
FEFEFE,
FEFEFE,
FFFFFF,
FFFFFF,
FFFFFF,
FFFFFF,
FEFEFE,
FEFEFE,
FEFEFE,
FEFEFE,
FDFEFE,
F9FAFB,
FAFAFC,
F6F2F3,
A4009A,
796D6C,
7D6E6B,
7B6B00,
81726F,
847673,
897BFF,
938785,
9A8F8E,
A19798,
A89E9F,
AAA1A2,
ACA2A3,
ABA1A2,
A89D9E,
A49899,
9F9191,
9A8B8A,
958584,
8A7B77,
806C69,
7B635F,
785D59,
735550,
6D4F00,
694A40,
67463A,
654100,
603D30,
5E3D2E,
5DFF2D,
5C3B2C,
5C3B2C,
5B3A2B,
5C3BFF,
5D3C2D,
5B3C2E,
5A3E31,
5B3F33,
5A3F33,
593E33,
563E33,
580036,
5640FF,
473428,
422F21,
3FFF18,
34180E,
5C49FF,
F7F5EC,
FDFFFA,
FCFDFE,
FEFDFF,
FFFEFE,
FEFEFE,
FEFEFE,
FEFEFE,
FFFFFF,
FFFFFF,
FFFFFF,
FFFFFF,
FFFFFF,
FFFFFF,
FFFFFF,
FFFFFF,
FFFFFF,
FFFFFF,
FF00FF,
FFFFFF,
FEFEFE,
FEFEFE,
FFFEFE,
FEFFFE,
FFFFFF,
FFFFFF,
FFFFFF,
FFFFFF,
FEFEFE,
FEFEFE,
FEFEFE,
FEFEFE,
FEFEFE,
FEFEFE,
FEFEFE,
FEFEFE,
FEFEFE,
FFFEFE,
FEFEFE,
FEFEFE,
FFFFFF,
FFFFFF,
FFFFFF,
FFFFFF,
FEFEFE,
FEFE00,
FEFEFE,
FE00FE,
FEFEFE,
FEFEFE,
FEFEFE,
FEFEFE,
FFFFFE,
FEFEFE,
FEFEFE,
FEFEFE,
FEFEFE,
FEFEFE,
FEFEFE,
FEFEFF,
FFFFFF,
FFFFFF,
FFFFFF,
FFFFFF,
FEFEFE,
FEFEFE,
FEFEFE,
FEFEFE,
FEFEFE,
FEFEFE,
00FEFE,
FEFEFE,
FFFFFF,
FFFFFF,
FFFFFF,
FFFFFF,
FEFFFE,
FEFFFE,
FEFEFE,
FEFEFE,
FFFFFF,
FFFFFF,
FFFFFF,
FFFFFF,
FFFFFF,
FFFFFF,
FFFFFF,
FFFFFF,
FFFFFF,
FFFFFF,
FEFE00,
FEFEFE,
FEFEFE,
00FEFE,
FEFEFE,
FEFEFE,
FEFEFE,
FEFEFE,
FEFEFE,
FEFEFE,
FEFEFE,
FEFEFE,
FEFEFE,
FEFEFE,
FEFEFE,
FEFEFE,
FFFFFF,
FFFF00,
FFFFFF,
FFFFFF,
FEFEFE,
FEFEFE,
FEFEFE,
FEFEFE,
FFFFFF,
FFFFFF,
FFFFFF,
FFFFFF,
FEFEFE,
FEFEFE,
FEFEFE,
FEFEFE,
FEFEFE,
FEFEFE,
FFFEFE,
FEFEFE,
FEFEFE,
FEFEFE,
FEFFFE,
FEFEFE,
FEFEFE,
FEFEFE,
FEFEFE,
FEFEFE,
FEFEFE,
FEFEFE,
FEFEFE,
FEFEFE,
FFFEFE,
FEFEFF,
FEFEFE,
FEFEFE,
FEFEFE,
FFFFFF,
FFFFFF,
FFFF00,
FFFFFF,
FEFEFE,
00FEFE,
FEFEFE,
FEFFFE,
FFFFFF,
FFFFFF,
FFFFFF,
FFFFFF,
FEFEFE,
FEFEFE,
FE00FE,
FEFEFE,
FEFEFE,
FEFEFE,
FEFEFE,
FEFEFE,
FEFEFE,
FEFEFE,
FEFEFE,
FEFEFE,
00FEFE,
FEFEFF,
FEFEFE,
FEFEFE,
FFFFFF,
FFFFFF,
FFFFFF,
00FFFF,
FEFEFE,
FEFEFE,
FEFEFE,
FEFEFE,
FEFEFE,
FEFEFE,
FEFEFE,
FEFEFE,
FEFEFE,
FEFEFE,
FEFEFE,
FEFEFE,
FEFEFE,
FEFEFE,
FEFEFE,
FEFEFE,
FEFEFE,
FEFEFE,
FEFEFE,
FEFEFE,
FF00FF,
FFFFFF,
FF00FF,
FFFFFF,
FEFEFE,
FEFEFE,
FEFEFE,
FEFEFF,
F8F9FD,
FCFEFF,
FDFD00,
FFFFFF,
E3DEDD,
695F5D,
756664,
81706C,
837471,
880077,
897B79,
9084FF,
978D8C,
9F9595,
A49B9C,
A79E9F,
ACA2A3,
ABA1A2,
A79C9E,
A29697,
9C8F8E,
978887,
918180,
887976,
826D6A,
7E6561,
7B605C,
765954,
6F5048,
6A483F,
674439,
633F33,
5E3BFF,
FF3C2D,
5D3C2D,
5D3C2D,
5C3B2C,
5C3B2C,
5C3B2C,
5C3BFF,
5B3CFF,
5A3E31,
5A3EFF,
583D31,
5A4034,
574033,
553F35,
533C32,
3D291D,
3B281A,
3A2014,
31160C,
6A584E,
FEFAF1,
FEFFFB,
FBFEFF,
FDFCFF,
FEFEFE,
FEFEFE,
FEFEFE,
FEFEFE,
FFFFFF,
FFFFFF,
FFFFFF,
FFFFFF,
FFFFFF,
FFFFFF,
FFFFFF,
FFFFFF,
FFFFFF,
FFFFFF,
FFFFFF,
FFFFFF,
FEFEFE,
FEFEFE,
FEFEFE,
FEFEFE,
FFFFFF,
FF00FF,
FFFFFF,
FFFFFF,
FEFEFE,
FEFEFE,
FEFEFE,
FEFEFE,
FEFEFE,
FEFEFE,
FEFEFE,
FEFEFE,
FEFEFE,
FEFEFE,
FEFEFE,
FEFEFE,
FFFFFF,
FFFFFF,
FFFFFF,
FFFFFF,
FEFEFE,
FEFE00,
FEFEFE,
FEFEFE,
FEFEFE,
FEFEFE,
FEFEFE,
FEFEFE,
00FEFE,
FEFEFF,
FEFEFE,
FEFEFE,
FEFEFE,
FEFEFE,
FEFEFE,
FEFEFE,
FFFFFF,
FFFFFF,
FFFFFF,
FFFFFF,
FEFEFE,
FEFEFE,
00FEFE,
FEFEFE,
FEFEFE,
FEFEFE,
FEFEFE,
FEFEFE,
FFFFFF,
00FFFF,
FF00FF,
FFFF00,
FEFEFE,
FEFEFE,
FEFEFE,
FEFEFE,
FFFFFF,
FFFFFF,
FFFFFF,
FFFFFF,
FFFF00,
FFFFFF,
FFFFFF,
FFFFFF,
00FFFF,
FFFFFF,
FEFEFE,
FEFEFE,
FEFEFE,
FEFEFE,
FEFEFE,
FEFEFE,
FEFEFE,
00FEFE,
FEFEFE,
FEFEFE,
FEFEFE,
FEFEFF,
FEFEFE,
FEFEFE,
00FEFE,
FEFEFE,
FFFFFF,
FFFFFF,
FFFFFF,
FFFFFF,
FEFEFE,
FEFEFF,
FEFEFE,
FEFEFE,
FFFFFF,
FFFFFF,
FFFFFF,
FFFFFF,
FEFEFE,
FE00FE,
FEFE00,
FEFEFE,
FEFEFE,
FEFEFE,
FEFEFE,
FEFEFE,
FEFEFE,
FEFEFE,
FEFFFE,
FEFEFE,
FEFEFE,
FEFEFE,
FEFEFE,
FEFEFE,
FEFEFE,
FEFEFE,
FEFEFE,
FEFEFE,
FEFEFE,
00FEFE,
FEFEFE,
FEFEFE,
FEFEFE,
FFFFFF,
FFFFFF,
FFFFFF,
FFFFFF,
FEFEFE,
FEFEFE,
FEFEFE,
FEFEFE,
FFFFFF,
FFFFFF,
FFFFFF,
FFFFFF,
FEFEFE,
FEFEFE,
FEFEFE,
FEFEFE,
FEFEFE,
FEFEFE,
FEFEFE,
FEFEFE,
FEFEFE,
FEFEFE,
FEFEFE,
FEFEFE,
FEFEFE,
FEFEFE,
FEFEFE,
FEFEFE,
FFFFFF,
00FFFF,
FFFFFF,
FFFFFF,
FFFEFE,
FEFEFE,
FEFEFE,
FEFEFE,
FEFEFE,
FEFEFE,
FEFEFE,
FEFEFE,
FEFEFE,
FEFEFE,
FEFEFE,
FEFEFE,
FEFEFE,
FEFEFE,
FEFEFE,
FEFEFE,
FEFEFE,
FEFEFE,
FEFEFE,
FEFEFE,
FFFFFF,
FFFFFF,
FFFFFF,
FFFFFF,
FEFEFE,
FEFEFE,
FEFEFE,
FEFEFE,
FCFEFF,
FAFCFE,
FDFEFF,
FFFFFF,
E3DEDD,
8C8280,
675B58,
005551,
7A6B68,
8E807D,
948684,
938786,
968C8C,
9D9393,
FFFF96,
A29A9B,
A89E9F,
A79D9E,
FF989A,
9DFF92,
9B8D8D,
948585,
8D7D7C,
877875,
846E6B,
806561,
7AFF5A,
755953,
715149,
6B4A40,
68453A,
643F33,
5D3B2D,
5B3A2B,
5B3A2B,
5C002C,
5C3B2C,
5C3B2C,
5C3B2C,
5C3BFF,
5B3C2E,
5A3F31,
593F32,
57FF31,
563D31,
584135,
543E33,
442E22,
342115,
352214,
381E12,
2F1409,
77665C,
FFFFF7,
FCFFFA,
F9FFFC,
FDFCFE,
FEFEFE,
FEFEFE,
FEFEFE,
FEFEFE,
FFFFFF,
FFFFFF,
FFFFFF,
FFFFFF,
FFFFFF,
FFFFFF,
FFFFFF,
FFFFFF,
FFFFFF,
FFFFFF,
FFFFFF,
FFFFFF,
FEFEFE,
FEFEFF,
FEFEFE,
FEFEFE,
FFFFFF,
FFFFFF,
FFFFFF,
FFFFFF,
FEFEFE,
FEFEFE,
FEFEFE,
FEFEFE,
FEFFFE,
FEFEFE,
FEFEFE,
FEFEFE,
FFFEFE,
FEFEFE,
00FEFE,
FEFEFE,
FFFFFF,
FFFFFF,
FFFFFF,
FFFFFF,
FEFEFE,
FEFEFE,
FEFEFE,
FEFEFE,
FEFEFE,
FE00FE,
FEFEFE,
FEFEFE,
FEFEFE,
FEFEFE,
00FEFE,
FEFEFE,
FEFEFE,
FEFEFE,
FEFEFE,
FEFEFE,
FFFFFF,
FFFFFF,
00FFFF,
FFFFFF,
FEFEFE,
FEFEFE,
FEFEFE,
FEFEFE,
FEFEFE,
FEFEFE,
FEFEFE,
FEFEFE,
FFFFFF,
FFFFFF,
FFFFFF,
FFFFFF,
FE00FE,
FEFFFF,
FEFEFE,
FEFEFE,
FFFF00,
FFFFFF,
FFFFFF,
FFFFFF,
FFFFFF,
FFFFFF,
FFFFFF,
FFFFFF,
FFFFFF,
FFFFFF,
FFFFFF,
FFFFFF,
FFFFFF,
FFFF00,
FFFFFF,
FFFFFF,
FFFFFF,
FFFFFF,
FFFFFF,
FFFFFF,
FFFFFF,
FFFFFF,
FFFFFF,
FFFFFF,
FFFFFF,
FFFFFF,
FFFFFF,
FFFFFF,
FF00FF,
FFFFFF,
FFFFFF,
FFFFFF,
FF00FF,
FFFFFF,
FFFFFF,
FFFFFF,
FFFFFF,
FFFFFF,
FFFFFF,
FFFFFF,
FFFFFF,
FFFFFF,
FFFFFF,
FFFFFF,
FFFF00,
FFFFFF,
FFFFFF,
FFFFFF,
FFFFFF,
FFFFFF,
FFFFFF,
FFFFFF,
FFFFFF,
FFFFFF,
FFFFFF,
FFFFFF,
FFFFFF,
FFFFFF,
FFFF00,
FFFFFF,
FFFFFF,
FFFFFF,
FFFFFF,
FFFFFF,
FFFFFF,
FFFFFF,
FFFFFF,
FFFFFF,
FFFFFF,
FFFFFF,
FFFFFF,
FFFFFF,
FFFFFF,
FFFFFF,
FFFFFF,
FFFFFF,
FFFFFF,
FFFFFF,
FFFFFF,
FFFFFF,
FFFFFF,
FFFFFF,
00FFFF,
FFFFFF,
FFFFFF,
FFFFFF,
FFFFFF,
FFFFFF,
FFFFFF,
FFFFFF,
FFFFFF,
FEFEFE,
FEFEFE,
FEFEFE,
FEFEFE,
FFFFFF,
FFFFFF,
FFFFFF,
FFFFFF,
FFFFFF,
FFFFFF,
FFFFFF,
FFFFFF,
FFFFFF,
FF00FF,
FFFFFF,
FFFFFF,
FFFFFF,
FF00FF,
FFFFFF,
FFFFFF,
FFFFFF,
FFFFFF,
FFFFFF,
FFFFFF,
FFFFFF,
FFFFFF,
FFFFFF,
FFFFFF,
FFFFFF,
FFFFFF,
FFFFFF,
FFFFFF,
FEFEFE,
FEFFFE,
FEFEFF,
FFFFFF,
DEDBDB,
9F9700,
807577,
6A5C5E,
554441,
66554F,
8C7D7B,
928585,
988E90,
9B9294,
9F9597,
A19798,
A39899,
A398FF,
A09394,
9D8E8F,
9CFF8B,
968282,
8F7A7A,
8A7373,
826D69,
7B6660,
750058,
6F574E,
6A4F44,
674A3D,
654537,
614030,
5C3B2B,
5D3A2C,
5C3A2B,
5A39FF,
593829,
59392A,
5A3B2B,
5A3B2C,
5D3B2D,
FF3C2F,
573D30,
543E31,
003E34,
5B4137,
4E342A,
001F11,
2F1D0E,
321D0D,
351B00,
2E1609,
85786F,
FFFFFE,
FAFFFD,
FBFDFC,
FEFDFD,
FFFFFF,
FFFFFF,
FFFFFF,
FFFFFF,
FFFFFF,
FFFFFF,
00FFFF,
FFFFFF,
FFFFFF,
FFFFFF,
FFFFFF,
FFFFFF,
FFFFFF,
FFFFFF,
FFFFFF,
FFFFFF,
FFFFFF,
FF00FF,
FFFFFF,
FFFFFF,
FFFF00,
FFFFFF,
FFFFFF,
FFFFFF,
FFFFFF,
FFFFFF,
FFFF00,
FFFFFF,
FFFFFF,
FFFFFF,
FFFF00,
FFFFFF,
FFFFFF,
FFFFFF,
FF00FF,
FFFFFF,
FFFFFF,
FFFFFF,
FFFFFF,
FFFFFF,
FFFFFF,
FFFFFF,
FFFF00,
FFFFFF,
FFFFFF,
FFFFFF,
FFFFFF,
FFFFFF,
FFFFFF,
FFFFFF,
FFFFFF,
FFFFFF,
FFFFFF,
FFFFFF,
00FFFF,
FFFFFF,
FFFFFF,
FFFFFF,
FFFFFF,
FFFFFF,
FFFFFF,
FFFFFF,
FFFFFF,
FFFFFF,
00FFFF,
FFFFFF,
FFFFFF,
FFFFFF,
FFFFFF,
FFFFFF,
FFFFFF,
FFFFFF,
FFFFFF,
FFFFFF,
FFFFFF,
FFFFFF,
FFFFFF,
FFFFFF,
FFFFFF,
00FFFF,
FFFFFF,
FFFFFF,
FFFFFF,
FFFFFF,
FFFFFF,
FFFFFF,
FFFFFF,
FFFFFF,
FFFFFF,
FFFFFF,
FFFFFF,
FFFFFF,
FFFF00,
FFFFFF,
FFFFFF,
FFFFFF,
FFFFFF,
FF00FF,
FFFFFF,
FFFFFF,
FFFFFF,
FFFFFF,
FFFFFF,
FFFFFF,
FFFFFF,
FFFFFF,
FFFFFF,
FFFFFF,
FFFF00,
FFFFFF,
FFFFFF,
FFFFFF,
FFFFFF,
FFFFFF,
FFFFFF,
FFFFFF,
FFFFFF,
FFFFFF,
FFFFFF,
FFFFFF,
FFFFFF,
FFFFFF,
FFFFFF,
FFFFFF,
FFFFFF,
FFFF00,
FFFFFF,
FFFFFF,
FFFFFF,
0000FF,
FFFFFF,
FFFFFF,
FFFFFF,
FFFFFF,
FFFFFF,
FFFFFF,
FFFFFF,
FFFFFF,
FFFFFF,
FFFFFF,
FFFFFF,
FFFFFF,
FFFFFF,
FFFFFF,
FFFFFF,
FFFFFF,
FFFFFF,
00FFFF,
FFFFFF,
FFFFFF,
FFFFFF,
FFFFFF,
FFFFFF,
FFFFFF,
FFFFFF,
FFFFFF,
FFFFFF,
FFFFFF,
FFFFFF,
FFFFFF,
FFFFFF,
FFFFFF,
FFFFFF,
FFFFFF,
FFFFFF,
FFFFFF,
FFFFFF,
FE00FE,
FEFEFE,
FEFEFE,
FFFEFE,
FF00FF,
FFFFFF,
FFFFFF,
FFFFFF,
FFFFFF,
FFFFFF,
FFFFFF,
FFFFFF,
FFFFFF,
FFFFFF,
FFFFFF,
FFFFFF,
00FFFF,
FFFFFF,
FFFFFF,
FFFFFF,
FFFFFF,
FFFFFF,
FFFFFF,
FFFFFF,
FFFFFF,
FFFFFF,
FFFFFF,
FFFFFF,
FFFFFF,
FFFFFF,
FF00FF,
FFFFFF,
FEFEFC,
FEFEFF,
FEFDFD,
FFFFFF,
CFCBCD,
9B9599,
877E83,
7B7178,
574543,
47342D,
746360,
928687,
938A8C,
958C8F,
9C9296,
A19799,
A29698,
A4989A,
A29596,
99898A,
978385,
947E80,
917879,
8A7071,
7F6A65,
77655E,
720057,
6B554B,
664D40,
634839,
624434,
FF402E,
5D3B2B,
5E392C,
5D002C,
5A3829,
593829,
58382A,
583A2B,
583A2B,
5C392B,
5F3A2E,
573D31,
524135,
564139,
FF3200,
361A11,
2C1709,
2F1E0D,
331D0B,
341BFF,
2E1A0A,
9389FF,
FFFFFF,
FBFFFF,
FEFFFE,
FFFEFB,
00FFFF,
FFFFFF,
FFFFFF,
FFFFFF,
FFFFFF,
FFFFFF,
FFFFFF,
FFFFFF,
FFFFFF,
FFFFFF,
FFFFFF,
FF00FF,
FFFFFF,
FFFFFF,
FFFFFF,
FFFFFF,
FFFFFF,
FFFFFF,
FFFFFF,
FFFFFF,
FFFFFF,
FFFFFF,
00FFFF,
FFFFFF,
FFFFFF,
FFFFFF,
FFFFFF,
FFFFFF,
FFFFFF,
FFFFFF,
FFFFFF,
FFFFFF,
FFFFFF,
FFFFFF,
FFFFFF,
FFFFFF,
FFFFFF,
FFFFFF,
FFFFFF,
FFFFFF,
FFFFFF,
FFFFFF,
FFFFFF,
FFFFFF,
FFFFFF,
FFFFFF,
FFFFFF,
FF00FF,
FFFFFF,
FFFFFF,
FFFFFF,
FFFFFF,
FFFFFF,
FFFF00,
FFFFFF,
FFFFFF,
FFFFFF,
FFFFFF,
FFFFFF,
FFFFFF,
FFFF00,
FFFFFF,
FFFFFF,
FFFFFF,
FFFFFF,
FFFFFF,
FF00FF,
FFFFFF,
FFFFFF,
FFFFFF,
FFFFFF,
FFFFFF,
FFFFFF,
00FFFF,
FFFFFF,
FFFFFF,
FFFFFF,
FFFFFF,
FFFFFF,
FFFFFF,
FFFFFF,
FFFFFF,
FFFFFF,
FFFFFF,
FFFFFF,
FFFFFF,
FFFF00,
FFFFFF,
FFFFFF,
FF00FF,
FFFFFF,
FFFFFF,
FFFFFF,
FFFFFF,
FFFFFF,
FFFFFF,
FFFFFF,
FFFFFF,
FFFF00,
FFFFFF,
FFFFFF,
FFFFFF,
FFFFFF,
FFFFFF,
00FFFF,
FFFFFF,
FFFFFF,
FFFFFF,
FFFFFF,
FFFFFF,
FFFFFF,
FFFFFF,
FFFFFF,
FFFFFF,
FFFFFF,
FFFFFF,
FFFFFF,
FFFFFF,
FFFFFF,
FFFFFF,
FFFFFF,
FFFFFF,
FFFFFF,
FFFFFF,
FFFFFF,
FFFFFF,
FFFFFF,
FFFFFF,
FFFFFF,
FFFFFF,
FFFFFF,
FFFFFF,
FFFFFF,
FFFFFF,
FFFFFF,
FFFFFF,
FFFFFF,
FFFFFF,
FFFFFF,
FFFFFF,
FFFFFF,
FFFFFF,
FFFFFF,
FFFFFF,
FFFFFF,
FFFFFF,
FFFFFF,
FFFFFF,
FFFFFF,
FFFFFF,
FFFFFF,
FFFFFF,
FFFFFF,
FFFFFF,
FFFFFF,
FFFFFF,
FFFFFF,
FFFFFF,
FFFFFF,
FFFFFF,
FFFFFF,
FFFFFF,
FFFFFF,
FFFFFF,
FFFFFF,
FFFFFF,
FFFFFF,
FEFEFE,
FEFEFE,
FEFEFE,
FEFEFE,
FFFFFF,
FFFFFF,
FFFFFF,
FFFFFF,
FFFFFF,
FFFFFF,
FFFFFF,
FFFFFF,
FFFFFF,
FFFFFF,
0000FF,
FFFFFF,
FFFFFF,
FFFFFF,
FFFFFF,
FFFFFF,
FFFFFF,
FFFFFF,
FFFFFF,
FFFFFF,
FFFFFF,
FFFFFF,
FFFFFF,
FFFFFF,
FFFFFF,
FFFFFF,
FFFFFF,
FFFFFF,
FEFEFC,
FEFEFE,
FEFCFD,
FFFFFF,
BFB9BB,
9D989B,
8D8589,
72696D,
FF4542,
4C3832,
B7AAA7,
FAF5F5,
D1CBCD,
B9B3B5,
A69FA1,
968E8F,
9C9394,
9B9192,
998E8E,
990000,
948485,
917E7F,
8E7A79,
890072,
816A67,
7A645F,
765E58,
71564F,
6C4F44,
00493D,
674437,
654232,
603B2D,
5E372D,
5C362B,
593529,
57352A,
58372B,
59382C,
59392D,
5C3A2F,
5A3C00,
534034,
4D3E34,
48352E,
3D221D,
361911,
362114,
3F2C1D,
331D0B,
361D0A,
301C0B,
A29890,
FFFFFF,
FBFFFF,
FEFFFE,
FFFEFF,
FFFFFF,
FFFFFF,
FFFFFF,
FFFFFF,
FFFFFF,
FFFFFF,
FFFFFF,
FFFFFF,
FFFFFF,
FFFFFF,
FFFFFF,
FFFFFF,
FFFFFF,
FFFFFF,
FFFFFF,
FF00FF,
FFFFFF,
FFFFFF,
FFFFFF,
FFFFFF,
FF00FF,
FFFFFF,
FFFFFF,
FFFFFF,
FFFF00,
FFFFFF,
FFFFFF,
FFFFFF,
FFFFFF,
FFFFFF,
FFFFFF,
FFFFFF,
FFFFFF,
FFFF00,
FFFFFF,
FFFFFF,
FFFFFF,
FFFFFF,
FFFFFF,
FFFFFF,
FFFFFF,
FFFFFF,
FFFFFF,
FFFFFF,
FFFFFF,
FFFFFF,
FFFFFF,
FFFFFF,
FFFF00,
FFFFFF,
FFFFFF,
FFFFFF,
FFFFFF,
FFFFFF,
FFFFFF,
FFFFFF,
FFFFFF,
FFFFFF,
FF00FF,
FFFFFF,
FFFFFF,
FFFFFF,
00FFFF,
FFFFFF,
00FFFF,
FFFFFF,
FFFFFF,
FFFFFF,
FFFFFF,
FFFFFF,
FFFFFF,
FFFFFF,
FFFFFF,
FFFFFF,
FFFFFF,
FFFFFF,
FFFFFF,
FFFFFF,
FFFFFF,
FFFFFF,
FFFFFF,
FFFFFF,
00FFFF,
FFFFFF,
FFFFFF,
FF00FF,
FFFFFF,
FFFFFF,
FFFFFF,
FFFFFF,
FFFFFF,
FFFFFF,
FFFFFF,
FFFFFF,
FFFFFF,
FF00FF,
FFFFFF,
FFFFFF,
FFFFFF,
FFFFFF,
FFFFFF,
FFFFFF,
FFFFFF,
FFFFFF,
FFFFFF,
FFFFFF,
FFFFFF,
FFFFFF,
FFFFFF,
FFFFFF,
FFFFFF,
FFFFFF,
FFFFFF,
FFFFFF,
FFFFFF,
FFFFFF,
FFFFFF,
FFFFFF,
FFFFFF,
FFFFFF,
FFFFFF,
FFFFFF,
FFFFFF,
FFFFFF,
FFFFFF,
FFFFFF,
FFFFFF,
FFFFFF,
FFFFFF,
00FFFF,
FFFFFF,
FFFFFF,
FFFFFF,
FFFFFF,
FFFFFF,
FFFFFF,
FFFFFF,
FFFFFF,
FFFFFF,
FFFFFF,
FFFFFF,
FFFFFF,
FFFFFF,
FFFFFF,
FFFFFF,
FFFFFF,
FFFFFF,
FFFFFF,
FFFFFF,
FFFFFF,
FFFFFF,
FFFFFF,
FFFFFF,
FFFFFF,
FFFFFF,
FFFFFF,
FFFFFF,
FFFFFF,
FFFFFF,
FFFFFF,
FFFFFF,
FFFFFF,
FFFFFF,
FFFFFF,
FFFFFF,
FFFFFF,
FFFFFF,
FEFEFE,
FEFEFE,
FEFEFE,
FEFEFE,
FFFFFF,
FFFFFF,
FFFFFF,
FFFFFF,
FFFFFF,
FFFFFF,
FFFFFF,
FFFFFF,
FFFFFF,
FFFFFF,
FFFFFF,
FFFFFF,
FFFFFF,
FFFFFF,
FFFFFF,
FFFFFF,
FFFFFF,
FFFFFF,
FFFFFF,
FFFFFF,
FFFFFF,
FFFFFF,
FFFFFF,
FFFF00,
FFFFFF,
00FFFF,
FFFFFF,
FF00FF,
FDFFFE,
FEFFFE,
FEFDFD,
FFFDFD,
B5AFB1,
A2999D,
91868A,
73686B,
564541,
4C3D35,
C6BEB9,
FFFFFF,
FFFFFF,
FFFDFE,
F2EEF0,
E5E0E0,
C7C2C3,
AAA4A4,
9D9495,
948A89,
8AFF7E,
867878,
850073,
806F6D,
7E6866,
7A5F5E,
725854,
6C504C,
6B4B44,
68473E,
654137,
633F33,
613C32,
FF3A31,
5A352D,
56342B,
55332A,
56352B,
56352B,
57392E,
583A32,
4D362E,
443830,
51483F,
796A64,
674E4A,
3F221C,
430021,
432F20,
321B09,
351C09,
2E000A,
00ABA3,
FFFFFF,
FBFFFF,
FEFFFF,
FFFEFB,
FFFF00,
FFFFFF,
FFFFFF,
FFFFFF,
FFFFFF,
FFFFFF,
FFFFFF,
FFFFFF,
FFFFFF,
FFFFFF,
FFFFFF,
FFFFFF,
FFFFFF,
FFFFFF,
FFFFFF,
FFFFFF,
FFFFFF,
FFFFFF,
FFFFFF,
FFFFFF,
FFFFFF,
FFFFFF,
FFFFFF,
FFFFFF,
FFFFFF,
FFFFFF,
FFFFFF,
FFFFFF,
FFFFFF,
FFFFFF,
FFFFFF,
FFFFFF,
FFFFFF,
FFFFFF,
FFFFFF,
FFFFFF,
FFFFFF,
FFFFFF,
FFFFFF,
FFFFFF,
FFFFFF,
FFFFFF,
FFFFFF,
FFFFFF,
FFFFFF,
FFFFFF,
FFFFFF,
FFFFFF,
FFFFFF,
FFFFFF,
FFFF00,
00FFFF,
FFFFFF,
FFFFFF,
FFFFFF,
FFFFFF,
FFFFFF,
FFFFFF,
FFFFFF,
FFFFFF,
FFFFFF,
FFFF00,
FFFFFF,
FFFFFF,
FFFFFF,
FF00FF,
FFFFFF,
FFFFFF,
FFFFFF,
FFFFFF,
FFFFFF,
FFFFFF,
FFFFFF,
00FF00,
FFFFFF,
FFFFFF,
FFFFFF,
FFFFFF,
FFFFFF,
FFFFFF,
FFFFFF,
FFFFFF,
FFFFFF,
FFFFFF,
FFFFFF,
FFFFFF,
FFFFFF,
FFFFFF,
FFFFFF,
FFFFFF,
FFFFFF,
FFFFFF,
FFFFFF,
FFFFFF,
FFFFFF,
FFFFFF,
FFFFFF,
FFFFFF,
FFFFFF,
FFFFFF,
FFFFFF,
FFFFFF,
FFFFFF,
FFFFFF,
FFFFFF,
FFFFFF,
FFFFFF,
FFFFFF,
FFFFFF,
FFFFFF,
FFFFFF,
FFFFFF,
FFFFFF,
FFFFFF,
FFFFFF,
FFFFFF,
FFFFFF,
FFFFFF,
FFFFFF,
FFFFFF,
FFFFFF,
FFFFFF,
FFFFFF,
FFFFFF,
FFFFFF,
FFFFFF,
FFFFFF,
FFFFFF,
00FFFF,
FFFF00,
FFFFFF,
FFFFFF,
FFFFFF,
FFFFFF,
00FFFF,
FFFFFF,
FFFFFF,
FFFFFF,
FFFFFF,
FFFFFF,
FFFFFF,
FFFFFF,
FFFFFF,
FFFFFF,
FFFFFF,
FFFFFF,
FFFFFF,
FFFFFF,
FFFFFF,
FFFFFF,
FFFFFF,
FFFFFF,
FFFFFF,
FFFFFF,
FFFFFF,
FFFFFF,
FFFFFF,
FFFFFF,
FFFF00,
FFFFFF,
FFFFFF,
FFFFFF,
FFFFFF,
FFFFFF,
FFFFFF,
00FF00,
FFFFFF,
FEFEFE,
FEFEFE,
FEFEFE,
FEFEFE,
FFFFFF,
FFFFFF,
FFFFFF,
FFFFFF,
FFFFFF,
00FFFF,
FFFFFF,
FFFFFF,
FFFFFF,
FFFFFF,
FFFFFF,
FFFFFF,
FFFFFF,
FFFFFF,
FFFFFF,
FFFFFF,
FFFFFF,
FFFFFF,
FFFFFF,
FFFFFF,
FFFFFF,
FFFFFF,
FFFFFF,
FFFFFF,
FFFFFF,
FFFFFF,
FFFFFF,
FFFFFF,
FEFFFF,
FFFFFF,
FFFFFF,
F8F4F4,
B0AAAA,
A49B9E,
94898B,
786A6C,
4D3F3A,
4E423A,
D5CFC9,
FEFCFA,
FCFCFC,
FFFFFF,
FFFFFF,
FFFFFF,
FFFFFF,
FFFEFE,
F2EEEE,
D8D2D1,
C0B8B6,
ADA3A2,
988C8B,
8074FF,
766563,
725C5A,
6C5552,
69504D,
664B46,
60443D,
5C3E36,
5C3C00,
FF3932,
53352E,
50332C,
51352D,
51362E,
533931,
533A32,
553D35,
654E48,
7F706B,
A39E98,
D5D2CD,
FFF7F4,
998280,
432622,
50362D,
3E291A,
311A08,
361E0B,
2E1A0A,
C6BDB5,
FFFFFF,
FBFFFF,
FEFFFE,
FFFEFB,
FFFFFF,
FFFFFF,
FFFFFF,
FFFFFF,
FFFFFF,
FFFFFF,
FFFFFF,
FFFFFF,
FFFFFF,
FFFF00,
FFFFFF,
FFFFFF,
FFFFFF,
FFFFFF,
FFFFFF,
FFFFFF,
FFFFFF,
FFFFFF,
FFFFFF,
FFFFFF,
FFFFFF,
FFFFFF,
FF00FF,
00FFFF,
FFFFFF,
FFFFFF,
FF00FF,
FF00FF,
FFFFFF,
FFFFFF,
FFFFFF,
FFFFFF,
FFFFFF,
FFFFFF,
FFFFFF,
FFFFFF,
FFFFFF,
FFFFFF,
FFFFFF,
FFFFFF,
FFFFFF,
FFFFFF,
FFFFFF,
FFFFFF,
FFFFFF,
00FFFF,
FFFFFF,
FFFFFF,
FFFFFF,
FFFFFF,
FFFFFF,
FFFFFF,
FFFFFF,
FFFFFF,
FFFFFF,
FFFFFF,
FFFFFF,
FFFFFF,
FF00FF,
FFFFFF,
FFFFFF,
FFFFFF,
FFFFFF,
FFFFFF,
FFFFFF,
FFFFFF,
FFFF00,
FFFFFF,
FFFFFF,
FFFFFF,
FFFFFF,
FFFFFF,
FFFFFF,
FFFFFF,
FFFFFF,
FFFFFF,
FFFFFF,
FFFFFF,
FFFFFF,
FFFFFF,
FFFFFF,
FFFFFF,
FFFFFF,
FFFFFF,
FFFFFF,
FF00FF,
FFFFFF,
FFFFFF,
FFFFFF,
FFFFFF,
FFFFFF,
FFFFFF,
FFFFFF,
FFFFFF,
FFFFFF,
FFFFFF,
FFFFFF,
FFFFFF,
FFFFFF,
FFFFFF,
FFFFFF,
FFFFFF,
FFFFFF,
FFFFFF,
FFFFFF,
FFFFFF,
FFFFFF,
FFFFFF,
FFFFFF,
FFFFFF,
FF00FF,
FFFFFF,
FFFFFF,
FFFFFF,
FFFFFF,
FFFFFF,
FFFFFF,
FFFFFF,
FFFFFF,
FFFFFF,
FFFFFF,
FFFFFF,
FFFFFF,
FFFFFF,
FF00FF,
FF00FF,
FFFFFF,
FFFFFF,
FFFF00,
FFFFFF,
FFFF00,
FFFFFF,
FFFFFF,
FFFFFF,
FFFFFF,
FFFFFF,
FFFFFF,
FFFFFF,
FFFFFF,
FFFFFF,
FFFFFF,
FFFFFF,
FFFFFF,
FFFFFF,
FFFFFF,
FFFFFF,
FFFFFF,
FFFFFF,
FF00FF,
FFFFFF,
FFFFFF,
FFFFFF,
FF00FF,
FFFFFF,
FFFFFF,
FFFFFF,
FFFFFF,
FFFFFF,
FF00FF,
FFFFFF,
FFFFFF,
FFFFFF,
FFFFFF,
FFFFFF,
FFFFFF,
FFFFFF,
FFFFFF,
FEFEFE,
FEFEFE,
FEFEFE,
FEFEFE,
FFFFFF,
FFFFFF,
FFFFFF,
FFFFFF,
FFFFFF,
FFFFFF,
FFFFFF,
FFFFFF,
FFFFFF,
FFFFFF,
FFFFFF,
FFFFFF,
FFFFFF,
FFFFFF,
FFFFFF,
FFFFFF,
FFFFFF,
FFFFFF,
FF00FF,
FFFFFF,
FFFFFF,
FFFFFF,
00FFFF,
FFFFFF,
FFFFFF,
FFFFFF,
FFFFFF,
FFFFFF,
FE00FF,
FEFEFE,
FFFFFF,
F0ECEB,
ABA3A3,
A69BFF,
9A8C8C,
776969,
4F413A,
5A5148,
DFDCD6,
FFFEFE,
FDFEFD,
FCFEFD,
FEFEFE,
FFFFFE,
FFFFFE,
FFFEFF,
FFFEFF,
FFFFFF,
FFFFFF,
FE00F7,
F3EEEB,
E7E1DF,
DBD1CE,
C6B9B7,
AB009B,
948481,
847300,
7A6862,
74615A,
725E57,
6E5B54,
6D5A54,
705F58,
786760,
807169,
9400FF,
B1A59D,
D3C7BF,
E9E1DC,
FFF4F1,
FFFF00,
FFFFFD,
FFFBF9,
8B7673,
4E312C,
573B31,
3F291A,
331C0A,
FF1E0B,
321E0D,
D2C9C1,
FFFFFF,
FBFFFF,
FEFFFE,
FFFEFB,
FFFFFF,
FFFFFF,
FFFFFF,
FFFFFF,
FFFFFF,
FFFFFF,
FFFFFF,
FFFFFF,
FFFFFF,
FFFFFF,
FFFFFF,
FFFFFF,
FFFFFF,
FFFFFF,
FFFFFF,
FFFFFF,
FFFFFF,
FFFFFF,
FFFFFF,
FFFFFF,
FFFFFF,
FFFFFF,
FFFFFF,
FFFFFF,
FFFFFF,
FFFFFF,
FFFFFF,
FFFF00,
FFFFFF,
FFFFFF,
FFFF00,
FFFFFF,
FFFFFF,
FFFFFF,
FFFFFF,
FFFFFF,
FFFFFF,
FFFFFF,
FFFFFF,
FFFFFF,
00FFFF,
FFFFFF,
FFFFFF,
FFFFFF,
FFFFFF,
FFFFFF,
FFFFFF,
FFFFFF,
FFFFFF,
FFFFFF,
FFFFFF,
FFFFFF,
FF00FF,
FFFFFF,
FFFFFF,
FFFFFF,
FFFFFF,
FFFFFF,
FFFFFF,
FFFFFF,
FFFFFF,
FF00FF,
FFFFFF,
FFFFFF,
FFFFFF,
FFFFFF,
FFFFFF,
FFFFFF,
FFFFFF,
FFFFFF,
FFFFFF,
FFFFFF,
FFFFFF,
FFFFFF,
FFFFFF,
FFFFFF,
FFFFFF,
FFFFFF,
FFFFFF,
FFFFFF,
FFFFFF,
FFFFFF,
FFFFFF,
FFFFFF,
FFFFFF,
FFFFFF,
FFFFFF,
FF00FF,
FFFFFF,
FFFFFF,
FFFFFF,
FFFFFF,
FFFFFF,
FFFFFF,
FFFFFF,
FFFFFF,
FFFFFF,
FFFFFF,
FFFFFF,
FFFFFF,
FFFFFF,
FFFFFF,
FFFFFF,
FFFFFF,
FFFFFF,
FFFFFF,
FFFFFF,
FFFF00,
FFFFFF,
FFFFFF,
FFFFFF,
FFFFFF,
FFFFFF,
FFFFFF,
FFFFFF,
FFFFFF,
FFFFFF,
FFFFFF,
FEFEFE,
FEFEFE,
FEFEFE,
FEFEFE,
FFFFFF,
00FFFF,
FFFF00,
FFFFFF,
FEFEFE,
FE00FE,
FEFEFE,
FEFEFE,
FEFEFE,
FE00FE,
FEFEFE,
FEFEFE,
FEFEFE,
FFFFFF,
FFFFFF,
FFFFFF,
FFFFFF,
FFFFFF,
FFFFFF,
FFFFFF,
FFFFFF,
FFFFFF,
FFFFFF,
FFFFFF,
FFFFFF,
FFFFFF,
FFFFFF,
FFFFFF,
FFFFFF,
FFFFFF,
FFFFFF,
FFFFFF,
FFFFFF,
FFFFFF,
FFFFFF,
FFFFFF,
FFFFFF,
FFFFFF,
FFFFFF,
FFFFFF,
FFFFFF,
FFFFFF,
00FFFF,
FFFFFF,
FFFFFF,
FFFFFF,
FFFFFF,
FFFFFF,
FFFFFF,
FEFEFE,
FEFEFE,
FEFEFE,
FEFEFE,
FFFFFF,
FFFFFF,
FFFFFF,
FFFFFF,
FFFFFF,
FFFFFF,
FFFFFF,
FFFFFF,
FFFFFF,
FFFFFF,
FFFFFF,
FFFFFF,
FFFFFF,
FFFFFF,
FFFFFF,
FFFFFF,
FFFFFF,
FFFFFF,
FFFF00,
FFFFFF,
FFFFFF,
FFFFFF,
FFFFFF,
FFFFFF,
FDFFFF,
FCFEFE,
FFFF00,
E8E5E5,
A29997,
A79A9A,
A29292,
766563,
4A3D35,
655C53,
EFEAE4,
FFFFFF,
FEFFFE,
FEFFFF,
FEFFFF,
FF00FE,
FFFFFE,
FFFFFF,
FFFFFF,
FFFFFF,
FFFFFD,
FFFFFD,
FFFFFD,
FFFFFE,
FFFFFE,
FFFFFD,
FFFFFD,
FFFFFD,
FFFDF8,
FBF6F1,
F6F1EB,
F1EAE5,
EFE9E3,
F1ECE6,
F7F2EC,
FCF9F2,
FFFFF9,
FFFF00,
00FFFC,
FFFFFC,
FFFFFE,
FFFFFF,
FCFFFE,
FCFFFD,
FEF9F7,
796461,
4F31FF,
FF3D30,
3D2616,
321B09,
331A07,
3C2818,
DED5CE,
FFFFFF,
FBFFFF,
FEFFFE,
FFFDFB,
FFFEFE,
FEFEFE,
FFFEFE,
FEFEFE,
FFFFFF,
FFFFFF,
FFFFFF,
FFFFFF,
FFFFFF,
FFFFFF,
FFFFFF,
FFFFFF,
FFFFFF,
FF00FF,
FFFFFF,
FFFFFF,
FFFFFF,
FFFFFF,
FFFFFF,
FFFFFF,
FFFFFF,
FFFFFF,
FFFFFF,
FFFFFF,
FFFFFF,
FFFFFF,
FFFFFF,
FFFFFF,
FFFFFF,
FFFFFF,
FFFFFF,
FFFFFF,
FFFFFF,
FFFFFF,
FFFFFF,
FFFFFF,
FFFFFF,
FFFFFF,
FFFFFF,
FFFFFF,
FFFFFF,
FFFFFF,
FFFF00,
FFFFFF,
FFFFFF,
FFFF00,
FFFFFF,
FFFFFF,
FFFFFF,
FFFFFF,
FFFFFF,
FFFFFF,
FFFFFF,
FFFFFF,
FFFFFF,
FFFFFF,
FFFFFF,
FFFFFF,
FFFFFF,
FFFFFF,
FEFEFE,
FEFEFE,
FEFEFE,
00FE00,
FFFFFF,
FFFFFF,
FFFFFF,
FFFFFF,
FFFFFF,
FFFFFF,
FFFFFF,
FFFFFF,
FEFEFE,
FEFEFE,
FEFFFE,
FEFEFE,
FFFFFF,
FFFFFF,
FFFFFF,
FFFFFF,
FFFFFF,
FFFFFF,
FFFFFF,
FFFF00,
FFFFFF,
FFFFFF,
FFFFFF,
FFFFFF,
FFFFFF,
FF00FF,
FFFFFF,
FFFFFF,
FFFFFF,
FFFFFF,
FFFFFF,
FFFFFF,
FF00FF,
FFFFFF,
FFFFFF,
FFFFFF,
FFFFFF,
FFFFFF,
FFFFFF,
00FFFF,
FF00FF,
FFFFFF,
FFFFFF,
FFFFFF,
FFFFFF,
FFFFFF,
FFFFFF,
FFFFFF,
FFFFFF,
FFFFFF,
FFFFFF,
FFFFFF,
FFFFFF,
00FFFF,
FEFEFE,
FEFEFE,
FEFEFE,
FEFEFE,
FF00FF,
FFFFFF,
FFFFFF,
FFFFFF,
FE00FE,
FEFEFE,
FEFEFE,
FEFE00,
FEFEFE,
FEFEFE,
FEFEFE,
FEFEFE,
FEFEFE,
00FFFF,
FFFFFF,
FFFFFF,
FFFFFF,
FFFFFF,
00FFFF,
FFFFFF,
FFFFFF,
FFFFFF,
FFFFFF,
FFFFFF,
FFFFFF,
FFFFFF,
FFFFFF,
FFFFFF,
FFFFFF,
FFFFFF,
FFFFFF,
FFFFFF,
FFFFFF,
FFFFFF,
FFFFFF,
FFFFFF,
FFFFFF,
FFFFFF,
FFFFFF,
FFFFFF,
FFFFFF,
FFFFFF,
FF00FF,
FFFFFF,
FFFFFF,
FFFFFF,
FFFFFF,
00FFFF,
FFFFFF,
FEFEFE,
FEFEFE,
FEFEFE,
FEFEFE,
FFFFFF,
FFFFFF,
FFFFFF,
FFFFFF,
FFFFFF,
FFFFFF,
FFFFFF,
FFFFFF,
FFFFFF,
FFFFFF,
FFFFFF,
FFFFFF,
FFFFFF,
FFFFFF,
FFFFFF,
FFFFFF,
FFFFFF,
FFFFFF,
FFFFFF,
00FFFF,
FFFFFF,
FFFFFF,
FFFFFF,
FFFFFF,
FCFEFF,
FEFFFF,
FFFFFF,
E0DCDC,
9B9190,
A79997,
FF918F,
725F5B,
493AFF,
70665E,
00F6F0,
FFFFFD,
FEFFFF,
FFFFFF,
FFFFFF,
FFFFFE,
FFFFFE,
FFFFFF,
FFFFFF,
FFFFFF,
FFFF00,
FFFFFD,
FFFFFC,
FFFFFB,
FEFFFC,
FCFFFC,
FCFFFC,
FCFFFB,
FBFFFC,
FDFFFC,
FEFFFC,
FFFFFC,
FFFF00,
FEFFFC,
FEFFFC,
FDFFFC,
FCFFFB,
FCFFFB,
FAFF00,
FAFFFB,
FDFEFE,
FFFEFF,
FBFFFF,
FBFFFE,
F7F1EE,
6C5550,
4F3229,
593D2E,
3D2713,
341D0B,
351C09,
453120,
E4DCD4,
FFFFFF,
FBFFFF,
FEFFFE,
FFFDFB,
FEFEFE,
FEFEFE,
FEFEFE,
FEFEFE,
FFFFFF,
00FFFF,
FFFFFF,
FFFFFF,
FFFFFF,
FFFFFF,
FFFFFF,
FFFFFF,
FFFFFF,
00FFFF,
FFFFFF,
FFFFFF,
FFFFFF,
FFFFFF,
FFFFFF,
FFFFFF,
FFFFFF,
FFFFFF,
FFFFFF,
FFFFFF,
FFFFFF,
FFFFFF,
FFFFFF,
FFFFFF,
FFFFFF,
FFFFFF,
FFFFFF,
FFFFFF,
FFFFFF,
FFFFFF,
FFFFFF,
FFFFFF,
FFFFFF,
FFFFFF,
FFFFFF,
FFFFFF,
FFFFFF,
FFFFFF,
FFFFFF,
FFFFFF,
FFFFFF,
00FFFF,
FFFFFF,
FFFFFF,
FFFFFF,
FFFFFF,
FFFFFF,
FFFFFF,
FFFFFF,
FFFFFF,
FFFFFF,
FFFFFF,
FFFFFF,
FFFFFF,
FFFFFF,
FFFFFF,
FEFEFE,
FEFEFE,
FEFEFE,
FEFEFE,
FFFFFF,
FFFFFF,
FFFFFF,
FFFFFF,
FFFFFF,
FFFFFF,
FFFFFF,
FFFFFF,
FEFEFE,
00FEFE,
FEFFFE,
FEFEFE,
FFFFFF,
FFFFFF,
FFFFFF,
FFFFFF,
FFFFFF,
FFFFFF,
FFFFFF,
FFFFFF,
FFFFFF,
FFFFFF,
FFFFFF,
FFFFFF,
00FFFF,
FFFFFF,
FFFFFF,
FFFFFF,
FFFFFF,
FFFFFF,
FFFFFF,
FFFFFF,
FFFFFF,
FFFFFF,
FFFFFF,
FFFFFF,
FFFFFF,
FFFFFF,
FFFFFF,
FFFFFF,
FFFFFF,
FFFFFF,
FFFFFF,
FFFFFF,
FFFFFF,
FFFFFF,
FFFFFF,
FFFFFF,
FFFFFF,
FFFF00,
FFFFFF,
FFFFFF,
FFFFFF,
FFFFFF,
FEFEFE,
FEFEFE,
FEFEFE,
FEFEFE,
FFFFFF,
FFFFFF,
FFFFFF,
FFFFFF,
FEFEFE,
FEFEFE,
FEFEFE,
FEFEFE,
FEFEFE,
FEFEFE,
FEFEFE,
FEFEFE,
FEFEFE,
FFFFFF,
00FFFF,
FFFFFF,
FFFFFF,
FFFFFF,
FFFFFF,
FFFF00,
FFFFFF,
FFFFFF,
FFFFFF,
FFFFFF,
FFFFFF,
FFFFFF,
FFFFFF,
00FFFF,
FFFFFF,
FFFFFF,
FFFFFF,
00FFFF,
FFFFFF,
FF00FF,
FFFFFF,
FFFFFF,
FFFFFF,
FFFFFF,
FFFF00,
FFFFFF,
FFFFFF,
FFFFFF,
FFFFFF,
FFFFFF,
FFFFFF,
FFFFFF,
FFFFFF,
FFFFFF,
FFFFFF,
FEFEFE,
FEFEFE,
FEFEFE,
FEFEFE,
FFFFFF,
FFFFFF,
FFFFFF,
FFFFFF,
FFFFFF,
FFFFFF,
FFFFFF,
FFFFFF,
FFFFFF,
FFFFFF,
FFFFFF,
FFFFFF,
FFFFFF,
FFFFFF,
FFFFFF,
FFFFFF,
FFFFFF,
FFFFFF,
FF00FF,
FFFFFF,
00FFFF,
FFFFFF,
FFFFFF,
FFFFFF,
FBFDFE,
FDFFFF,
FFFFFF,
D8D2D2,
968C8A,
AA9B98,
AC9894,
6F5B56,
4C3C34,
7F7400,
FFFEF8,
FF00FC,
FFFFFF,
FEFFFF,
FF00FF,
FFFFFE,
FFFEFF,
FFFFFF,
FFFFFF,
FFFFFF,
FFFFFE,
FFFFFD,
FFFFFC,
FFFFFC,
FDFFFD,
FBFFFD,
00FFFD,
00FFFD,
FBFFFE,
FBFFFF,
FBFFFF,
FAFFFE,
FAFEFC,
FBFDFC,
FCFFFD,
FCFFFF,
FBFFFF,
FBFFFF,
FAFFFF,
F9FFFF,
FC00FF,
FFFEFF,
FCFFFF,
FDFFFE,
ECE6E2,
604B44,
53362A,
593E2A,
3B240E,
351E0C,
361D0A,
513D2C,
ECE5DD,
FFFFFF,
FBFFFF,
FEFFFE,
FFFDFB,
FEFEFE,
FEFEFE,
FEFEFE,
00FEFE,
FFFFFF,
FFFFFF,
FFFFFF,
FFFFFF,
FFFFFF,
FFFFFF,
FFFFFF,
FFFFFF,
FFFFFF,
FFFFFF,
FFFFFF,
FFFFFF,
FFFFFF,
FF00FF,
FFFFFF,
FFFFFF,
FFFFFF,
FFFFFF,
FFFFFF,
FFFFFF,
FFFFFF,
FFFFFF,
FFFFFF,
FFFFFF,
FFFFFF,
FF00FF,
FFFFFF,
FFFFFF,
FFFFFF,
FFFFFF,
FFFFFF,
FFFFFF,
FFFFFF,
FFFFFF,
FFFFFF,
FFFFFF,
FFFFFF,
FFFFFF,
FFFFFF,
FFFFFF,
FFFF00,
FFFFFF,
FFFFFF,
FFFFFF,
FFFFFF,
FFFFFF,
FFFFFF,
FFFFFF,
FFFFFF,
FFFFFF,
FFFFFF,
FFFFFF,
FFFFFF,
FFFFFF,
FFFFFF,
FFFFFF,
FEFEFE,
FE0000,
FEFEFE,
FEFEFE,
FFFFFF,
FFFFFF,
FFFFFF,
FFFFFF,
FFFFFF,
FFFFFF,
FFFFFF,
FFFFFF,
FEFEFE,
FEFEFE,
FEFEFE,
FEFEFE,
FFFFFF,
FFFFFF,
FF00FF,
FFFFFF,
FFFF00,
FFFFFF,
FFFFFF,
FFFFFF,
FFFFFF,
FFFFFF,
FFFFFF,
FFFFFF,
FFFFFF,
FFFFFF,
FFFFFF,
FFFFFF,
FFFFFF,
FFFFFF,
FFFFFF,
FFFFFF,
FFFFFF,
FFFFFF,
FFFFFF,
FFFFFF,
FFFFFF,
FFFFFF,
FFFFFF,
FFFFFF,
FFFFFF,
FFFFFF,
FFFFFF,
FFFFFF,
FFFFFF,
FFFFFF,
FF00FF,
FFFFFF,
FFFFFF,
FFFFFF,
FFFFFF,
FFFFFF,
FFFFFF,
FFFFFF,
FEFEFE,
FEFEFE,
FEFEFE,
FEFEFE,
FFFFFF,
FFFFFF,
FFFFFF,
FFFFFF,
FEFEFE,
FEFE00,
00FEFE,
FEFEFE,
FEFEFE,
FEFEFE,
FEFEFE,
FEFEFE,
FEFEFE,
FFFFFF,
FFFFFF,
FFFFFF,
FFFFFF,
FFFFFF,
FFFFFF,
FFFFFF,
0000FF,
FFFF00,
FFFFFF,
FFFFFF,
FFFFFF,
FF00FF,
FFFFFF,
FFFFFF,
FFFFFF,
FFFFFF,
FFFFFF,
FFFFFF,
FFFFFF,
FFFFFF,
FFFFFF,
FFFFFF,
FFFFFF,
FFFFFF,
FFFFFF,
FFFFFF,
FFFFFF,
FFFFFF,
FFFFFF,
FFFFFF,
FFFFFF,
FFFFFF,
FF00FF,
FFFFFF,
FFFFFF,
FEFEFE,
FEFEFE,
FE00FE,
FEFEFE,
FFFFFF,
FFFFFF,
FFFFFF,
FFFFFF,
FFFFFF,
FFFFFF,
FFFFFF,
FFFFFF,
FFFFFF,
FFFFFF,
FFFFFF,
FFFFFF,
FFFFFF,
FFFFFF,
FFFFFF,
FFFFFF,
FFFFFF,
FFFFFF,
FFFFFF,
FFFFFF,
FFFFFF,
FFFFFF,
FFFFFF,
FFFFFF,
FDFFFF,
FBFCFE,
FFFFFF,
CEC8C7,
948987,
A9FF96,
AD9894,
6B5450,
503EFF,
91847C,
FFFFF9,
FFFBFA,
FFFEFE,
FFFFFF,
FF00FF,
FFFEFE,
FFFEFF,
FFFEFF,
FFFEFF,
FFFFFF,
FFFFFF,
FFFFFE,
FFFFFD,
00FFFD,
FEFEFE,
FEFEFE,
FDFFFE,
FDFFFF,
FCFDFE,
FBFCFE,
FAFEFE,
FBFEFF,
FEFEFF,
FFFDFF,
FDFCFE,
FBFBFD,
FCFDFE,
FEFFFF,
FDFFFF,
FCFFFF,
FFFEFF,
FF00FF,
FEFEFE,
FFFFFF,
E0DAD5,
5D473E,
553829,
57FFFF,
362009,
341E0B,
351C08,
5B4737,
F4EDE5,
FEFFFF,
FBFFFF,
FEFFFE,
FFFDFB,
FEFEFE,
FEFEFE,
FEFEFE,
FEFEFE,
FFFFFF,
FF00FF,
FFFFFF,
FFFFFF,
FFFFFF,
FFFFFF,
FFFFFF,
FFFFFF,
FFFFFF,
FFFFFF,
FFFFFF,
FFFFFF,
FFFFFF,
FFFFFF,
FFFFFF,
FFFF00,
FFFFFF,
FFFFFF,
FFFFFF,
FFFFFF,
FFFFFF,
FFFFFF,
FFFFFF,
FFFFFF,
FFFFFF,
FFFFFF,
FF00FF,
FFFFFF,
FFFFFF,
FFFFFF,
FFFFFF,
FFFFFF,
FFFFFF,
FFFFFF,
FFFFFF,
FFFFFF,
FFFFFF,
FFFFFF,
FFFFFF,
FFFFFF,
FFFFFF,
FFFFFF,
FFFFFF,
FFFFFF,
FFFFFF,
FFFFFF,
FFFFFF,
FFFFFF,
FFFFFF,
FFFFFF,
FFFFFF,
FFFFFF,
FFFFFF,
FFFFFF,
FFFFFF,
FFFFFF,
FEFEFE,
FEFEFE,
FEFEFE,
FEFEFE,
FFFFFF,
FFFFFF,
FFFFFF,
FFFFFF,
FFFFFF,
FFFFFF,
FFFFFF,
FFFFFF,
FEFEFE,
FEFEFE,
FEFEFE,
FEFEFE,
FFFFFF,
FFFFFF,
FFFFFF,
FFFFFF,
FFFFFF,
FFFFFF,
FFFFFF,
FFFFFF,
FFFFFF,
FFFFFF,
FF00FF,
FFFFFF,
FF00FF,
FFFFFF,
FFFFFF,
FFFFFF,
FFFFFF,
FFFFFF,
00FFFF,
FFFFFF,
FFFFFF,
FFFFFF,
FFFFFF,
FFFFFF,
FFFFFF,
FFFFFF,
FFFFFF,
FFFF00,
FFFFFF,
FFFFFF,
FFFFFF,
FFFFFF,
FFFFFF,
FFFFFF,
FFFFFF,
FFFFFF,
FFFFFF,
FFFFFF,
FFFFFF,
FFFFFF,
FFFFFF,
FFFFFF,
FEFEFE,
FEFEFE,
FEFEFE,
FEFEFE,
FFFFFF,
FFFFFF,
FFFFFF,
FFFFFF,
FEFEFE,
FEFEFE,
FEFEFE,
FEFEFE,
FEFEFE,
FEFEFE,
FEFEFE,
FEFEFE,
FEFEFE,
FFFFFF,
FFFFFF,
FFFFFF,
FFFFFF,
FFFFFF,
FFFFFF,
FFFFFF,
FFFFFF,
FFFFFF,
FF00FF,
FFFFFF,
FFFFFF,
FFFFFF,
FFFFFF,
FFFFFF,
FFFFFF,
FFFFFF,
FFFFFF,
FFFFFF,
FFFFFF,
FFFFFF,
FFFFFF,
FFFFFF,
FFFFFF,
FFFFFF,
00FFFF,
FFFFFF,
FFFFFF,
FFFFFF,
FFFFFF,
FFFFFF,
FFFFFF,
FFFFFF,
FFFFFF,
FFFFFF,
FFFFFF,
FEFEFE,
FEFEFE,
FEFEFE,
FEFEFE,
FFFFFF,
FFFFFF,
FFFFFF,
FFFFFF,
FFFFFF,
FFFFFF,
FFFFFF,
FFFFFF,
FFFFFF,
FFFFFF,
FFFFFF,
FFFFFF,
FFFFFF,
FFFFFF,
FFFFFF,
00FF00,
FFFFFF,
FFFFFF,
FFFFFF,
FFFFFF,
FFFFFF,
FFFFFF,
FFFFFF,
FFFFFF,
FDFFFF,
FAFBFD,
FFFFFF,
C0BAB8,
908583,
A090FF,
A18C87,
634E47,
FF4038,
A2958D,
FFFFFC,
FDFAF9,
FFFEFE,
FFFEFF,
FFFEFF,
FFFEFE,
FFFDFF,
00FDFF,
FFFFFF,
FFFEFF,
FFFFFF,
FFFFFF,
FFFFFE,
FFFFFD,
FFFEFE,
FFFCFF,
FFFCFF,
FFFDFF,
FFFEFF,
FFFEFF,
FEFEFF,
FDFEFF,
FFFDFF,
FFFCFF,
FFFCFF,
FFFCFF,
FFFDFF,
FFFF00,
FFFEFF,
FFFEFF,
FFFDFF,
FFFCFF,
FE00FE,
FFFFFF,
D5CDC7,
584137,
533725,
553C23,
331E05,
331C0A,
331A00,
604D3E,
F8F2EB,
FEFFFF,
FBFFFF,
FEFFFE,
FFFDFB,
FEFEFE,
FEFEFE,
FEFEFE,
FEFEFE,
FFFFFF,
FFFFFF,
FFFFFF,
FFFFFF,
FFFFFF,
FFFFFF,
FFFFFF,
FFFFFF,
FFFFFF,
FFFFFF,
FFFFFF,
FFFFFF,
FFFFFF,
FFFFFF,
FFFFFF,
FFFFFF,
FFFFFF,
FFFFFF,
FFFFFF,
FFFFFF,
00FFFF,
FFFFFF,
FFFFFF,
FFFFFF,
FFFFFF,
FFFFFF,
FFFFFF,
FFFFFF,
FFFFFF,
FFFFFF,
FFFFFF,
FFFFFF,
FFFFFF,
FFFFFF,
FFFFFF,
FFFF00,
FFFFFF,
FFFFFF,
FFFFFF,
FFFFFF,
FFFFFF,
FFFFFF,
FFFFFF,
00FFFF,
FFFFFF,
FFFFFF,
FFFFFF,
FFFFFF,
FFFFFF,
FFFFFF,
FFFFFF,
FFFFFF,
FFFFFF,
FFFFFF,
FFFFFF,
FFFFFF,
FEFEFE,
FEFEFE,
FEFEFE,
FEFEFE,
FFFFFF,
FFFFFF,
FFFFFF,
FFFFFF,
FFFF00,
FFFFFF,
FFFFFF,
FFFFFF,
FEFEFE,
FEFEFE,
00FEFE,
FEFEFE,
FFFFFF,
FFFFFF,
FFFFFF,
FFFFFF,
FFFFFF,
FFFFFF,
FFFFFF,
FFFFFF,
FFFFFF,
00FFFF,
FFFFFF,
FFFFFF,
FFFFFF,
FFFFFF,
FFFFFF,
FFFFFF,
FFFFFF,
FFFFFF,
FFFFFF,
FFFFFF,
FFFFFF,
FFFFFF,
FFFFFF,
FFFFFF,
FFFFFF,
FFFFFF,
FFFFFF,
FFFFFF,
FFFFFF,
FFFFFF,
FFFFFF,
FFFFFF,
FFFFFF,
FFFFFF,
FFFFFF,
FFFFFF,
FFFFFF,
FFFFFF,
FFFFFF,
FFFFFF,
FFFFFF,
FFFFFF,
FFFFFF,
FFFFFF,
FFFFFF,
FFFFFF,
FFFFFF,
FFFFFF,
FFFFFF,
FFFFFF,
FFFFFF,
FFFFFF,
FFFFFF,
FFFFFF,
FFFFFF,
FE00FE,
FEFEFF,
FEFEFE,
FEFEFE,
FFFFFF,
FFFFFF,
FFFFFF,
FFFFFF,
FFFFFF,
FFFFFF,
FFFFFF,
FFFFFF,
FEFEFE,
FE00FE,
FEFEFE,
FEFEFE,
FFFFFF,
FFFFFF,
FFFFFF,
FFFFFF,
FFFFFF,
FF00FF,
FFFFFF,
FFFFFF,
FFFFFF,
FFFFFF,
FFFFFF,
FFFFFF,
FFFFFF,
FFFFFF,
FFFFFF,
FFFFFF,
FFFFFF,
FFFFFF,
FFFFFF,
FFFFFF,
FEFEFE,
FE00FE,
FEFEFE,
FEFE00,
FFFFFF,
00FFFF,
FFFFFF,
FFFFFF,
FFFFFF,
FFFFFF,
FFFFFF,
FFFFFF,
FFFFFF,
FFFFFF,
FFFFFF,
FFFFFF,
FFFFFF,
FFFFFF,
FFFF00,
FFFFFF,
FFFFFF,
FFFFFF,
FFFFFF,
FFFFFF,
FFFFFF,
FFFFFF,
FFFFFF,
FFFFFF,
FFFFFF,
FFFFFF,
FFFFFF,
FFFFFF,
F8FBFB,
F8FAFA,
FFFFFF,
B4ADAB,
8C807E,
9C8A85,
99847D,
5D463E,
52433B,
B0A7A1,
FFFFFD,
FEFFFE,
FEFEFF,
FFFF00,
FFFFFF,
FFFEFD,
FFFEFE,
FFFFFF,
FFFFFF,
FFFFFF,
FFFFFF,
FFFFFF,
FFFFFF,
FFFFFF,
FFFFFF,
FFFEFF,
FFFEFF,
FFFFFF,
FFFFFF,
FFFFFF,
FFFEFF,
FEFEFF,
FFFEFF,
FFFEFF,
FFFEFF,
FFFEFF,
FFFEFF,
FFFEFF,
FFFFFF,
FFFFFF,
FFFEFF,
FE00FF,
FEFFFF,
FFFFFF,
CCC0B7,
573A2B,
593926,
FF3825,
361D0B,
381D0C,
311B0B,
66594D,
FDFAF4,
00FFFF,
FEFFFF,
FFFEFF,
FFFFFE,
FFFFFF,
FFFFFF,
FFFFFF,
FFFFFF,
FFFFFF,
FFFFFF,
FFFFFF,
FFFFFF,
FFFFFF,
FFFFFF,
FFFFFF,
FFFFFF,
FFFFFF,
FFFF00,
FFFFFF,
FF00FF,
FFFFFF,
FFFFFF,
FFFFFF,
FFFFFF,
FFFFFF,
FFFFFF,
FFFFFF,
FFFFFF,
FFFFFF,
FFFFFF,
FFFFFF,
FFFFFF,
FFFFFF,
FFFFFF,
FFFFFF,
FFFFFF,
FFFFFF,
FFFFFF,
FFFFFF,
FFFFFF,
FFFFFF,
FFFFFF,
FFFFFF,
FFFFFF,
FFFFFF,
FFFFFF,
FFFF00,
00FFFF,
FFFFFF,
FFFFFF,
FFFFFF,
FFFFFF,
FFFFFF,
FFFFFF,
FFFFFF,
FFFFFF,
FFFFFF,
FFFFFF,
FFFF00,
FFFFFF,
FFFFFF,
FFFFFF,
FFFFFF,
FFFFFF,
FFFFFF,
00FFFF,
FFFFFF,
00FFFF,
00FFFF,
FFFFFF,
FFFFFF,
FFFFFF,
FFFFFF,
FF00FF,
FFFFFF,
FFFFFF,
FEFEFE,
FEFEFE,
FEFEFE,
FEFEFE,
FFFFFF,
FFFFFF,
FFFFFF,
FFFFFF,
FFFFFF,
FFFFFF,
FFFFFF,
FFFFFF,
FFFFFF,
FFFFFF,
FFFFFF,
FFFFFF,
FFFFFF,
FFFFFF,
FFFFFF,
FFFFFF,
FFFFFF,
FFFFFF,
FFFFFF,
FFFFFF,
FFFFFF,
FF00FF,
FFFFFF,
FFFFFF,
FFFFFF,
FFFFFF,
FFFFFF,
FFFFFF,
FFFFFF,
00FFFF,
FFFFFF,
FFFFFF,
FFFFFF,
FFFFFF,
FFFFFF,
FFFF00,
FFFFFF,
FFFFFF,
FFFFFF,
FFFFFF,
FFFFFF,
FFFFFF,
FFFFFF,
FFFFFF,
FFFFFF,
FFFFFF,
FFFFFF,
FFFFFF,
FFFFFF,
00FF00,
FFFFFF,
FFFFFF,
FF00FF,
FFFFFF,
FFFFFF,
FEFEFE,
FEFEFE,
FFFEFE,
FEFEFE,
FFFFFF,
FFFFFF,
FFFFFF,
FFFFFF,
FFFFFF,
FFFFFF,
FFFFFF,
00FFFF,
FEFEFE,
FEFEFE,
FEFEFE,
FFFEFE,
FFFF00,
FFFFFF,
FFFFFF,
FFFFFF,
FFFFFF,
FF00FF,
FFFFFF,
FFFFFF,
00FFFF,
FFFFFF,
FFFFFF,
FF00FF,
FFFFFF,
FFFFFF,
FFFFFF,
FFFFFF,
FFFF00,
FFFFFF,
FFFFFF,
FFFFFF,
FEFEFE,
FEFEFE,
FEFEFE,
FEFEFE,
FFFFFF,
00FFFF,
FFFFFF,
FFFFFF,
FFFFFF,
FFFFFF,
FFFFFF,
FFFFFF,
FFFFFF,
FFFFFF,
FFFFFF,
FFFFFF,
FFFFFF,
FFFFFF,
FFFFFF,
FFFFFF,
FFFFFF,
FFFFFF,
FFFFFF,
FFFFFF,
00FFFF,
FF0000,
FFFFFF,
FFFFFF,
FFFFFF,
FFFFFF,
FFFFFF,
FFFFFF,
FAFDFD,
FAFCFC,
FFFEFE,
A69D9C,
837471,
917EFF,
8E7870,
5B003A,
53463D,
BBB5B0,
FFFFFF,
FFFFFF,
FEFFFF,
FEFFFF,
FFFFFF,
FFFEFB,
FFFEFE,
FFFFFF,
FFFFFF,
FFFFFF,
FFFFFF,
FFFFFF,
FFFFFF,
FFFFFF,
FFFFFF,
FFFFFF,
FFFFFF,
FFFFFF,
FFFFFF,
FFFFFF,
FFFFFF,
FFFFFF,
FFFFFF,
FFFFFF,
FFFFFF,
FFFFFF,
FFFFFF,
FFFFFF,
FFFF00,
FFFFFF,
00FEFF,
FCFEFF,
FC00FF,
FFFFFF,
C5B5AC,
553623,
5E3A26,
503223,
371B0E,
3A1D0D,
301A0D,
6D6258,
00FFF9,
FFFFFE,
FFFFFF,
FFFEFF,
FFFEFF,
FFFFFF,
FFFFFF,
FFFFFF,
FFFFFF,
FFFFFF,
FFFFFF,
FFFFFF,
FFFFFF,
FFFFFF,
FFFFFF,
FFFFFF,
FFFFFF,
FFFFFF,
FFFFFF,
FF00FF,
FFFFFF,
FFFFFF,
FFFFFF,
FFFFFF,
FFFFFF,
FFFFFF,
FFFFFF,
FFFFFF,
FFFFFF,
FFFF00,
FFFFFF,
FFFFFF,
FFFFFF,
FFFFFF,
FFFFFF,
FFFFFF,
FFFFFF,
FFFFFF,
FFFFFF,
FFFFFF,
FFFF00,
FFFF00,
FFFFFF,
FFFFFF,
FFFFFF,
FFFFFF,
FFFFFF,
FFFFFF,
FFFFFF,
FFFFFF,
FFFF00,
FFFFFF,
FFFFFF,
FFFFFF,
FFFFFF,
FFFFFF,
00FFFF,
FFFFFF,
FF00FF,
FFFFFF,
FFFFFF,
FFFFFF,
FFFFFF,
FFFF00,
FFFFFF,
FFFFFF,
FFFFFF,
FFFFFF,
FFFFFF,
FFFFFF,
FFFFFF,
FFFFFF,
FFFFFF,
FFFFFF,
FFFFFF,
FFFFFF,
FFFFFF,
FEFEFE,
FEFEFE,
FEFEFE,
FEFEFE,
FFFFFF,
FFFFFF,
FFFFFF,
FFFFFF,
FFFFFF,
FFFFFF,
FFFFFF,
FFFFFF,
FFFF00,
FFFFFF,
FFFFFF,
FFFFFF,
FFFF00,
FFFFFF,
FFFFFF,
FFFFFF,
FFFFFF,
FFFFFF,
FFFFFF,
FFFFFF,
FFFFFF,
FFFFFF,
FFFFFF,
FFFFFF,
FFFFFF,
FFFFFF,
FFFFFF,
FFFFFF,
FFFFFF,
FFFFFF,
FFFFFF,
FFFFFF,
FFFFFF,
FFFFFF,
FFFFFF,
FFFFFF,
FFFFFF,
FFFFFF,
FFFFFF,
FFFFFF,
FFFFFF,
FFFFFF,
FFFFFF,
FF00FF,
FFFFFF,
FFFFFF,
FFFFFF,
FFFFFF,
FFFFFF,
FFFFFF,
FFFFFF,
FFFFFF,
FFFFFF,
FFFFFF,
FFFFFF,
FEFEFE,
FEFEFE,
FEFEFE,
FEFEFE,
00FF00,
FFFFFF,
FFFFFF,
FFFFFF,
FFFFFF,
FFFFFF,
FFFFFF,
FFFFFF,
FEFEFE,
FEFEFE,
FEFEFE,
FEFEFE,
FFFFFF,
FFFFFF,
FFFFFF,
FFFF00,
FFFFFF,
FFFFFF,
FFFFFF,
FFFFFF,
FFFFFF,
FFFFFF,
FFFFFF,
FFFF00,
FFFFFF,
FFFFFF,
FFFFFF,
FFFFFF,
FFFFFF,
FFFFFF,
FFFFFF,
FFFFFF,
FEFEFE,
FEFEFE,
FEFEFE,
FEFFFE,
FFFFFF,
FFFFFF,
FFFFFF,
FFFFFF,
FFFFFF,
FFFFFF,
FFFFFF,
FFFFFF,
FFFFFF,
FFFFFF,
FFFFFF,
FFFFFF,
FFFFFF,
FFFFFF,
FFFFFF,
FFFFFF,
FFFFFF,
FFFFFF,
FFFFFF,
FFFFFF,
FFFFFF,
FFFFFF,
FFFFFF,
FFFFFF,
FFFFFF,
FFFFFF,
FFFFFF,
FFFFFF,
FAFEFD,
FBFDFD,
FFFBFA,
978C8A,
7B6A68,
86726B,
7F6860,
5A4339,
564840,
C9C3BE,
FFFF00,
FD00FE,
FEFFFF,
FEFFFF,
FFFFFF,
FFFEFF,
FFFEFE,
FFFFFF,
FFFFFF,
FFFFFF,
FFFFFF,
FFFFFF,
FFFFFF,
FFFFFF,
FFFFFF,
FFFFFF,
FFFFFF,
00FFFF,
FFFFFF,
FFFFFF,
FFFFFF,
FFFF00,
FFFFFF,
FFFFFF,
FFFFFF,
FFFFFF,
FFFFFF,
FFFFFF,
FFFFFF,
FFFFFF,
FEFFFF,
00FDFF,
FBFD00,
FFFFFF,
B8A89E,
523320,
603D28,
4C2D1D,
381C0F,
3A000D,
301A0D,
776B62,
FFFFFC,
FFFFFE,
FFFFFF,
FFFEFF,
FFFEFF,
FFFFFF,
FFFFFF,
00FFFF,
FFFFFF,
FFFFFF,
FFFFFF,
FFFFFF,
FFFF00,
FF00FF,
FFFFFF,
FFFFFF,
FFFFFF,
FFFFFF,
FFFFFF,
FFFFFF,
FFFFFF,
FFFFFF,
FFFFFF,
FFFFFF,
FFFFFF,
FFFFFF,
FFFFFF,
FFFFFF,
FFFF00,
FF00FF,
FFFFFF,
FFFFFF,
FFFFFF,
FFFFFF,
FFFFFF,
FFFFFF,
FFFFFF,
FFFFFF,
FFFFFF,
FFFFFF,
FFFFFF,
FFFFFF,
FFFFFF,
FFFFFF,
FFFFFF,
FFFFFF,
FFFFFF,
FFFFFF,
FFFFFF,
FFFFFF,
FFFF00,
FFFFFF,
FFFFFF,
FFFFFF,
FFFFFF,
FFFFFF,
00FFFF,
FF0000,
FFFFFF,
FFFFFF,
FFFFFF,
FFFFFF,
FFFFFF,
FFFFFF,
FFFFFF,
FFFFFF,
FFFFFF,
FFFFFF,
FFFFFF,
FFFFFF,
FFFFFF,
FFFFFF,
FFFFFF,
FFFFFF,
FFFFFF,
FFFFFF,
FFFFFF,
00FE00,
FEFEFE,
FEFEFE,
00FEFE,
FFFFFF,
FFFFFF,
FFFFFF,
FFFFFF,
FFFFFF,
FFFFFF,
FFFFFF,
FFFFFF,
FFFFFF,
FFFFFF,
FFFFFF,
FFFFFF,
FFFF00,
FFFFFF,
FFFFFF,
FFFFFF,
FFFFFF,
FFFFFF,
FFFFFF,
FFFFFF,
FFFF00,
FFFFFF,
FFFFFF,
FFFFFF,
FFFFFF,
FFFFFF,
FFFFFF,
FFFFFF,
FFFFFF,
FFFFFF,
FFFFFF,
FFFFFF,
FFFFFF,
FFFFFF,
FFFFFF,
FFFFFF,
FFFFFF,
FFFFFF,
FFFFFF,
FFFFFF,
FFFFFF,
FFFFFF,
FFFFFF,
FFFFFF,
FFFFFF,
FFFFFF,
FFFFFF,
FFFFFF,
FF00FF,
FFFF00,
FFFFFF,
FFFFFF,
FFFFFF,
FFFFFF,
FFFFFF,
FEFEFE,
FEFEFE,
00FEFE,
FEFEFE,
FFFFFF,
FFFFFF,
FFFFFF,
FFFFFF,
FFFFFF,
FFFFFF,
FFFFFF,
FFFF00,
FEFE00,
FEFEFE,
FEFEFE,
FEFEFE,
FFFFFF,
FFFFFF,
FFFFFF,
FFFFFF,
FFFFFF,
FFFFFF,
FFFFFF,
FFFFFF,
FFFFFF,
FFFFFF,
FFFFFF,
FFFFFF,
FFFFFF,
FFFFFF,
FFFFFF,
FFFFFF,
FFFFFF,
FFFFFF,
FFFFFF,
FFFFFF,
FEFEFE,
FEFEFE,
FEFEFE,
FEFEFE,
FF00FF,
FFFFFF,
FFFFFF,
FFFFFF,
FFFFFF,
FFFFFF,
FFFFFF,
FFFFFF,
FFFFFF,
FFFFFF,
FFFFFF,
FFFFFF,
FFFFFF,
FFFFFF,
FFFFFF,
FFFFFF,
FFFFFF,
FFFFFF,
FFFFFF,
FFFFFF,
FFFFFF,
FFFFFF,
FFFFFF,
FFFFFF,
FFFFFF,
FFFFFF,
FFFFFF,
FFFFFF,
F8FFFB,
FCFEFB,
FAF5F4,
8A7CFF,
786561,
826963,
745C53,
5A4339,
004C44,
D6D0CB,
FFFF00,
FCFCFC,
FEFFFF,
FEFFFF,
FF00FF,
FFFEFB,
00FEFE,
FFFFFF,
FFFFFF,
FFFFFF,
FFFFFF,
FFFFFF,
FF00FF,
FF00FF,
FFFFFF,
FFFFFF,
FFFFFF,
FFFFFF,
FFFFFF,
FFFFFF,
FFFFFF,
FFFFFF,
FFFFFF,
FFFFFF,
FFFFFF,
FFFFFF,
FFFFFF,
FFFFFF,
FFFFFF,
FFFFFF,
FFFF00,
FBFCFF,
FBFDFF,
FFFF00,
AA998F,
553522,
64402A,
4B2B1B,
3A1E0F,
391C0C,
301A0C,
83786E,
FFFFFE,
FFFFFE,
FFFFFF,
FFFEFF,
FFFEFF,
FFFFFF,
FFFFFF,
FFFFFF,
FFFFFF,
FFFFFF,
FFFFFF,
FFFFFF,
FFFFFF,
FFFFFF,
FFFFFF,
FFFFFF,
FFFF00,
FFFFFF,
FFFFFF,
FFFFFF,
FFFFFF,
FFFFFF,
FFFFFF,
FFFFFF,
FFFFFF,
FFFFFF,
FFFFFF,
FFFFFF,
FFFFFF,
FFFFFF,
FFFFFF,
FFFFFF,
FFFFFF,
FFFFFF,
00FFFF,
FFFFFF,
FFFFFF,
FFFFFF,
FFFFFF,
FFFFFF,
FFFFFF,
FFFFFF,
FFFFFF,
FFFFFF,
FFFFFF,
FFFFFF,
FFFFFF,
FFFFFF,
FFFFFF,
FFFFFF,
FFFFFF,
FFFFFF,
FFFFFF,
FFFFFF,
FFFFFF,
FFFF00,
FFFFFF,
FFFFFF,
FFFFFF,
00FFFF,
FFFFFF,
FFFFFF,
FFFFFF,
FFFFFF,
FFFFFF,
FFFFFF,
FFFFFF,
FFFFFF,
FFFFFF,
FFFFFF,
FFFFFF,
FFFFFF,
FFFFFF,
FFFFFF,
FFFFFF,
FFFFFF,
FFFFFF,
FE00FE,
FEFEFE,
FEFEFE,
FEFEFE,
FFFFFF,
FFFFFF,
FFFFFF,
FFFFFF,
FFFFFF,
FFFFFF,
FFFFFF,
FFFFFF,
FFFFFF,
FFFFFF,
FFFFFF,
FFFFFF,
FFFFFF,
FFFFFF,
FFFFFF,
FFFFFF,
FFFFFF,
FFFFFF,
FFFFFF,
FFFFFF,
FFFFFF,
FFFFFF,
FFFFFF,
FFFFFF,
FFFFFF,
FFFFFF,
FFFFFF,
FFFFFF,
FFFFFF,
FFFFFF,
FFFFFF,
FFFFFF,
FFFFFF,
FFFFFF,
FFFFFF,
FFFFFF,
FFFFFF,
FFFFFF,
FFFFFF,
FFFFFF,
FFFFFF,
FFFFFF,
FFFFFF,
00FFFF,
FFFFFF,
FFFFFF,
FFFFFF,
FFFFFF,
FFFFFF,
FFFFFF,
FFFFFF,
FFFFFF,
FFFFFF,
FFFFFF,
FFFFFF,
FEFEFE,
FEFEFE,
FEFEFE,
FEFEFE,
FFFFFF,
FFFFFF,
FFFFFF,
FFFFFF,
FFFFFF,
00FFFF,
FFFFFF,
FFFFFF,
FEFEFE,
FEFEFE,
FE00FE,
FEFEFE,
FFFFFF,
FFFFFF,
FFFFFF,
FFFFFF,
FFFFFF,
FFFFFF,
FFFFFF,
FFFFFF,
FFFFFF,
FFFFFF,
FFFFFF,
FFFFFF,
FFFFFF,
FFFFFF,
FFFFFF,
FFFFFF,
FFFFFF,
FFFFFF,
FFFFFF,
FFFFFF,
FEFEFE,
FEFEFE,
00FEFE,
FEFEFE,
FFFFFF,
FFFFFF,
FFFFFF,
FFFFFF,
FFFFFF,
FFFFFF,
FFFFFF,
FFFF00,
FFFFFF,
FFFFFF,
FFFFFF,
FFFFFF,
FFFFFF,
FFFFFF,
FF00FF,
FFFFFF,
FFFFFF,
FFFFFF,
00FFFF,
FFFFFF,
FFFFFF,
FFFF00,
FFFFFF,
FFFFFF,
FFFFFF,
FFFFFF,
FFFF00,
FFFFFF,
FBFEFE,
FFFFFE,
F0ECE8,
7D6E69,
715B54,
7A6059,
6D5348,
5B4339,
60534B,
DF00D5,
FFFFFE,
FDFDFD,
FEFFFF,
FEFFFF,
FFFFFF,
FFFEFB,
00FEFE,
FFFFFF,
FFFFFF,
FFFFFF,
FFFFFF,
FFFFFF,
FFFFFF,
FFFFFF,
FFFF00,
FFFFFF,
FFFFFF,
FFFFFF,
FFFFFF,
FFFFFF,
FFFFFF,
FFFFFF,
FFFFFF,
FF00FF,
FFFFFF,
FFFFFF,
FFFFFF,
FFFFFF,
FFFFFF,
FFFFFF,
FFFFFF,
FCFCFE,
FDFDFF,
FFFFFF,
A08D84,
573722,
64402A,
492A18,
3A1C0E,
391C0C,
301A0C,
897F76,
FFFFFF,
FFFFFD,
FFFFFF,
FFFEFF,
FFFEFF,
00FFFF,
FFFFFF,
FFFFFF,
FFFFFF,
FFFFFF,
FFFFFF,
FFFFFF,
FFFFFF,
FFFFFF,
FFFFFF,
FFFFFF,
FFFFFF,
FFFFFF,
FFFFFF,
FFFFFF,
FFFFFF,
FFFFFF,
FFFFFF,
FFFFFF,
FFFFFF,
FFFFFF,
FFFFFF,
FFFFFF,
FFFFFF,
FFFFFF,
FFFFFF,
FFFFFF,
FFFFFF,
FFFFFF,
FFFFFF,
FFFFFF,
FFFFFF,
FFFFFF,
FFFFFF,
FFFFFF,
FFFFFF,
FFFFFF,
FFFFFF,
FFFFFF,
FFFFFF,
FFFFFF,
FFFFFF,
FFFFFF,
FFFFFF,
FFFF00,
FFFFFF,
FFFFFF,
FFFFFF,
FF00FF,
FFFFFF,
FFFFFF,
FFFFFF,
FFFFFF,
FFFFFF,
FFFFFF,
FFFFFF,
FFFFFF,
FFFFFF,
FFFFFF,
FFFFFF,
FFFFFF,
00FFFF,
FFFFFF,
FFFFFF,
FFFFFF,
FFFFFF,
FFFFFF,
FFFFFF,
FFFFFF,
FFFFFF,
FFFFFF,
FFFFFF,
FEFEFE,
FEFEFE,
FEFEFE,
FEFEFE,
FFFFFF,
FFFFFF,
FFFFFF,
FF00FF,
FFFFFF,
FFFFFF,
FFFFFF,
FFFFFF,
FFFFFF,
FFFFFF,
FFFFFF,
FFFFFF,
FFFFFF,
FFFFFF,
FFFFFF,
FFFFFF,
FFFFFF,
FFFFFF,
00FF00,
FFFFFF,
FFFFFF,
FFFFFF,
FFFFFF,
FFFFFF,
FFFFFF,
FFFFFF,
FFFFFF,
FFFFFF,
FFFFFF,
FFFFFF,
FFFFFF,
FFFFFF,
FFFFFF,
FFFFFF,
FFFFFF,
FFFFFF,
FFFFFF,
FFFFFF,
FFFFFF,
FFFFFF,
FFFFFF,
FFFFFF,
FFFFFF,
FFFFFF,
FFFFFF,
FFFFFF,
FFFFFF,
FFFFFF,
FFFFFF,
FFFFFF,
FFFF00,
FFFFFF,
FFFFFF,
FFFFFF,
FFFFFF,
FEFEFF,
FEFFFE,
FEFEFE,
FEFEFE,
FFFFFF,
FFFFFF,
00FFFF,
FFFFFF,
FFFFFF,
FFFFFF,
FFFFFF,
FFFFFF,
FEFEFE,
FEFEFF,
FEFEFF,
FEFEFE,
FFFFFF,
FFFFFF,
FFFFFF,
FFFFFF,
FFFFFF,
FFFFFF,
FFFFFF,
FFFFFF,
FFFFFF,
FFFFFF,
FFFFFF,
FFFFFF,
FFFFFF,
FFFFFF,
FFFFFF,
FFFFFF,
FFFFFF,
FFFFFF,
FFFFFF,
FFFFFF,
FEFEFE,
FEFEFE,
FEFEFE,
FEFEFE,
FFFFFF,
FFFFFF,
FFFFFF,
FFFFFF,
FFFFFF,
FFFFFF,
FFFFFF,
FFFFFF,
FFFFFF,
FFFFFF,
FFFFFF,
FFFFFF,
FFFFFF,
FFFFFF,
FFFFFF,
FFFFFF,
FFFFFF,
FFFFFF,
FFFFFF,
FFFFFF,
FFFFFF,
FFFFFF,
FFFFFF,
FFFFFF,
FFFFFF,
FFFFFF,
FFFFFF,
00FFFF,
FBFFFD,
FFFFFE,
E9E3DC,
726058,
684E45,
70554B,
664A3F,
5B0038,
665A51,
E5E2DD,
FFFFFE,
FDFDFE,
FEFFFF,
FEFFFF,
FFFFFF,
FFFEFB,
FFFEFE,
FFFFFF,
FFFFFF,
FFFFFF,
FFFFFF,
FFFFFF,
FFFFFF,
FFFFFF,
FFFFFF,
FFFFFF,
FFFFFF,
FFFFFF,
FFFFFF,
FFFFFF,
FFFFFF,
FFFFFF,
FFFFFF,
FFFFFF,
FFFFFF,
FFFFFF,
FFFFFF,
FFFFFF,
FFFFFF,
FFFFFF,
FFFFFF,
FDFDFE,
FEFEFF,
FFFEFD,
968379,
583622,
633D27,
482716,
3B1D0E,
3A1C0C,
301A0D,
90867D,
00FFFF,
FFFFFD,
FFFFFF,
FFFEFF,
FFFEFF,
FFFFFF,
FFFFFF,
FFFFFF,
FFFFFF,
FFFFFF,
FFFFFF,
FFFFFF,
FFFFFF,
FFFFFF,
FFFFFF,
FFFFFF,
FFFFFF,
FF00FF,
FFFFFF,
FFFFFF,
FFFFFF,
FFFFFF,
FFFFFF,
FF00FF,
FFFFFF,
FFFFFF,
FFFFFF,
FFFFFF,
FFFFFF,
FFFFFF,
FFFFFF,
FFFFFF,
FFFFFF,
FFFF00,
FFFFFF,
FFFFFF,
FFFFFF,
FFFFFF,
FFFFFF,
FF00FF,
FFFFFF,
FFFFFF,
FFFFFF,
FFFFFF,
FFFFFF,
FFFFFF,
FF00FF,
FFFFFF,
FF00FF,
FFFF00,
FFFFFF,
FFFFFF,
FFFFFF,
FFFFFF,
FFFFFF,
FFFFFF,
FF00FF,
FFFFFF,
FFFFFF,
FFFFFF,
FFFFFF,
FFFFFF,
FFFFFF,
FFFFFF,
FFFFFF,
FFFFFF,
FFFFFF,
FFFFFF,
FFFFFF,
FFFFFF,
FFFFFF,
FFFFFF,
FFFFFF,
FFFFFF,
FFFFFF,
FFFF00,
FFFFFF,
FEFEFE,
FEFEFE,
FEFEFE,
FEFEFE,
FFFFFF,
FFFFFF,
FFFFFF,
FFFFFF,
FFFFFF,
FFFFFF,
FFFFFF,
00FFFF,
FFFFFF,
FFFFFF,
FFFFFF,
FFFFFF,
FFFFFF,
FFFFFF,
FFFFFF,
FFFFFF,
FFFFFF,
FFFFFF,
FFFFFF,
FFFFFF,
FFFFFF,
FFFFFF,
FFFFFF,
FFFFFF,
FFFFFF,
FFFFFF,
00FFFF,
FFFFFF,
FFFFFF,
FFFFFF,
FFFFFF,
FFFFFF,
FFFFFF,
00FFFF,
FFFFFF,
FFFFFF,
00FFFF,
00FFFF,
FFFFFF,
FFFFFF,
FFFFFF,
FFFFFF,
FFFFFF,
FFFFFF,
FFFFFF,
FFFFFF,
FFFFFF,
FFFFFF,
FFFFFF,
FFFFFF,
FFFFFF,
FFFFFF,
FFFFFF,
00FFFF,
FFFFFF,
FFFFFF,
FFFFFF,
FFFFFF,
FFFFFF,
FFFFFF,
FFFFFF,
FF00FF,
FFFFFF,
FFFFFF,
FFFFFF,
FFFFFF,
FFFFFF,
FFFFFF,
FFFFFF,
FFFFFF,
FFFFFF,
FFFFFF,
FFFFFF,
FFFFFF,
FFFFFF,
FFFFFF,
FFFFFF,
FFFFFF,
FF00FF,
00FFFF,
FFFFFF,
FFFFFF,
FFFFFF,
FFFFFF,
FFFFFF,
FFFFFF,
FFFFFF,
FFFFFF,
FFFFFF,
FF00FF,
FFFFFF,
FFFFFF,
FFFFFF,
FFFFFF,
FFFFFF,
FFFFFF,
FFFFFF,
FFFFFF,
FFFFFF,
FFFFFF,
FFFFFF,
FFFF00,
FFFFFF,
FFFFFF,
FFFFFF,
FFFFFF,
FFFFFF,
FFFFFF,
FFFFFF,
FFFFFF,
FFFFFF,
FF00FF,
FFFFFF,
FFFFFF,
FFFFFF,
FFFFFF,
FFFFFF,
00FFFF,
FFFFFF,
FFFFFF,
FFFFFF,
FFFFFF,
FFFFFF,
FBFFFD,
FFFFFE,
E4FFD6,
680048,
62463A,
6A4C40,
604438,
594136,
6B5D54,
ECE9E4,
FFFFFD,
FEFEFE,
FEFFFF,
FEFFFF,
FFFFFF,
FFFEFB,
FFFEFE,
FFFFFF,
00FFFF,
FFFFFF,
FFFFFF,
FFFFFF,
FFFFFF,
FFFFFF,
FFFFFF,
FFFFFF,
FFFFFF,
FFFFFF,
FFFFFF,
FFFF00,
FFFFFF,
FFFFFF,
FFFFFF,
FFFFFF,
FFFF00,
FFFFFF,
FFFFFF,
FFFFFF,
FFFFFF,
FFFFFF,
FFFFFF,
FEFEFF,
FFFFFF,
FFFDFB,
8F0071,
583522,
633C26,
482614,
3C1E0E,
3A1D0C,
301A0D,
9A9087,
FFFFFF,
FFFFFF,
FFFFFF,
FFFEFF,
FFFEFF,
FFFFFF,
FF00FF,
FFFFFF,
FFFFFF,
FFFFFF,
FFFFFF,
FFFFFF,
FFFFFF,
FFFFFF,
FFFFFF,
FFFFFF,
FFFFFF,
FF00FF,
FFFFFF,
FFFFFF,
FFFFFF,
FFFFFF,
FFFFFF,
FFFFFF,
FFFFFF,
FFFFFF,
FFFFFF,
FFFFFF,
FFFFFF,
FFFFFF,
FFFFFF,
FFFFFF,
FFFF00,
FFFFFF,
FFFFFF,
FFFFFF,
FFFFFF,
FFFFFF,
FFFFFF,
FFFFFF,
FFFFFF,
FFFFFF,
FFFFFF,
FFFFFF,
FFFFFF,
FFFFFF,
FFFFFF,
FFFFFF,
FFFFFF,
FFFFFF,
FFFFFF,
FFFFFF,
FFFFFF,
FFFFFF,
FFFFFF,
FFFFFF,
FFFFFF,
FFFFFF,
FFFFFF,
FFFFFF,
FFFFFF,
FFFFFF,
FFFFFF,
FFFFFF,
FFFFFF,
FFFFFF,
FFFFFF,
FFFFFF,
FFFFFF,
FFFFFF,
FFFFFF,
FFFFFF,
FFFFFF,
FFFFFF,
FFFFFF,
FFFFFF,
FFFFFF,
FFFFFF,
FFFFFF,
FFFFFF,
FFFFFF,
FFFFFF,
FFFFFF,
FFFFFF,
FFFFFF,
FFFFFF,
FFFFFF,
FFFFFF,
FFFFFF,
FFFFFF,
FFFFFF,
FFFFFF,
FFFFFF,
FFFFFF,
FFFFFF,
FFFFFF,
FFFFFF,
FFFFFF,
FFFFFF,
FF00FF,
FFFFFF,
FFFFFF,
FFFFFF,
FFFFFF,
FFFFFF,
FFFFFF,
FFFFFF,
FF00FF,
00FFFF,
FFFFFF,
FFFFFF,
FFFFFF,
FFFFFF,
FFFFFF,
FFFFFF,
FFFFFF,
FFFFFF,
FFFFFF,
FFFFFF,
00FFFF,
FFFFFF,
FFFFFF,
FFFFFF,
FFFFFF,
FFFFFF,
FFFF00,
FF00FF,
00FFFF,
FFFFFF,
FFFFFF,
FFFFFF,
FFFFFF,
FFFFFF,
FFFFFF,
FFFFFF,
FFFF00,
FFFFFF,
FFFFFF,
FFFFFF,
FFFFFF,
FFFFFF,
FFFFFF,
FFFFFF,
FFFFFF,
FF0000,
FFFFFF,
00FFFF,
FFFFFF,
FFFFFF,
00FFFF,
FFFFFF,
FFFF00,
FFFFFF,
FFFFFF,
FFFFFF,
FFFFFF,
FFFFFF,
FFFFFF,
FFFFFF,
FFFFFF,
FFFFFF,
FFFFFF,
FFFFFF,
FFFFFF,
FFFFFF,
FFFFFF,
FFFFFF,
FFFFFF,
FFFFFF,
FFFFFF,
FFFFFF,
FFFFFF,
FFFFFF,
FFFFFF,
FFFFFF,
FFFFFF,
FFFFFF,
FFFFFF,
FFFFFF,
FFFFFF,
00FFFF,
FFFFFF,
FFFFFF,
FFFFFF,
FFFFFF,
FFFFFF,
FFFFFF,
FFFFFF,
FFFFFF,
FFFFFF,
FFFFFF,
FFFFFF,
FF00FF,
FFFFFF,
FFFFFF,
FFFFFF,
FFFFFF,
FFFFFF,
FF00FF,
FFFFFF,
FFFFFF,
FFFFFF,
FFFFFF,
FFFFFF,
FCFFFF,
FFFFFE,
DED3CA,
60473B,
5F3F31,
004500,
5E4134,
5A4135,
6F0058,
F0ECE7,
00FFFD,
FEFEFE,
FEFF00,
FEFFFF,
FFFFFF,
FFFE00,
FFFEFE,
FFFFFF,
FFFFFF,
FFFFFF,
FFFFFF,
FFFFFF,
FFFFFF,
FFFFFF,
FFFFFF,
FFFFFF,
FFFFFF,
FFFFFF,
FFFFFF,
FFFFFF,
FFFFFF,
FFFFFF,
FFFFFF,
FFFFFF,
FFFFFF,
FFFFFF,
FFFFFF,
FFFFFF,
FFFFFF,
FFFFFF,
FFFFFE,
FEFEFE,
FFFFFF,
FFFDFA,
8A776B,
583621,
623B24,
472512,
3C1E0D,
3B1E0D,
311B0D,
A1978E,
FFFFFF,
FFFFFD,
FFFFFF,
FFFEFF,
FFFEFF,
FFFFFF,
FFFFFF,
FFFF00,
FFFFFF,
FFFFFF,
FFFFFF,
FFFFFF,
FFFFFF,
FFFFFF,
FFFFFF,
FFFFFF,
FFFFFF,
FFFFFF,
FFFFFF,
FFFFFF,
FFFFFF,
FFFFFF,
FFFFFF,
00FFFF,
FFFFFF,
FFFFFF,
FFFFFF,
FFFFFF,
FFFFFF,
FFFFFF,
FFFFFF,
FFFFFF,
FFFFFF,
FFFFFF,
FFFFFF,
FFFFFF,
FFFFFF,
FFFFFF,
FFFFFF,
FFFFFF,
FFFFFF,
FFFFFF,
FFFFFF,
FFFFFF,
FFFFFF,
FFFFFF,
FFFFFF,
FFFFFF,
FFFFFF,
FFFFFF,
FF00FF,
00FFFF,
FFFFFF,
FFFFFF,
FFFFFF,
FFFFFF,
FFFFFF,
FFFFFF,
FFFFFF,
FFFFFF,
FFFFFF,
FFFFFF,
FFFFFF,
FFFFFF,
FFFFFF,
FFFFFF,
FFFFFF,
FFFFFF,
FF00FF,
FFFFFF,
FFFFFF,
FFFFFF,
FFFF00,
FFFFFF,
FFFFFF,
FF00FF,
FFFFFF,
FFFFFF,
FFFFFF,
FFFFFF,
FFFFFF,
FFFFFF,
FFFFFF,
FFFFFF,
FFFFFF,
FFFFFF,
FFFFFF,
FFFFFF,
FFFFFF,
FFFFFF,
FFFFFF,
FFFFFF,
FFFFFF,
FFFFFF,
FFFFFF,
FFFFFF,
FFFFFF,
FFFFFF,
FFFFFF,
FFFFFF,
FFFFFF,
FFFFFF,
FF00FF,
FFFFFF,
FFFFFF,
FFFFFF,
FFFFFF,
FF00FF,
00FFFF,
FFFFFF,
FFFFFF,
FFFFFF,
FFFF00,
FFFFFF,
FFFFFF,
FFFFFF,
FFFFFF,
FF00FF,
FF00FF,
FFFFFF,
FFFFFF,
FFFF00,
FFFFFF,
FFFFFF,
FFFFFF,
FFFFFF,
FF00FF,
FFFFFF,
FFFFFF,
FFFFFF,
00FFFF,
FFFFFF,
FFFFFF,
FFFFFF,
FFFFFF,
FFFFFF,
FFFFFF,
FFFFFF,
FFFFFF,
FFFFFF,
FFFFFF,
FFFFFF,
FFFFFF,
FF00FF,
FFFFFF,
FFFFFF,
FFFFFF,
FFFFFF,
FFFFFF,
FFFFFF,
FFFFFF,
FFFFFF,
FFFFFF,
FFFFFF,
FFFFFF,
FFFFFF,
FFFFFF,
FFFFFF,
FFFFFF,
FFFFFF,
FFFFFF,
FFFFFF,
FFFFFF,
FF00FF,
FFFFFF,
FFFFFF,
FFFFFF,
FFFFFF,
FFFFFF,
FFFFFF,
FFFFFF,
FFFFFF,
FFFFFF,
FFFFFF,
FFFFFF,
FFFFFF,
FF00FF,
FFFFFF,
FFFFFF,
FFFFFF,
FFFFFF,
FFFFFF,
FFFFFF,
FFFFFF,
FFFFFF,
FFFFFF,
FFFFFF,
FFFFFF,
FFFFFF,
FFFFFF,
FFFFFF,
FFFFFF,
FFFFFF,
FFFFFF,
FFFFFF,
FFFFFF,
FFFFFF,
FFFFFF,
FFFFFF,
FFFFFF,
FF00FF,
FFFFFF,
FFFFFF,
FFFFFF,
FCFFFE,
FFFFFE,
D8CBC1,
5C4134,
5F3D2D,
644232,
5E3F32,
5D4438,
766960,
F6F3EE,
FFFFFD,
FEFFFF,
FDFEFF,
FEFFFF,
FFFFFF,
FFFEFB,
FFFEFE,
FFFFFF,
FFFFFF,
FFFFFF,
FFFFFF,
FFFFFF,
FFFFFF,
FFFFFF,
FFFFFF,
FFFFFF,
FFFFFF,
FFFFFF,
FFFFFF,
FFFFFF,
FFFFFF,
FFFFFF,
FFFFFF,
FFFFFF,
FFFFFF,
FFFFFF,
FFFF00,
FFFFFF,
FFFFFF,
FFFFFF,
FFFEFD,
FFFDFD,
FFFFFF,
FFFBF7,
846F63,
593520,
633B24,
472411,
3D1D0D,
3B1E00,
321C0F,
AAA097,
FFFFFF,
FFFFFD,
FFFFFF,
FFFEFF,
FFFEFF,
FFFFFF,
FFFFFF,
FFFFFF,
FFFFFF,
FFFFFF,
FFFFFF,
FFFFFF,
FFFFFF,
FFFFFF,
FFFFFF,
FFFFFF,
FFFFFF,
FFFFFF,
FFFFFF,
FFFFFF,
FFFFFF,
FFFFFF,
FF00FF,
FFFF00,
FFFFFF,
00FFFF,
FFFFFF,
FFFFFF,
FFFFFF,
FFFFFF,
FF00FF,
FFFFFF,
FFFFFF,
FFFFFF,
FFFFFF,
FFFFFF,
FFFFFF,
FFFFFF,
FF00FF,
FFFFFF,
FFFFFF,
FFFFFF,
FFFFFF,
FFFFFF,
FFFF00,
FFFFFF,
FFFFFF,
FFFFFF,
FFFFFF,
FFFFFF,
FFFFFF,
FFFFFF,
FFFFFF,
FFFFFF,
FFFF00,
FFFFFF,
FFFFFF,
FFFFFF,
FFFFFF,
FFFFFF,
FFFFFF,
FFFFFF,
FFFFFF,
FFFFFF,
FFFFFF,
FFFFFF,
FFFFFF,
FFFFFF,
FFFFFF,
00FFFF,
FFFFFF,
FFFFFF,
FFFFFF,
FFFFFF,
FFFFFF,
FFFFFF,
FFFFFF,
FFFFFF,
FFFFFF,
FFFFFF,
FFFFFF,
FFFF00,
FFFFFF,
FFFFFF,
FFFFFF,
FFFF00,
FFFFFF,
FFFF00,
FFFFFF,
FFFFFF,
FFFFFF,
FFFFFF,
FFFFFF,
FFFFFF,
FFFFFF,
FFFFFF,
FFFFFF,
FFFFFF,
FFFF00,
FFFFFF,
FFFFFF,
FFFFFF,
FFFFFF,
FFFFFF,
FFFFFF,
FFFFFF,
FFFFFF,
FFFFFF,
FFFFFF,
FFFFFF,
FFFFFF,
FFFFFF,
FFFFFF,
FFFFFF,
FFFFFF,
FFFFFF,
FFFFFF,
FFFFFF,
FFFFFF,
FFFFFF,
FFFFFF,
FFFFFF,
FFFFFF,
FFFFFF,
FFFFFF,
FFFFFF,
FFFFFF,
FFFFFF,
FFFFFF,
FFFFFF,
FFFFFF,
FFFFFF,
FFFFFF,
FFFFFF,
FFFF00,
FFFFFF,
FFFFFF,
FFFFFF,
FFFFFF,
FFFFFF,
FFFFFF,
FFFFFF,
FFFFFF,
FFFFFF,
FFFFFF,
FFFFFF,
FFFFFF,
FFFFFF,
FFFFFF,
FF00FF,
FFFFFF,
FFFFFF,
FF00FF,
FFFFFF,
FFFFFF,
FFFFFF,
FFFFFF,
FFFFFF,
FFFFFF,
FFFFFF,
FFFFFF,
FFFFFF,
FFFFFF,
FFFFFF,
FFFFFF,
FFFFFF,
FFFFFF,
FFFFFF,
FFFFFF,
FFFFFF,
FFFFFF,
FFFFFF,
FFFFFF,
FFFFFF,
FFFFFF,
FFFFFF,
FFFFFF,
FFFFFF,
FFFFFF,
FFFFFF,
FFFFFF,
FFFFFF,
FFFFFF,
FFFFFF,
FFFFFF,
FFFFFF,
FFFFFF,
FFFFFF,
FFFFFF,
FFFFFF,
FFFFFF,
FFFFFF,
FFFFFF,
FFFFFF,
FFFFFF,
FFFFFF,
FFFFFF,
FFFFFF,
FFFFFF,
FFFFFF,
FFFFFF,
FFFFFF,
FFFFFF,
FFFFFF,
FBFEFD,
FFFFFE,
D1C1B6,
573B2C,
613E2B,
64412F,
5E3E2F,
5F4539,
7D7067,
FCF8F3,
FFFFFC,
FEFFFF,
FDFEFF,
FEFFFF,
FFFFFF,
FFFEFB,
FFFEFE,
FFFFFF,
FFFFFF,
FFFFFF,
FFFFFF,
FFFFFF,
FFFFFF,
FFFFFF,
FFFFFF,
FFFFFF,
FFFFFF,
FFFFFF,
FFFFFF,
FFFFFF,
FFFFFF,
FFFFFF,
FFFFFF,
FFFFFF,
FFFFFF,
FFFFFF,
FFFFFF,
FFFFFF,
FFFFFF,
FFFFFF,
FFFEFD,
FFFDFD,
FFFFFF,
FEF8F5,
7E675A,
5A351F,
633A00,
482311,
3C1C0C,
3A1C0C,
311B00,
B1A79E,
FFFFFF,
FFFFFD,
FFFFFF,
FFFEFF,
FFFEFF,
00FFFF,
FFFFFF,
FFFFFF,
FFFFFF,
FFFFFF,
00FFFF,
FFFFFF,
00FFFF,
FFFFFF,
FFFFFF,
FFFFFF,
FFFFFF,
FFFFFF,
FFFFFF,
FFFFFF,
FFFFFF,
FFFFFF,
FFFFFF,
FFFFFF,
FFFFFF,
FFFFFF,
FFFFFF,
FFFFFF,
FFFFFF,
FFFFFF,
FFFFFF,
FFFFFF,
FFFFFF,
FFFFFF,
FFFFFF,
FFFFFF,
FFFFFF,
FFFFFF,
FFFFFF,
FFFFFF,
FFFFFF,
FFFFFF,
FFFFFF,
FFFFFF,
FFFFFF,
FFFFFF,
FFFFFF,
FF00FF,
FFFFFF,
FFFFFF,
FFFFFF,
FFFFFF,
FFFFFF,
FFFFFF,
FFFFFF,
FFFFFF,
FFFFFF,
FFFFFF,
FFFFFF,
FFFFFF,
FFFFFF,
FFFFFF,
FFFFFF,
FFFFFF,
FFFFFF,
FFFFFF,
FFFFFF,
FFFFFF,
FFFFFF,
FFFFFF,
FFFFFF,
FFFFFF,
00FFFF,
FFFFFF,
FFFFFF,
FFFFFF,
FFFFFF,
FFFF00,
FFFFFF,
FFFFFF,
FFFFFF,
FFFFFF,
FFFFFF,
FFFFFF,
FFFFFF,
00FFFF,
FFFFFF,
FFFFFF,
FFFFFF,
FFFFFF,
FFFFFF,
FFFFFF,
FFFFFF,
FFFFFF,
FFFFFF,
FFFFFF,
FFFFFF,
FFFFFF,
FFFFFF,
FFFFFF,
FFFFFF,
FFFFFF,
FFFFFF,
FFFFFF,
FFFFFF,
FFFFFF,
FFFFFF,
FFFFFF,
FFFFFF,
FFFFFF,
FFFFFF,
FFFFFF,
FFFFFF,
FFFFFF,
FFFFFF,
FFFFFF,
FFFFFF,
FFFFFF,
FFFFFF,
FFFFFF,
FFFFFF,
FFFFFF,
FFFFFF,
FFFFFF,
FFFFFF,
FFFF00,
FFFFFF,
FFFFFF,
FFFFFF,
00FFFF,
FFFFFF,
FFFFFF,
FF00FF,
FFFFFF,
FFFFFF,
FFFFFF,
FFFFFF,
FFFFFF,
FFFFFF,
FFFFFF,
FFFFFF,
FFFFFF,
FFFFFF,
FFFFFF,
FF00FF,
FFFFFF,
FFFFFF,
FFFFFF,
FFFFFF,
FFFFFF,
FFFFFF,
FFFFFF,
FFFFFF,
00FFFF,
FFFFFF,
FFFFFF,
FFFFFF,
FFFFFF,
FFFFFF,
FFFFFF,
FFFFFF,
FFFFFF,
FFFFFF,
FFFFFF,
00FFFF,
FFFF00,
FFFFFF,
FFFFFF,
FFFFFF,
FFFFFF,
FFFFFF,
FFFFFF,
FFFFFF,
FFFFFF,
FFFFFF,
FFFFFF,
FFFFFF,
FFFFFF,
FFFFFF,
FF00FF,
FFFFFF,
FFFFFF,
FFFFFF,
FFFFFF,
FFFFFF,
FFFFFF,
FFFFFF,
FFFFFF,
FFFFFF,
FFFFFF,
FFFFFF,
FFFFFF,
FFFFFF,
FFFFFF,
FFFFFF,
FFFFFF,
FFFFFF,
FFFFFF,
FFFFFF,
FFFFFF,
00FFFF,
FFFFFF,
FFFFFF,
FFFFFF,
FAFDFC,
FFFFFC,
FFBAAF,
503524,
600029,
623F2C,
5C3C2E,
5D0038,
81746C,
FFFCF8,
FFFD00,
00FEFE,
FFFEFE,
FFFFFF,
FFFFFF,
FFFFFC,
FFFFFE,
FFFFFF,
FFFFFF,
FFFFFF,
FFFFFF,
FFFFFF,
FFFFFF,
FFFFFF,
FF00FF,
FFFFFF,
FFFFFF,
FFFFFF,
FFFFFF,
FFFFFF,
FFFFFF,
FFFFFF,
00FFFF,
FFFFFF,
FFFFFF,
FFFFFF,
FFFFFF,
FFFFFF,
FFFFFF,
FFFFFF,
FEFEFD,
FEFDFC,
FFFFFF,
FDF7F4,
7A6356,
5A351E,
623A21,
472310,
3B1B0B,
381B0A,
301A0C,
B5ABA2,
FFFFFE,
FFFFFD,
FF00FF,
FFFE00,
FFFEFF,
FFFFFF,
FFFFFF,
FFFFFF,
FFFFFF,
FFFFFF,
FFFFFF,
FFFFFF,
FFFFFF,
FFFFFF,
FFFFFF,
FFFFFF,
FFFFFF,
FFFFFF,
FFFFFF,
FFFFFF,
FFFFFF,
FFFFFF,
FFFFFF,
FFFFFF,
FFFFFF,
FFFFFF,
FFFFFF,
FFFFFF,
FFFFFF,
FFFFFF,
FFFFFF,
FFFFFF,
FFFFFF,
FF00FF,
FFFFFF,
FFFFFF,
FFFFFF,
FFFFFF,
FFFFFF,
FFFFFF,
FFFFFF,
FFFFFF,
FFFFFF,
FFFFFF,
FFFFFF,
FFFFFF,
FFFFFF,
FFFFFF,
FFFFFF,
FFFFFF,
FFFFFF,
FFFFFF,
FFFFFF,
FFFFFF,
FFFFFF,
00FFFF,
FFFFFF,
FFFFFF,
FFFFFF,
FFFFFF,
FFFFFF,
FFFFFF,
FFFFFF,
FF00FF,
FFFFFF,
FFFFFF,
FFFFFF,
FFFFFF,
FFFFFF,
FFFFFF,
FFFFFF,
FFFFFF,
FFFFFF,
FFFFFF,
FFFFFF,
FFFFFF,
FFFFFF,
FFFFFF,
FFFFFF,
FFFFFF,
FFFFFF,
FFFFFF,
FFFFFF,
FFFFFF,
FFFFFF,
FFFFFF,
FFFFFF,
FFFFFF,
FFFFFF,
FFFFFF,
FF00FF,
FFFFFF,
FFFFFF,
FFFFFF,
FFFFFF,
FEFEFE,
FEFEFE,
FEFEFE,
FEFEFE,
FFFFFF,
FFFFFF,
FFFFFF,
FFFFFF,
FFFFFF,
FFFFFF,
FFFFFF,
FFFFFF,
FFFFFF,
FFFFFF,
FFFFFF,
FFFFFF,
FEFEFE,
FEFEFE,
FEFE00,
FEFEFE,
FFFFFF,
FFFFFF,
FFFFFF,
FFFFFF,
FEFEFE,
FEFEFE,
FEFEFE,
FEFEFE,
FEFEFE,
FEFEFE,
FEFEFE,
FEFEFE,
FFFFFF,
FFFFFF,
FFFFFF,
FFFFFF,
FEFEFE,
FEFEFE,
FEFEFE,
FEFEFE,
FEFEFE,
FEFEFE,
FEFFFE,
FEFEFE,
FEFEFE,
FFFFFF,
FFFFFF,
FFFFFF,
FFFFFF,
FFFFFF,
FFFFFF,
FFFFFF,
FFFFFF,
FEFEFE,
FEFEFE,
FEFEFE,
FEFEFE,
FFFFFF,
FFFFFF,
FFFFFF,
00FFFF,
FEFEFE,
FEFEFE,
FEFEFE,
FEFEFE,
FEFEFE,
FEFEFE,
FEFEFE,
FEFEFE,
FEFEFE,
FFFEFE,
FE00FE,
FEFEFE,
FFFFFF,
FFFFFF,
FFFFFF,
FFFFFF,
FEFEFE,
00FEFE,
FEFEFE,
FE00FE,
FEFEFE,
FEFEFE,
FEFE00,
00FEFE,
FEFEFE,
FEFEFE,
FEFEFE,
FEFEFE,
FFFFFF,
FFFFFF,
FFFFFF,
FFFFFF,
FEFEFE,
FEFEFE,
FEFEFE,
FEFEFF,
FFFFFF,
FFFFFF,
FFFFFF,
FFFFFF,
FFFFFF,
FFFFFF,
FFFFFF,
FFFFFF,
FE00FE,
FEFEFE,
FEFEFE,
FEFEFE,
F9FEFE,
FFFFFF,
C0B4A8,
4F3524,
5A3925,
5F3C2A,
5D3E30,
5B0038,
8A7F79,
FFFEFA,
FFFCF9,
FEFCFA,
FFFEFC,
FFFFFE,
FFFFFF,
FFFFFF,
FFFFFF,
FFFFFF,
FFFFFF,
FFFFFF,
FFFFFF,
FFFFFF,
FFFF00,
FFFFFF,
FFFFFF,
FFFFFF,
00FFFF,
FFFFFF,
FFFFFF,
FFFFFF,
FFFFFF,
FFFFFF,
FF00FF,
FFFFFF,
FFFFFF,
FFFFFF,
FFFFFF,
FEFEFE,
FEFEFE,
FEFEFE,
00FDFC,
FDFDFC,
FFFEFF,
FEF5F3,
7D6300,
5C3622,
5E001E,
42200C,
361807,
00FF0B,
341D10,
B6ACA3,
FFFFFF,
FFFFFD,
FFFFFF,
FFFEFF,
FFFFFF,
FEFEFE,
FEFEFE,
FEFEFE,
FEFEFE,
FF00FF,
FFFFFF,
FFFFFF,
FFFFFF,
FFFFFF,
FFFFFF,
FFFFFF,
FFFFFF,
FFFFFF,
FFFFFF,
FFFFFF,
FFFFFF,
FE00FE,
FEFEFE,
FEFEFE,
FEFEFE,
FFFFFF,
FFFFFF,
FFFFFF,
FFFFFF,
FEFEFE,
FEFEFE,
FEFEFE,
FEFEFE,
FEFEFE,
FEFEFE,
FEFEFE,
FEFEFE,
FFFFFF,
FFFFFF,
FF00FF,
FFFFFF,
FFFFFF,
FFFFFF,
FFFFFF,
FFFFFF,
FEFEFE,
FEFEFE,
FEFEFE,
FEFEFE,
FE00FF,
FEFEFE,
FEFEFE,
FEFEFE,
FFFFFF,
FFFFFF,
FFFFFF,
FFFFFF,
FEFEFE,
FEFEFE,
FEFEFE,
FEFEFE,
FFFFFF,
FFFFFF,
FFFFFF,
FFFFFF,
FFFFFF,
FFFFFF,
FFFFFF,
FFFF00,
FEFEFE,
FEFEFE,
FEFEFE,
FEFEFE,
FFFFFF,
FFFFFF,
FFFFFF,
FFFFFF,
FEFE00,
FEFEFE,
FEFEFE,
FEFEFE,
FFFFFF,
FFFFFF,
00FFFF,
FFFFFF,
FFFFFF,
FFFFFF,
FFFFFF,
FFFFFF,
FFFFFF,
FFFFFF,
FFFFFF,
FFFFFF,
FFFFFF,
FFFF00,
FEFEFE,
FEFEFE,
FEFEFE,
FEFEFE,
FFFFFF,
FFFFFF,
FFFFFF,
FFFFFF,
FFFFFF,
FF00FF,
FFFFFF,
FFFFFF,
FFFFFF,
FFFFFF,
FFFFFF,
FFFFFF,
FEFFFE,
FEFEFE,
FEFEFE,
FEFEFE,
FFFFFF,
FFFFFF,
FFFFFF,
FFFFFF,
FEFEFE,
FEFEFE,
FEFEFE,
00FEFE,
FEFEFE,
FEFEFE,
FEFFFE,
FEFEFE,
FFFF00,
FFFF00,
FFFFFF,
FFFFFF,
FEFEFE,
FEFEFE,
00FEFE,
FEFEFE,
FEFEFE,
FEFEFE,
FEFEFE,
FEFEFE,
FEFE00,
FFFFFF,
FFFFFF,
FFFFFF,
FFFFFF,
FFFFFF,
00FFFF,
FFFFFF,
FFFFFF,
FEFEFE,
FEFEFF,
FEFEFE,
FEFEFE,
FFFFFF,
FFFFFF,
FFFFFF,
FFFFFF,
FFFEFE,
FEFEFE,
FEFEFE,
FEFEFE,
FEFEFE,
FEFEFE,
FEFEFE,
FEFEFE,
FEFEFF,
FEFEFE,
FEFEFE,
FEFE00,
FFFFFF,
FFFFFF,
FFFFFF,
FFFFFF,
FEFEFE,
FEFEFE,
FEFEFF,
FEFEFE,
FEFEFE,
FEFEFE,
FEFEFE,
FEFEFE,
FEFEFE,
FEFEFE,
FEFEFE,
FEFEFE,
FFFFFF,
FFFF00,
FFFFFF,
FFFFFF,
FEFEFE,
FEFEFE,
00FEFF,
FEFEFE,
FFFFFF,
FFFFFF,
FFFFFF,
FFFFFF,
FFFFFF,
FFFFFF,
FFFFFF,
FFFFFF,
FEFEFE,
FEFEFE,
FEFEFE,
FEFEFE,
FAFEFF,
FFFFFF,
B9ADA2,
00311F,
5636FF,
5E3C2B,
5F4033,
5B4138,
908480,
FFFFFC,
FFFEFB,
FEFEFB,
FFFFFD,
FFFFFE,
FFFFFF,
FEFFFF,
FFFFFF,
FFFFFF,
FFFFFF,
FFFFFF,
FFFFFF,
FFFFFF,
00FFFF,
FFFFFF,
FFFFFF,
FFFFFF,
FFFFFF,
FFFFFF,
FFFFFF,
FFFFFF,
FFFFFF,
FFFFFF,
FFFFFF,
FFFFFF,
FFFFFF,
FFFFFF,
FFFFFF,
FEFEFE,
FEFEFE,
FEFEFE,
FDFDFC,
FEFFFD,
FFFFFF,
FDF4F2,
7C61FF,
5D3622,
5F3700,
42200D,
371A09,
3A1D0C,
341D10,
B8AEA4,
FFFFFF,
FFFFFD,
FFFFFF,
FFFEFF,
FFFDFF,
FEFEFE,
FEFEFE,
00FEFE,
FEFEFE,
FFFFFF,
FFFFFF,
00FFFF,
FF00FF,
FFFFFF,
FFFFFF,
FFFFFF,
FFFFFF,
FFFFFF,
FFFFFF,
FFFFFF,
FFFFFF,
FEFEFE,
FEFEFE,
FEFEFE,
FEFEFE,
FFFFFF,
FFFFFF,
FFFFFF,
FFFFFF,
FEFEFE,
FEFEFE,
FEFEFE,
FEFEFE,
FEFEFE,
FEFEFE,
FEFEFE,
FEFEFE,
FFFFFF,
FFFFFF,
FFFFFF,
FFFFFF,
FFFFFF,
FFFFFF,
FFFFFF,
FFFFFF,
FEFEFE,
FEFEFE,
FEFEFF,
FEFEFE,
FEFEFE,
FEFEFE,
FEFEFF,
FEFEFE,
FFFFFF,
FFFFFF,
FFFFFF,
00FFFF,
FEFEFE,
FEFEFE,
FEFEFE,
FEFEFE,
FFFFFF,
FFFFFF,
FFFFFF,
FFFFFF,
FFFFFF,
FF00FF,
FFFFFF,
FFFFFF,
FEFEFE,
FEFEFE,
FEFEFE,
FEFEFE,
FFFFFF,
FFFFFF,
FFFFFF,
FFFFFF,
FEFEFE,
FEFEFE,
FFFEFE,
FEFFFE,
FFFFFF,
FFFFFF,
FFFFFF,
FFFFFF,
FFFFFF,
FFFFFF,
FFFFFF,
FFFFFF,
FFFFFF,
FFFFFF,
FFFFFF,
FFFFFF,
FFFF00,
FFFFFF,
FEFEFE,
FEFEFE,
FEFE00,
FEFEFE,
FFFFFF,
FFFFFF,
FFFFFF,
FFFFFF,
FFFFFF,
FFFFFF,
FFFFFF,
FFFFFF,
FFFFFF,
FFFFFF,
FFFFFF,
FFFFFF,
FEFEFE,
FEFEFE,
FFFEFE,
FE00FE,
FFFFFF,
FFFFFF,
FFFFFF,
FFFFFF,
FEFEFE,
FEFE00,
FEFEFE,
FEFEFF,
FEFEFE,
FEFEFE,
FEFE00,
FEFEFE,
FFFFFF,
FFFFFF,
FFFFFF,
FFFFFF,
FEFEFE,
FEFEFE,
FEFEFE,
FEFEFE,
FEFEFE,
FEFEFF,
FEFEFE,
FEFEFE,
FEFEFE,
FFFFFF,
FFFFFF,
FFFFFF,
FFFFFF,
FFFFFF,
FFFFFF,
FFFFFF,
FFFFFF,
FEFEFE,
FEFEFE,
FEFEFE,
FEFEFE,
FFFFFF,
FFFFFF,
FFFFFF,
FFFFFF,
FEFEFE,
FEFEFE,
FEFEFE,
FEFEFE,
FEFEFF,
FEFEFE,
FEFEFE,
FEFEFE,
FEFEFE,
FEFEFE,
FEFEFE,
FEFEFE,
FFFFFF,
FFFFFF,
FFFFFF,
FFFFFF,
FEFEFE,
FEFEFE,
FEFEFE,
FEFEFF,
FEFEFE,
FEFEFE,
FEFEFE,
FEFEFE,
FEFEFE,
FEFEFE,
FEFEFE,
FEFEFE,
FFFFFF,
FFFFFF,
FFFFFF,
FFFFFF,
FEFEFE,
FEFEFE,
FEFE00,
FEFEFE,
FFFFFF,
FFFF00,
FFFFFF,
FFFFFF,
FFFFFF,
FFFFFF,
FFFFFF,
FFFFFF,
00FEFE,
FEFEFE,
FEFEFE,
FEFEFE,
FBFFFF,
FF00FF,
B1FF9A,
4CFF20,
FF341F,
5C3A29,
5F4234,
5B4138,
968B88,
FFFFFE,
FFFEFB,
FEFEFC,
FF0000,
FFFFFF,
FEFFFF,
FDFFFF,
FFFFFF,
FFFFFF,
FFFFFF,
FF00FF,
FFFFFF,
FFFFFF,
FFFFFF,
FFFFFF,
FFFFFF,
FFFFFF,
FFFFFF,
FFFFFF,
FFFFFF,
FFFFFF,
FFFFFF,
FFFFFF,
FFFF00,
FFFFFF,
FFFFFF,
FFFFFF,
FFFFFF,
FEFEFE,
FEFEFE,
FEFEFE,
FEFEFD,
FFFEFD,
FFFFFF,
FDF4F2,
7C6156,
5D3622,
5E001F,
42210D,
39000B,
3B1E0D,
341E11,
B7ADA4,
FFFFFF,
FFFFFD,
FFFFFF,
FFFEFF,
FFFDFF,
FEFEFF,
FEFEFE,
FEFEFE,
FEFEFE,
FFFFFF,
FFFFFF,
FFFFFF,
FFFFFF,
FF00FF,
FF00FF,
FFFFFF,
FFFFFF,
FFFFFF,
FFFFFF,
FFFFFF,
FFFFFF,
00FEFE,
FEFEFE,
FEFEFE,
FEFEFE,
FFFFFF,
FFFFFF,
FFFFFF,
FFFFFF,
FEFEFE,
FEFEFE,
FEFEFE,
FEFEFF,
FEFEFE,
FEFEFE,
FEFEFE,
FEFEFE,
FFFFFF,
FFFFFF,
FFFFFF,
FFFFFF,
FFFFFF,
FFFFFF,
FFFFFF,
FFFFFF,
FEFEFE,
FE00FE,
FEFEFE,
FEFE00,
FEFEFE,
FEFEFE,
FEFEFE,
FEFEFE,
FFFFFF,
FFFFFF,
FFFFFF,
FFFFFF,
FEFEFE,
FEFFFE,
FEFEFE,
FEFEFE,
FFFFFF,
FFFFFF,
FFFFFF,
FFFFFF,
FFFFFF,
FFFFFF,
FFFFFF,
FFFFFF,
FFFEFF,
FEFEFE,
FFFEFE,
FEFEFE,
FFFFFF,
FFFFFF,
FFFF00,
FFFFFF,
FEFEFE,
FEFEFE,
FEFEFE,
FEFEFE,
FFFFFF,
FFFFFF,
FFFFFF,
FFFFFF,
FFFFFF,
FFFFFF,
FFFFFF,
FFFFFF,
FFFF00,
FFFFFF,
FFFFFF,
FFFFFF,
FFFFFF,
FFFFFF,
FEFEFE,
FEFEFE,
FEFEFE,
FEFEFE,
FFFFFF,
FFFFFF,
FFFFFF,
FFFFFF,
FFFFFF,
FFFFFF,
FFFFFF,
FFFFFF,
FFFFFF,
FFFFFF,
FFFFFF,
FFFFFF,
FEFEFE,
FEFEFE,
FEFEFE,
FEFEFE,
FFFFFF,
FFFFFF,
FFFFFF,
FFFFFF,
FEFEFE,
FEFEFE,
FEFEFE,
FEFFFE,
FEFFFE,
FEFEFE,
FEFEFE,
FEFEFE,
FFFFFF,
FFFFFF,
FFFF00,
00FFFF,
FEFEFE,
FEFEFE,
FEFEFE,
FEFEFE,
FEFEFE,
FEFEFE,
FEFEFE,
FEFEFE,
FEFEFE,
FFFFFF,
FFFF00,
FFFFFF,
FFFFFF,
FFFFFF,
00FFFF,
FFFFFF,
FFFFFF,
FEFEFE,
FEFEFE,
FEFEFE,
FEFE00,
FFFFFF,
FFFFFF,
FFFFFF,
FFFFFF,
FEFEFE,
FEFEFE,
FEFEFE,
FEFEFE,
FEFEFE,
FEFEFE,
FEFEFE,
FEFEFE,
FEFEFE,
FEFEFE,
FEFEFE,
FEFEFE,
FFFFFF,
FFFFFF,
FFFFFF,
FFFFFF,
FEFEFE,
00FEFE,
FFFEFE,
FEFEFE,
00FEFE,
FEFEFE,
FEFEFE,
FEFEFE,
FFFEFE,
FEFEFE,
FEFEFE,
FEFEFE,
FFFFFF,
FFFFFF,
FFFFFF,
FFFFFF,
FEFF00,
FEFEFE,
FEFFFE,
FEFEFE,
FFFFFF,
FFFF00,
FFFFFF,
FFFFFF,
FFFFFF,
FFFFFF,
FFFFFF,
FFFF00,
FEFEFE,
FEFEFE,
FEFEFE,
FEFEFE,
FCFDFF,
FFFFFE,
AA9D93,
4F3423,
553420,
593726,
5F4134,
5B433A,
9D9490,
FFFFFF,
FDFDFD,
FDFDFD,
FEFFFF,
FEFFFF,
FDFFFF,
FCFFFF,
FEFFFF,
FFFFFF,
FFFFFF,
FFFFFF,
FFFFFF,
FFFFFF,
FFFFFF,
FFFFFF,
FFFFFF,
FFFFFF,
FFFFFF,
000000,
FFFFFF,
FFFFFF,
FFFFFF,
FFFFFF,
FFFFFF,
FFFFFF,
FFFFFF,
FFFFFF,
FFFFFF,
FEFEFE,
FEFEFE,
FEFEFE,
FEFEFD,
FEFEFD,
FFFFFF,
FEF6F4,
7F6459,
5E3723,
5F3820,
43220E,
3A1D0C,
3C1E0E,
341E10,
B4A9A0,
FFFFFF,
FFFFFD,
FFFFFF,
FFFEFF,
FFFDFF,
FEFEFE,
FEFEFE,
FEFEFE,
FEFEFE,
FFFFFF,
FFFFFF,
FFFFFF,
FFFFFF,
FFFFFF,
FFFFFF,
FFFFFF,
FFFFFF,
FFFFFF,
FFFFFF,
FFFFFF,
FFFFFF,
FEFEFE,
FEFEFE,
FEFEFE,
FEFEFE,
FFFFFF,
FFFFFF,
FFFFFF,
FFFFFF,
FEFEFE,
FEFEFE,
FEFEFE,
FEFEFE,
FEFEFE,
FEFEFE,
FEFFFE,
FEFE00,
FFFFFF,
FFFFFF,
FFFFFF,
FFFFFF,
FFFFFF,
FFFFFF,
FFFFFF,
FFFFFF,
FEFEFE,
FEFEFE,
FFFEFE,
FEFEFE,
FEFEFE,
FEFE00,
FEFEFE,
FEFEFE,
FFFFFF,
FFFFFF,
FFFFFF,
FFFFFF,
FEFEFE,
FEFEFE,
FEFEFE,
FEFEFE,
FFFFFF,
FFFFFF,
FFFFFF,
FFFFFF,
FFFFFF,
FFFFFF,
FFFFFF,
FFFFFF,
FEFEFE,
FEFEFE,
FEFEFE,
FEFE00,
FFFFFF,
FFFFFF,
FFFFFF,
FFFFFF,
FEFEFE,
FEFEFE,
FEFEFE,
FE00FE,
FFFFFF,
FFFFFF,
FFFFFF,
FFFFFF,
FFFFFF,
FFFFFF,
FFFFFF,
FFFFFF,
FFFFFF,
FFFFFF,
FFFFFF,
00FFFF,
FFFFFF,
FFFFFF,
FEFEFE,
FEFEFE,
FEFEFE,
FEFEFE,
FFFFFF,
FFFFFF,
FFFFFF,
FFFFFF,
FFFFFF,
FFFFFF,
FFFFFF,
FFFFFF,
00FFFF,
FFFFFF,
FFFFFF,
FFFFFF,
FEFEFE,
FEFEFE,
FEFEFE,
FEFEFE,
FFFFFF,
FFFFFF,
FFFFFF,
FFFFFF,
FEFEFE,
FEFEFE,
FEFEFE,
FEFEFE,
FEFEFE,
FEFEFF,
FEFEFE,
FEFEFE,
FFFFFF,
FF00FF,
FFFFFF,
FFFFFF,
FEFEFE,
FEFEFE,
FE00FE,
FEFEFE,
FEFEFE,
FEFEFE,
FEFEFE,
FEFEFE,
FEFFFE,
FFFFFF,
FFFFFF,
FFFFFF,
FFFFFF,
FFFFFF,
FFFFFF,
FFFFFF,
FFFF00,
FFFEFE,
FEFEFE,
FEFEFE,
FEFEFE,
FFFFFF,
FFFFFF,
FFFFFF,
FF00FF,
FEFEFE,
FEFEFE,
FEFEFE,
FEFEFE,
FEFEFE,
FEFEFE,
FEFEFE,
FEFEFF,
FEFEFE,
FEFEFE,
FEFEFE,
00FFFE,
FFFFFF,
FFFFFF,
FFFFFF,
FFFFFF,
FEFEFE,
FEFEFE,
FEFEFE,
FEFEFE,
FEFEFE,
FEFEFE,
FEFEFE,
FEFEFE,
FEFEFE,
FEFEFE,
FE00FE,
FEFEFE,
FFFFFF,
FFFFFF,
FFFFFF,
FFFFFF,
FEFEFE,
FEFEFE,
FEFEFE,
FEFEFE,
FFFFFF,
FFFFFF,
FFFFFF,
FFFFFF,
FFFFFF,
FFFFFF,
FFFFFF,
FFFFFF,
FEFEFE,
FEFEFE,
FEFEFE,
FEFEFE,
FDFEFF,
FFFFFE,
A1958B,
4B3120,
543420,
5635FF,
5E4033,
5C443B,
A19B97,
FF00FF,
FEFEFE,
FCFDFE,
FEFFFF,
FDFFFF,
FCFFFF,
FBFF00,
FDFFFF,
FFFFFF,
FFFFFF,
FFFFFF,
FF00FF,
FFFFFF,
FFFFFF,
FFFFFF,
FFFFFF,
FFFFFF,
FFFFFF,
FFFFFF,
FFFFFF,
FFFFFF,
FFFFFF,
FFFFFF,
FFFFFF,
FFFFFF,
FFFFFF,
FFFFFF,
FFFFFF,
FEFEFE,
FEFEFE,
FEFEFE,
FEFEFD,
FDFDFD,
FEFEFF,
FFF8F6,
82675C,
5E3723,
5F3820,
43220E,
391C0B,
3B1E0D,
341D10,
AFA49A,
FFFFFF,
00FFFD,
FFFFFF,
FF00FF,
FFFDFF,
FEFEFE,
FEFEFE,
FEFEFE,
FEFEFF,
FFFFFF,
FFFFFF,
FFFFFF,
FFFFFF,
FFFFFF,
FFFFFF,
FFFFFF,
FFFFFF,
FFFFFF,
FFFFFF,
FFFFFF,
FFFFFF,
FEFEFE,
FEFEFE,
FEFEFE,
FEFEFE,
FFFFFF,
FFFFFF,
FFFFFF,
FFFFFF,
FEFEFE,
FEFEFE,
FEFEFE,
FEFEFF,
FEFEFE,
FEFFFE,
FEFEFE,
FEFEFE,
FFFFFF,
FFFFFF,
FFFFFF,
FFFFFF,
FFFFFF,
FFFFFF,
FFFFFF,
FFFFFF,
FEFEFE,
FEFEFE,
FEFEFE,
FEFEFE,
FEFEFE,
FEFEFF,
FEFEFE,
FEFEFE,
FFFFFF,
FFFFFF,
FFFFFF,
FFFFFF,
FEFEFE,
FEFEFE,
FE00FE,
FEFEFE,
FFFFFF,
FFFFFF,
FFFFFF,
FFFFFF,
FFFFFF,
FFFFFF,
FFFFFF,
FFFFFF,
FFFEFE,
FEFEFE,
FEFEFE,
FFFEFE,
FFFFFF,
FFFFFF,
FFFFFF,
FFFFFF,
FEFEFE,
FEFEFE,
FEFEFE,
FEFEFE,
FFFFFF,
FFFFFF,
FF0000,
FFFFFF,
FFFFFF,
FFFFFF,
FFFFFF,
FFFFFF,
FFFFFF,
FFFFFF,
FFFFFF,
FFFFFF,
FFFFFF,
FFFFFF,
FFFFFF,
FFFFFF,
FFFFFF,
FFFFFF,
FFFFFF,
FFFFFF,
FF00FF,
FFFFFF,
FFFFFF,
FFFFFF,
FFFFFF,
FFFFFF,
FFFFFF,
FFFFFF,
FFFFFF,
FFFFFF,
FFFFFF,
FFFFFF,
FFFFFF,
FFFFFF,
FFFFFF,
FFFFFF,
FFFFFF,
FFFFFF,
FFFFFF,
FFFFFF,
FFFFFF,
FFFFFF,
FFFFFF,
FFFFFF,
FFFFFF,
FFFFFF,
FFFFFF,
FFFFFF,
FFFFFF,
FFFFFF,
FFFFFF,
FFFFFF,
FFFFFF,
FFFFFF,
FFFFFF,
FFFFFF,
FFFFFF,
FFFFFF,
FFFFFF,
FFFFFF,
FFFFFF,
FFFFFF,
FFFFFF,
FFFFFF,
FFFFFF,
FFFFFF,
FFFFFF,
FFFFFF,
FFFFFF,
FFFFFF,
FFFFFF,
FFFFFF,
FFFFFF,
FFFFFF,
FFFFFF,
FFFFFF,
FFFFFF,
FFFFFF,
FFFFFF,
FFFFFF,
FFFF00,
FFFFFF,
00FFFF,
FFFFFF,
FFFFFF,
FFFFFF,
FFFF00,
FFFFFF,
FFFFFF,
FFFFFF,
FFFFFF,
FFFFFF,
FFFFFF,
FFFFFF,
FFFFFF,
FFFFFF,
FFFFFF,
FFFFFF,
FFFFFF,
FFFFFF,
FFFFFF,
FFFFFF,
FFFFFF,
FFFFFF,
FFFFFF,
FFFFFF,
FFFFFF,
FFFFFF,
FFFFFF,
FFFFFF,
FFFFFF,
FFFFFF,
FFFFFF,
FFFFFF,
FFFFFF,
FFFFFF,
FF00FF,
FFFFFF,
FFFFFF,
FEFEFE,
FEFEFE,
FFFFFF,
FFFFFF,
FCFCFE,
FFFEFC,
9F9288,
472D1C,
543420,
563624,
5C3F31,
5B443A,
ABA4A1,
FFFFFF,
FEFDFD,
FCFDFD,
FEFEFF,
FDFF00,
FCFFFF,
FCFFFF,
FCFEFE,
FEFEFE,
FFFFFF,
FFFFFF,
FFFFFF,
FFFFFF,
FFFFFF,
FFFFFF,
FFFFFF,
FFFFFF,
FFFFFF,
00FFFF,
FFFFFF,
FFFFFF,
FFFFFF,
FFFFFF,
FFFFFF,
FFFFFF,
FFFFFF,
FFFFFF,
FFFFFF,
FFFFFF,
FFFFFF,
FFFFFF,
FFFFFE,
FDFD00,
FEFCFE,
FEF900,
866C61,
603824,
FF3922,
44230F,
391D0B,
3C1E0D,
341E11,
A99D94,
FFFFFF,
FFFFFE,
FFFFFF,
FFFEFF,
FFFEFF,
FFFFFF,
FFFFFF,
FFFFFF,
FFFFFF,
FFFFFF,
FFFFFF,
FFFFFF,
FFFFFF,
FFFFFF,
FFFFFF,
FFFFFF,
FFFFFF,
FFFFFF,
FFFFFF,
FFFFFF,
FFFFFF,
FFFFFF,
FFFFFF,
FFFFFF,
FFFFFF,
FFFFFF,
FFFFFF,
FFFFFF,
FFFFFF,
FFFFFF,
FFFFFF,
FFFFFF,
FFFFFF,
FFFFFF,
FFFFFF,
FFFFFF,
FF00FF,
FFFFFF,
FFFFFF,
FFFFFF,
FFFFFF,
FFFFFF,
FFFFFF,
FFFFFF,
FFFFFF,
FFFFFF,
FFFFFF,
FFFFFF,
FFFFFF,
FFFF00,
FFFFFF,
FFFFFF,
FFFFFF,
FFFFFF,
FFFFFF,
FFFFFF,
FFFFFF,
FFFFFF,
FFFFFF,
FFFFFF,
FFFFFF,
FFFFFF,
FFFFFF,
FFFFFF,
FF00FF,
FFFFFF,
FFFFFF,
FFFFFF,
FFFFFF,
FFFFFF,
FFFFFF,
FFFFFF,
FFFFFF,
FFFFFF,
FFFFFF,
FFFFFF,
FFFFFF,
00FFFF,
FFFFFF,
FFFFFF,
FFFFFF,
FFFFFF,
FFFFFF,
FFFFFF,
FFFFFF,
FFFF00,
00FFFF,
FFFFFF,
FFFFFF,
FFFFFF,
FFFFFF,
FFFFFF,
FFFFFF,
FFFFFF,
FFFFFF,
FFFFFF,
FFFFFF,
FFFFFF,
FFFFFF,
FFFFFF,
FFFFFF,
FFFFFF,
FFFFFF,
FFFFFF,
FFFFFF,
FFFFFF,
00FFFF,
FFFFFF,
FFFFFF,
FFFFFF,
FFFFFF,
FFFFFF,
FFFFFF,
FFFFFF,
FFFFFF,
FFFFFF,
FFFFFF,
FFFFFF,
FFFFFF,
00FFFF,
00FFFF,
00FFFF,
FFFFFF,
FFFFFF,
FFFFFF,
FFFFFF,
00FFFF,
FFFFFF,
FFFFFF,
FFFFFF,
FFFFFF,
FFFFFF,
FFFFFF,
FFFFFF,
FFFFFF,
FFFFFF,
FFFFFF,
FFFFFF,
FFFFFF,
FFFFFF,
FFFFFF,
FFFFFF,
FFFFFF,
FFFFFF,
FFFFFF,
FFFFFF,
FFFFFF,
FFFFFF,
FFFFFF,
FFFFFF,
FFFFFF,
FFFFFF,
FFFFFF,
FFFFFF,
FF00FF,
FFFFFF,
FFFFFF,
FFFFFF,
FFFFFF,
FFFFFF,
FFFFFF,
FFFFFF,
FFFFFF,
FFFFFF,
FFFFFF,
FFFFFF,
FFFFFF,
FFFFFF,
FFFFFF,
FFFFFF,
FFFFFF,
FFFFFF,
FFFFFF,
FFFFFF,
FFFFFF,
FFFFFF,
FFFFFF,
FFFFFF,
FFFFFF,
FFFFFF,
FFFFFF,
FFFFFF,
FFFFFF,
FFFFFF,
FFFFFF,
FFFFFF,
FFFFFF,
00FF00,
FFFFFF,
FFFFFF,
FFFFFF,
FFFFFF,
FFFFFF,
FFFFFF,
FFFFFF,
FFFFFF,
FFFFFF,
FFFFFF,
FFFFFF,
FFFFFF,
FEFE00,
FEFEFE,
FFFFFF,
FFFFFF,
FFFDFF,
FFFFFE,
98897F,
442A18,
563622,
573826,
5B4032,
5A463B,
B1AAA5,
FFFFFE,
FD00FB,
FDFDFC,
FEFEFE,
FDFEFE,
FDFEFE,
FDFEFE,
FEFFFF,
FFFFFF,
FFFFFF,
FEFEFE,
FFFFFF,
FFFFFF,
FFFFFF,
FFFFFF,
FFFFFF,
FFFFFF,
FF00FF,
FF00FF,
FFFFFF,
FFFFFF,
FFFFFF,
FFFFFF,
FFFFFF,
FFFFFF,
FFFFFF,
FFFF00,
FF00FF,
FFFFFF,
FFFFFF,
FFFFFF,
FFFFFE,
FDFDFC,
FFFDFE,
FFFFF9,
8C7267,
5F3824,
623A22,
FF2310,
FF1D0C,
3C1F0E,
341E11,
A3978E,
FFFFFF,
FFFFFF,
FFFFFF,
FFFEFF,
FFFEFF,
FFFFFF,
FFFFFF,
FFFFFF,
FFFFFF,
FFFFFF,
FFFFFF,
FFFFFF,
FFFFFF,
FFFFFF,
FFFFFF,
FFFFFF,
FFFFFF,
FFFFFF,
FFFFFF,
FFFFFF,
FFFFFF,
FFFFFF,
FFFFFF,
FFFFFF,
FFFFFF,
FFFFFF,
FFFFFF,
FFFFFF,
FFFFFF,
FFFFFF,
FFFFFF,
FFFF00,
FFFFFF,
FFFFFF,
FFFFFF,
FFFFFF,
FFFFFF,
FFFFFF,
FFFFFF,
FFFFFF,
FFFFFF,
00FFFF,
FFFFFF,
FFFFFF,
FFFFFF,
FFFFFF,
FFFFFF,
FFFFFF,
FFFFFF,
FFFFFF,
FFFFFF,
FFFFFF,
FFFFFF,
FFFFFF,
FFFFFF,
FFFFFF,
FFFFFF,
FFFFFF,
FFFFFF,
FFFFFF,
FFFFFF,
FFFFFF,
FFFFFF,
FFFFFF,
FFFFFF,
FFFFFF,
FFFFFF,
FFFFFF,
FFFFFF,
FFFFFF,
FFFFFF,
FFFFFF,
FFFFFF,
FFFFFF,
FFFFFF,
FFFFFF,
FFFFFF,
FFFFFF,
FFFFFF,
FFFFFF,
FFFFFF,
FFFFFF,
FFFFFF,
FFFFFF,
FFFFFF,
FFFFFF,
FFFFFF,
FFFFFF,
FFFFFF,
FFFFFF,
FFFFFF,
FFFFFF,
FFFFFF,
FFFFFF,
FFFFFF,
FFFFFF,
FFFFFF,
FFFFFF,
FFFFFF,
FFFFFF,
FFFFFF,
FFFFFF,
FFFFFF,
FFFFFF,
FFFFFF,
FFFFFF,
FFFFFF,
FFFFFF,
FFFFFF,
FFFFFF,
00FFFF,
FFFFFF,
FFFFFF,
FFFFFF,
FFFFFF,
FFFFFF,
FFFFFF,
FFFFFF,
FFFFFF,
FFFFFF,
FFFFFF,
FFFFFF,
FFFFFF,
FFFFFF,
FFFFFF,
FFFFFF,
FFFFFF,
FFFFFF,
FFFFFF,
FF00FF,
FFFFFF,
FFFFFF,
FFFFFF,
FFFFFF,
FFFFFF,
FFFFFF,
FFFFFF,
FFFFFF,
FFFFFF,
FFFFFF,
FFFFFF,
FFFFFF,
FFFFFF,
FFFF00,
FF00FF,
FFFFFF,
FFFFFF,
FFFFFF,
FFFFFF,
FFFFFF,
FFFFFF,
FFFFFF,
FFFFFF,
FFFF00,
FFFFFF,
FFFFFF,
FFFFFF,
FFFFFF,
FFFFFF,
FFFFFF,
FFFFFF,
FFFFFF,
FFFFFF,
FFFFFF,
FFFFFF,
FFFFFF,
FFFFFF,
FFFFFF,
FFFFFF,
FFFFFF,
FFFFFF,
FFFFFF,
FFFFFF,
FFFFFF,
FFFFFF,
FFFFFF,
FFFFFF,
FFFFFF,
FFFFFF,
FFFFFF,
FFFFFF,
FF00FF,
FFFFFF,
FFFFFF,
FFFFFF,
FFFFFF,
FFFFFF,
FFFFFF,
FFFFFF,
FFFFFF,
FFFFFF,
FFFFFF,
FFFFFF,
FFFFFF,
FFFFFF,
FFFFFF,
FEFEFE,
FEFEFE,
FEFEFE,
FEFEFE,
FFFFFF,
FFFFFF,
FEFEFE,
FEFEFE,
FEFBFE,
FFFFFE,
96867D,
482E1C,
FF3723,
593A28,
5A4131,
59473C,
B5ADA6,
FFFFFE,
FFFAF7,
FEFCF9,
FEFCFA,
FEFEFF,
FEFEFF,
FEFEFE,
FDFDFD,
FDFFFD,
FEFEFE,
FEFEFE,
FEFEFE,
FEFE00,
FEFEFE,
FEFEFE,
FFFFFF,
FFFFFF,
FFFFFF,
FFFFFF,
FFFFFF,
FFFFFF,
FFFFFF,
FFFFFF,
FFFFFF,
FFFFFF,
FFFFFF,
FFFFFF,
FF00FF,
FFFFFF,
FFFFFF,
FFFFFF,
FEFEFD,
FEFEFC,
FFFFFF,
00FBF9,
92786D,
003824,
623A23,
460011,
3A1E0C,
3C1F0E,
341E10,
9F938A,
FFFFFF,
FFFFFD,
FFFFFF,
FFFEFF,
FFFEFF,
FFFFFF,
FFFFFF,
FFFFFF,
FFFF00,
FFFFFF,
FFFFFF,
FFFFFF,
FFFFFF,
FFFFFF,
FFFFFF,
FFFFFF,
FFFFFF,
FFFFFF,
FFFFFF,
FFFFFF,
FFFFFF,
FFFFFF,
FFFFFF,
FFFFFF,
FFFFFF,
FFFFFF,
FFFFFF,
FFFFFF,
FFFFFF,
FFFF00,
FFFFFF,
FFFFFF,
FFFFFF,
FFFFFF,
FFFFFF,
00FFFF,
FFFFFF,
FFFFFF,
FFFFFF,
FFFFFF,
FFFFFF,
FFFFFF,
FFFFFF,
FFFFFF,
FFFFFF,
FFFFFF,
FFFFFF,
FFFFFF,
FFFFFF,
FFFFFF,
FFFFFF,
FFFFFF,
FFFFFF,
FFFF00,
FFFFFF,
00FFFF,
FFFFFF,
FFFFFF,
FFFFFF,
FFFFFF,
FFFFFF,
FFFFFF,
FFFFFF,
FFFFFF,
FFFFFF,
FFFFFF,
FFFFFF,
FFFFFF,
FFFFFF,
FFFFFF,
FFFFFF,
FFFFFF,
FFFFFF,
FFFFFF,
FFFFFF,
FF00FF,
FFFFFF,
FFFFFF,
FFFFFF,
FFFFFF,
FFFFFF,
FFFFFF,
FFFFFF,
FFFFFF,
FFFFFF,
FFFFFF,
FFFFFF,
FFFFFF,
FFFFFF,
FFFFFF,
FFFFFF,
FFFFFF,
FFFF00,
FFFFFF,
FFFFFF,
FFFFFF,
FFFFFF,
FFFFFF,
FFFFFF,
FFFFFF,
FFFFFF,
FFFFFF,
FFFFFF,
FFFFFF,
FFFFFF,
FFFFFF,
FFFFFF,
FFFFFF,
FFFFFF,
FFFFFF,
FFFFFF,
FFFFFF,
FFFFFF,
FFFFFF,
FFFFFF,
FFFFFF,
FFFFFF,
FFFFFF,
FFFFFF,
FFFFFF,
FFFFFF,
FFFFFF,
FFFFFF,
FFFFFF,
FFFFFF,
FFFFFF,
FFFFFF,
FFFFFF,
FFFFFF,
FFFFFF,
FFFFFF,
FFFFFF,
FFFFFF,
FFFFFF,
FFFF00,
FFFFFF,
FFFFFF,
FFFFFF,
FFFFFF,
FFFFFF,
FFFFFF,
FFFFFF,
FFFFFF,
FFFFFF,
FFFFFF,
FFFFFF,
FFFFFF,
FFFFFF,
FFFFFF,
FFFFFF,
FFFFFF,
FFFFFF,
FFFFFF,
FFFFFF,
FFFFFF,
FFFFFF,
FFFFFF,
FFFFFF,
FFFFFF,
FFFFFF,
FFFFFF,
FFFFFF,
FFFFFF,
00FFFF,
FFFFFF,
FFFFFF,
FFFFFF,
FFFFFF,
FFFFFF,
FFFFFF,
FFFFFF,
FFFFFF,
FFFFFF,
FFFFFF,
FFFFFF,
FFFFFF,
FFFFFF,
FFFFFF,
FFFFFF,
FFFFFF,
FFFFFF,
FF00FF,
FFFFFF,
FFFFFF,
FFFFFF,
FFFFFF,
FFFFFF,
FFFFFF,
FFFFFF,
FFFFFF,
FFFFFF,
00FFFF,
FFFFFF,
FFFFFF,
FF00FF,
FFFFFF,
FEFEFE,
FEFEFE,
FEFEFE,
FEFEFE,
FE00FE,
FEFEFE,
FEFFFE,
FFFFFF,
FEFDFE,
FFFFFE,
8F7E75,
432917,
4D2D19,
00321F,
543D2E,
564539,
BCB2AB,
FFFFFC,
FFFFF9,
FFFFFB,
FFFDFA,
FFFEFB,
FFFFFD,
FFFFFC,
FEFE00,
FDFDFD,
FEFEFE,
FEFEFE,
FEFEFE,
FEFEFE,
FE00FE,
FEFEFE,
FFFFFF,
FFFFFF,
FFFFFF,
FFFFFF,
FFFFFF,
FFFFFF,
FFFFFF,
FFFFFF,
FFFFFF,
FFFFFF,
FFFFFF,
FF00FF,
FFFFFF,
FFFFFF,
FFFFFF,
FFFFFF,
FEFEFD,
FFFFFD,
FFFEFF,
FFF9F7,
9A8074,
5F3824,
623A23,
462511,
3B1E0D,
3D200F,
331D00,
978C82,
FFFFFF,
FFFFFD,
FFFFFF,
FFFEFF,
FFFEFF,
FFFFFF,
FFFFFF,
FFFFFF,
FFFFFF,
FFFFFF,
FFFFFF,
FFFFFF,
FFFFFF,
FFFF00,
FFFFFF,
FFFFFF,
FFFFFF,
FFFFFF,
FFFFFF,
FFFFFF,
FFFFFF,
FFFFFF,
FFFF00,
FFFFFF,
FFFFFF,
FFFFFF,
FFFFFF,
FFFFFF,
FFFFFF,
00FF00,
FFFFFF,
FFFFFF,
FFFFFF,
FFFFFF,
FFFFFF,
FFFFFF,
FFFFFF,
FFFFFF,
FFFFFF,
FFFFFF,
FFFFFF,
FFFF00,
FFFFFF,
FFFFFF,
FFFFFF,
FFFFFF,
FFFFFF,
FFFFFF,
FFFFFF,
FFFFFF,
FFFFFF,
FFFFFF,
FFFFFF,
FFFFFF,
FFFFFF,
FFFFFF,
FFFFFF,
00FFFF,
FFFFFF,
FFFFFF,
FFFFFF,
FFFF00,
FFFFFF,
FFFFFF,
FFFFFF,
FFFF00,
FFFFFF,
FF00FF,
FFFFFF,
FFFFFF,
FFFFFF,
FFFFFF,
FFFFFF,
FFFFFF,
00FFFF,
FFFFFF,
FFFFFF,
FFFFFF,
FFFFFF,
FFFFFF,
FFFFFF,
FFFFFF,
FFFFFF,
FFFFFF,
FFFFFF,
FFFFFF,
FFFFFF,
FFFFFF,
FFFFFF,
00FFFF,
FFFFFF,
FFFFFF,
FFFFFF,
FFFFFF,
FFFFFF,
FFFFFF,
FFFFFF,
FFFFFF,
FFFFFF,
FFFFFF,
FFFFFF,
00FFFF,
FFFFFF,
FFFFFF,
00FFFF,
FFFFFF,
FFFFFF,
FFFFFF,
FFFFFF,
FFFFFF,
FFFFFF,
FFFFFF,
FFFFFF,
FFFFFF,
FFFFFF,
FFFFFF,
FFFFFF,
FFFFFF,
FFFFFF,
FFFFFF,
FFFFFF,
FFFFFF,
FFFFFF,
FFFFFF,
FFFFFF,
FFFFFF,
FFFFFF,
FFFFFF,
FFFFFF,
FFFFFF,
FFFFFF,
00FFFF,
FFFFFF,
FFFF00,
FFFFFF,
FFFFFF,
FFFFFF,
FFFFFF,
FFFFFF,
00FFFF,
FFFFFF,
00FFFF,
00FFFF,
FFFFFF,
FFFFFF,
FFFFFF,
FFFFFF,
FFFFFF,
FFFFFF,
FFFFFF,
FFFFFF,
FFFFFF,
FFFFFF,
FFFFFF,
FFFFFF,
FFFFFF,
FFFFFF,
FFFFFF,
FFFFFF,
FFFFFF,
FFFFFF,
FFFFFF,
FFFFFF,
FFFFFF,
FFFFFF,
FFFFFF,
FFFFFF,
FFFFFF,
FFFFFF,
FFFFFF,
FFFFFF,
FFFFFF,
FFFFFF,
FFFFFF,
FFFFFF,
FFFFFF,
FFFFFF,
FFFFFF,
FFFFFF,
FFFFFF,
FFFFFF,
FFFFFF,
FFFFFF,
FFFFFF,
FFFFFF,
FFFFFF,
FFFFFF,
FFFFFF,
FFFFFF,
FFFFFF,
FFFFFF,
FFFFFF,
FFFFFF,
FFFFFF,
FFFFFF,
FFFFFF,
FDFDFD,
FDFDFE,
FDFEFE,
FEFEFE,
FFFFFF,
FFFFFF,
FDFDFD,
FBFBFC,
F9F8FC,
FEF8F7,
A6008B,
785D4C,
8F705B,
967865,
9B8474,
9C8B7F,
C8BDB4,
EBE3DB,
EEE7E0,
EFEBE4,
F8F2ED,
FDF7F3,
FDFAF7,
FFFCF9,
FEFDFB,
FDFDFE,
FEFFFF,
FFFFFF,
FFFFFF,
FEFEFE,
FEFEFE,
FEFEFE,
FEFFFF,
FFFFFF,
FF00FF,
FFFFFF,
FFFFFF,
FFFFFF,
FFFFFF,
FFFFFF,
FFFFFF,
FFFF00,
FFFFFF,
FFFFFF,
FFFFFF,
FFFFFF,
FFFFFF,
FFFFFF,
FFFEFD,
FFFEFE,
FEFDFF,
FFFCFA,
A58B80,
5F3723,
633B24,
482713,
3C200E,
3E200F,
331D10,
91867C,
FFFFFF,
FFFFFD,
FF00FF,
FFFEFF,
FFFEFF,
FFFFFF,
FFFFFF,
FFFFFF,
FFFFFF,
FFFFFF,
FFFFFF,
FFFFFF,
FFFFFF,
FFFFFF,
FFFFFF,
00FFFF,
FFFFFF,
FFFFFF,
FFFFFF,
FFFFFF,
FFFFFF,
FFFFFF,
FFFFFF,
FFFFFF,
FFFFFF,
FFFFFF,
FFFFFF,
FFFFFF,
FFFFFF,
00FFFF,
00FFFF,
FFFFFF,
FFFFFF,
FFFFFF,
FFFFFF,
FFFFFF,
FFFFFF,
FFFFFF,
FFFFFF,
FFFFFF,
FFFFFF,
FFFFFF,
FFFFFF,
FFFFFF,
FFFFFF,
FFFFFF,
FFFF00,
FFFF00,
FFFFFF,
FFFFFF,
FFFFFF,
FFFFFF,
FFFFFF,
FFFFFF,
FFFFFF,
FFFFFF,
FFFFFF,
FFFFFF,
FFFFFF,
FFFFFF,
FFFFFF,
FFFFFF,
FFFFFF,
FFFFFF,
FFFFFF,
FFFFFF,
FFFFFF,
FFFFFF,
FFFFFF,
FFFFFF,
FFFFFF,
FFFFFF,
FFFFFF,
FFFFFF,
FFFFFF,
FFFFFF,
FFFFFF,
FFFFFF,
FFFFFF,
FFFFFF,
FFFFFF,
FFFFFF,
FFFFFF,
FFFFFF,
FFFFFF,
FFFFFF,
FF00FF,
FFFFFF,
FFFFFF,
FFFFFF,
FFFFFF,
FFFFFF,
FFFFFF,
FFFFFF,
FFFFFF,
FFFFFF,
FFFFFF,
FFFFFF,
FFFFFF,
FFFFFF,
FFFFFF,
FFFFFF,
FFFFFF,
FFFFFF,
FFFFFF,
FFFFFF,
FFFFFF,
FFFFFF,
FFFFFF,
FFFFFF,
FFFFFF,
FFFFFF,
FFFFFF,
FFFFFF,
FFFFFF,
FFFFFF,
FFFFFF,
FFFFFF,
FFFFFF,
FFFFFF,
FFFFFF,
FFFFFF,
FFFFFF,
FFFFFF,
FFFFFF,
FFFFFF,
FFFFFF,
FFFFFF,
FFFFFF,
FFFFFF,
FFFFFF,
FFFFFF,
FFFFFF,
FFFFFF,
FFFFFF,
FFFFFF,
FFFFFF,
FFFFFF,
FFFFFF,
FFFFFF,
FFFFFF,
FFFFFF,
FFFFFF,
FFFFFF,
FFFFFF,
FFFFFF,
FFFFFF,
FFFFFF,
FFFFFF,
FFFFFF,
FFFFFF,
FFFFFF,
FFFFFF,
FFFFFF,
FFFFFF,
FFFFFF,
FF00FF,
FFFFFF,
FFFFFF,
FF00FF,
FFFFFF,
FFFFFF,
FFFFFF,
FFFFFF,
FFFFFF,
00FFFF,
FFFFFF,
FFFFFE,
FFFFFE,
FFFFFD,
FFFFFD,
FFFFFD,
FFFF00,
FFFFFE,
FFFFFE,
FFFFFE,
FFFFFF,
FFFFFF,
FEFFFF,
FEFFFF,
00FFFF,
FEFFFF,
FEFFFF,
FFFFFF,
FFFFFF,
FFFFFF,
FFFFFF,
FFFFFE,
FFFEFF,
FFFEFF,
FFFFFF,
FFFFFF,
FFFFFF,
00FFFF,
FFFFFF,
FFFFFF,
FFFDF9,
FFFBF7,
FCF8F4,
FAF5F2,
F4EFEB,
EEE9E5,
E5E0DC,
DFDAD6,
DCD4D2,
DACDC8,
D5C4B7,
D5BDAC,
DABFAB,
FFFFAE,
00C3B3,
D4C3B5,
D1C2B7,
CEC1B6,
D0C2B8,
D3C6BC,
D6CBC1,
D8CDC3,
DBD0C9,
DED4CD,
E0DA00,
E5DFDA,
EBE5E1,
F1EBE6,
F6F1EC,
00F5EF,
FAF6F1,
FBF700,
FDFBF7,
FFFEFB,
FFFFFD,
FFFF00,
FFFFFF,
FFFFFF,
FFFFFF,
FFFFFF,
FFFFFE,
FEFFFD,
FEFFFD,
FDFEFE,
FEFEFE,
FEFFFF,
FFFFFF,
FFFFFF,
FDFFFE,
FEFFFF,
FEFDFF,
FFFFFD,
AC968C,
593726,
5F3A25,
492712,
3D1F0C,
3E200F,
331D0F,
8E8178,
FFFFFF,
FFFFFD,
FFFFFF,
FFFEFF,
FFFEFF,
FFFFFF,
FFFFFF,
FFFFFF,
FFFFFF,
FFFFFF,
FFFFFF,
FFFFFF,
FFFFFF,
FFFFFF,
FFFFFF,
FFFFFF,
FFFFFF,
FFFFFF,
FFFFFF,
00FFFF,
FFFFFF,
FFFFFF,
FFFFFF,
FFFFFF,
FFFFFF,
FFFFFF,
00FFFF,
FFFFFF,
FFFFFF,
FFFFFF,
FFFFFF,
FFFFFF,
FFFFFF,
FFFFFF,
FFFFFF,
FFFFFF,
FFFFFF,
FFFFFF,
FFFFFF,
FFFFFF,
FF00FF,
FFFFFF,
FFFFFF,
FFFFFF,
FFFFFF,
FFFFFF,
FFFFFF,
FFFFFF,
FFFFFF,
FF00FF,
FFFFFF,
FFFFFF,
FFFFFF,
FFFFFF,
FFFFFF,
FFFFFF,
FFFFFF,
FFFFFF,
FFFFFF,
FFFFFF,
FFFFFF,
FFFFFF,
FFFFFF,
FFFFFF,
FFFFFF,
FFFFFF,
FFFFFF,
FFFFFF,
FFFFFF,
FFFFFF,
FFFFFF,
FFFFFF,
FFFFFF,
FFFFFF,
FFFFFF,
FFFFFF,
FFFFFF,
FFFFFF,
FFFFFF,
FFFFFF,
FFFFFF,
FFFFFF,
FFFFFF,
FFFFFF,
FFFFFF,
FFFFFF,
FFFFFF,
FFFFFF,
FFFF00,
FFFFFF,
FFFFFF,
FEFEFE,
FEFEFE,
FEFEFE,
FEFE00,
00FEFF,
FEFEFE,
FEFEFE,
FEFEFE,
FFFF00,
FFFFFF,
FFFFFF,
FFFFFF,
FEFEFE,
FE00FE,
FEFEFE,
FEFEFE,
FFFFFF,
FFFFFF,
FFFFFF,
FFFFFF,
FFFEFE,
FE00FE,
FEFEFE,
FEFEFE,
FFFFFF,
FFFFFF,
FFFFFF,
FFFFFF,
FEFEFE,
FEFEFE,
FEFEFE,
FEFEFE,
00FFFE,
FEFEFE,
FEFEFE,
FEFEFE,
FEFEFE,
FEFEFE,
FEFEFE,
FEFEFE,
FEFFFF,
FEFEFE,
FEFEFE,
FEFEFE,
FEFEFE,
FEFEFE,
FEFEFE,
FEFEFE,
FEFEFE,
FFFF00,
FFFFFF,
FFFFFF,
FFFFFF,
FFFFFF,
FFFFFF,
FFFFFF,
FFFFFF,
FEFEFE,
FEFEFE,
FEFEFE,
FEFEFE,
FFFFFF,
FFFF00,
FFFFFF,
FFFFFF,
FEFEFE,
FEFEFE,
FEFEFE,
FEFEFE,
FEFEFE,
FEFEFE,
FEFEFE,
FEFEFE,
FEFEFE,
FEFEFE,
FEFEFE,
00FE00,
FF00FB,
FFFEFB,
FFFEFA,
FFFEFB,
FFFEFA,
FFFEFA,
FEFF00,
FDFEFB,
FCFEFC,
FEFFFF,
FDFFFE,
FBFEFD,
FB00FF,
FCFFFF,
FCFFFF,
FDFEFF,
FCFDFC,
FDFEFE,
FFFFFC,
FEFEFB,
FFFEFD,
FFFEFE,
FFFDFE,
FFFCFC,
FDFAFA,
F9F6F5,
F2EFF0,
EEE9E9,
ECE1D8,
E9DACE,
E1D2C7,
DACBC0,
D8C9BE,
D8C9BE,
D8C9BD,
D7C8BC,
DACBBC,
DC00BB,
DECDBC,
FFCDBB,
DDCAB8,
DBFFB6,
D8C7B5,
D7C6B4,
D9C7B8,
D8C5B6,
D6C3B5,
D6C4B5,
D6C4B6,
D6C4B6,
D5C3B5,
D5C3B5,
D5C4B6,
D5C6B7,
D6C6B8,
D6C7B8,
D8C8BA,
DC00BE,
E2D2C4,
E7D7C9,
E7DCD0,
E5DE00,
E7E0D9,
E9E4DE,
EBE8E4,
EFEDE9,
F2F2F0,
F7F7FF,
FAFBF6,
FCFEF7,
00FFFF,
FDFFFB,
00FFFC,
FFFFFE,
FEFFFF,
FCFEFF,
FCFFFF,
FAFDFE,
FBFBFB,
FFFFFC,
B4A39B,
4F372B,
543625,
4B2815,
3F1D09,
3E1F0D,
351C0D,
87FF6E,
FFFFFD,
FFFDFB,
FFFDFE,
FEFEFE,
FDFFFE,
FEFEFE,
FEFEFE,
FEFEFE,
FEFEFE,
FFFFFF,
FFFFFF,
FFFFFF,
FFFFFF,
FFFFFF,
FFFFFF,
FFFFFF,
FFFFFF,
FEFEFE,
FEFE00,
FEFE00,
FEFEFE,
FEFEFE,
FEFEFE,
FEFEFE,
FEFEFE,
FFFFFF,
FFFFFF,
FFFFFF,
FFFFFF,
FFFFFF,
FFFFFF,
FFFFFF,
00FFFF,
FFFFFF,
FFFFFF,
FFFFFF,
FFFFFF,
FEFEFE,
FEFEFE,
00FEFE,
FEFEFE,
FEFEFE,
FEFEFE,
FEFEFE,
FEFEFE,
FEFEFE,
FEFEFE,
FEFEFE,
FEFEFF,
FFFFFF,
FFFFFF,
00FFFF,
FFFFFF,
FFFFFF,
FFFFFF,
FFFFFF,
FFFFFF,
FEFEFE,
FEFE00,
FEFEFE,
FEFEFE,
FFFFFF,
FFFFFF,
FFFFFF,
FFFFFF,
FEFEFE,
FEFEFE,
FEFEFE,
FEFEFE,
FEFEFE,
FEFEFF,
FEFEFE,
FEFEFE,
00FFFF,
FFFFFF,
FFFFFF,
FFFFFF,
FEFEFE,
FEFEFE,
FEFEFE,
FEFEFE,
FFFFFF,
FFFFFF,
FFFFFF,
FFFFFF,
FFFFFF,
FFFFFF,
FFFFFF,
FFFFFF,
FFFFFF,
FFFFFF,
FFFEFE,
FEFEFE,
FEFEFE,
FEFEFE,
FEFEFE,
FEFEFE,
FEFEFE,
FFFEFE,
FF00FF,
FFFFFF,
FFFFFF,
FFFFFF,
FEFEFE,
FEFEFE,
FEFEFE,
FEFEFE,
FFFFFF,
FFFFFF,
FFFFFF,
FFFFFF,
FEFEFE,
00FEFE,
FEFEFE,
FEFE00,
FFFFFF,
FFFFFF,
FFFFFF,
FFFFFF,
FEFEFE,
FEFEFE,
FEFEFE,
FEFEFE,
FEFEFE,
FEFEFE,
FEFEFE,
FEFEFE,
FEFEFE,
FEFEFE,
FEFE00,
FEFEFE,
FEFEFE,
FEFEFE,
FEFEFE,
FEFEFE,
FEFEFE,
FEFEFE,
FEFEFE,
FEFEFE,
FEFEFE,
FFFFFF,
FFFFFF,
FFFFFF,
FFFFFF,
FFFFFF,
FF00FF,
FFFF00,
FFFFFF,
FEFEFE,
FEFEFE,
FEFEFE,
FEFEFE,
FFFFFF,
FFFFFF,
FFFFFF,
FFFFFF,
FEFEFE,
FEFEFE,
FEFEFE,
FEFEFE,
FEFEFE,
FEFEFE,
FEFEFE,
FEFEFE,
FEFEFE,
FEFEFE,
FEFEFE,
00FEFC,
FFFF00,
FFFFFC,
FFFEFC,
FFFFFD,
FEFEFC,
FEFEFC,
FEFEFF,
FEFEFC,
00FFFD,
FEFEFC,
FEFEFC,
FEFFFD,
00FEFD,
FDFEFE,
FDFFFD,
FEFEFD,
FFFFFD,
FFFFFC,
FFFEFA,
FDFAF6,
F8F3EC,
F4EFE7,
EEE8E1,
E9E400,
E1DBD3,
DCD5CE,
D6D1C9,
D2CBC4,
D8C9BD,
DAC9BA,
DACABB,
DBCBBC,
DACABB,
D9C8BA,
D8C8B9,
D7C7B8,
DAC9B8,
DBCA00,
DBCAB8,
DAC9B8,
D9C9B7,
D8C7B6,
D8C7B5,
D8C7B5,
DAC8B8,
DCC9BA,
DDCABB,
DDCABB,
00C9BA,
DBC8B9,
D9C6B7,
D7C4B5,
D6C4B4,
D5C4B4,
D5C4B4,
D4C3B3,
D5C4B4,
D7C5B5,
D8C7B6,
D9C8B8,
D9C9B9,
D6C8BA,
D4C6BA,
00C6BA,
D3C9BE,
D5CCC3,
D7CFC6,
D9D2CA,
D8D3C8,
D9D5C7,
DFDBCE,
E5E0D5,
ECE7DD,
F2EDFF,
F7F1EC,
FBF6F2,
FCFAF7,
00FEFD,
FFFEFB,
FFFFFC,
BFAFA5,
4B3326,
523524,
4CFF17,
401E0A,
40210E,
361D0E,
837168,
FFFFFB,
FFFDFC,
FFFDFE,
FEFEFE,
FDFFFE,
FEFEFE,
FEFEFE,
FEFEFE,
FEFEFE,
FFFFFF,
FFFFFF,
FFFFFF,
FFFF00,
00FFFF,
FFFFFF,
FFFFFF,
FFFFFF,
FEFEFE,
00FEFE,
FEFEFE,
FEFEFE,
FEFEFE,
FEFEFE,
FEFEFE,
FEFEFE,
FFFFFF,
FFFFFF,
FFFFFF,
FFFFFF,
FFFFFF,
FFFFFF,
FF00FF,
FFFFFF,
FFFFFF,
FFFFFF,
FFFFFF,
FFFFFF,
FEFEFE,
FEFEFE,
FEFEFE,
FEFEFE,
FEFEFE,
FEFEFE,
FEFEFE,
FEFEFE,
FEFEFE,
FEFEFE,
FEFEFE,
FEFEFE,
FFFFFF,
FFFFFF,
FFFFFF,
FFFFFF,
FFFFFF,
FFFFFF,
FFFFFF,
FFFFFF,
FEFEFE,
FEFEFE,
FEFEFE,
FEFEFE,
FFFFFF,
FFFFFF,
FFFFFF,
FFFFFF,
FEFEFE,
FEFE00,
FEFEFE,
FEFEFE,
FEFEFE,
FEFEFF,
00FEFE,
FEFEFE,
FFFFFF,
FFFF00,
FFFFFF,
FFFFFF,
FEFEFE,
FEFEFE,
FEFEFE,
FEFEFE,
FFFFFF,
FFFFFF,
FFFFFF,
FFFFFF,
FFFFFF,
FFFFFF,
FFFFFF,
FFFFFF,
FFFFFF,
FFFFFF,
FEFEFF,
FEFEFE,
FEFEFE,
FEFEFE,
FEFEFE,
FEFEFE,
FEFEFE,
FEFFFE,
FFFFFF,
FFFFFF,
FFFFFF,
FFFFFF,
FEFEFE,
00FEFE,
FEFEFE,
FEFEFE,
FFFFFF,
FFFFFF,
FFFFFF,
FFFFFF,
FEFEFE,
FEFEFE,
FEFEFE,
FEFEFE,
FFFFFF,
FFFFFF,
FFFFFF,
FFFFFF,
FF00FE,
FEFEFE,
FEFEFE,
FEFEFE,
FEFEFE,
FEFEFE,
FEFEFE,
FEFEFE,
FEFEFE,
FEFEFE,
FEFEFE,
FEFEFE,
FFFEFE,
FEFEFE,
FEFEFE,
FEFEFE,
FEFEFE,
FEFEFE,
FEFEFE,
FEFEFE,
FEFEFE,
FFFFFF,
FFFFFF,
FFFFFF,
FFFFFF,
FFFFFF,
FFFFFF,
FFFFFF,
FFFFFF,
FEFEFE,
FEFEFE,
FEFEFE,
FEFEFE,
FF00FF,
FFFFFF,
FFFFFF,
FFFFFF,
FEFEFE,
FEFEFE,
FEFFFE,
FEFEFE,
FEFEFE,
FEFEFE,
FEFEFE,
FEFEFE,
FFFEFD,
FEFEFE,
FEFEFE,
FFFEFD,
FFFFFE,
FFFFFF,
FFFFFF,
FFFFFF,
FDFFFE,
FEFEFE,
FFFDFD,
FFFEFC,
FFFDFB,
FDF8F6,
FEF9F6,
FFFEFB,
FFFFFC,
FFFFFC,
FFFDF8,
FDFBF5,
F5F3EC,
F1ECE6,
EAE4DC,
E4DED5,
DDD6C7,
DBD3C2,
D7CFBF,
FFCCBC,
D5CDBC,
D5CDBD,
D6CEBE,
FFCEBE,
DDCE00,
DDCDBE,
DCCCBC,
DBCBBB,
DACABA,
D9C9BA,
D9C9B9,
FFC8B8,
D8FFB5,
D6C5B2,
D3C2AF,
D1C0AD,
D1C1AD,
D2C1AE,
D2C1AE,
D3C2AF,
D4C1B1,
D7C4B5,
DAC7B8,
D9C6B7,
D9C6B7,
D800B6,
D8C5B6,
D7C4B6,
D7C5B5,
D500B5,
D4C3B3,
D3C2B2,
00C4B4,
D6C6B6,
D7C6B6,
D7C6B6,
FFC4B2,
D8C2AE,
D7C3B0,
D9C5B3,
D8C6B4,
D5C4B5,
D3C4B5,
D2C3B4,
FFC4B3,
D4C5FF,
D4C5B3,
D4C6B3,
D4C500,
D4C6B6,
D7C9BB,
DA00BE,
DCD0C6,
E7DFD8,
F3EBE1,
FFFCF2,
C9BCAF,
482E1F,
4E001E,
4D2D19,
3F1E0A,
FF1F0C,
001D0F,
7B6960,
FFFEF9,
FFFEFC,
FFFDFE,
FEFEFE,
FDFFFE,
FEFEFE,
FEFEFE,
FEFE00,
FEFEFE,
FFFFFF,
FFFFFF,
FFFFFF,
FFFFFF,
FFFFFF,
FFFFFF,
FFFFFF,
FFFFFF,
FEFEFE,
FEFEFE,
FEFEFE,
FEFEFE,
FEFEFE,
FEFEFE,
FEFEFE,
FEFEFE,
FFFFFF,
FFFFFF,
FFFFFF,
FFFFFF,
FFFFFF,
FFFFFF,
FFFFFF,
FFFFFF,
FFFFFF,
FFFFFF,
FFFFFF,
FFFFFF,
FEFEFE,
FEFEFE,
FEFEFE,
FEFEFE,
FEFEFE,
FEFEFE,
FEFEFE,
FEFEFE,
FEFEFE,
FEFEFE,
FEFE00,
FEFEFE,
FFFFFF,
FFFFFF,
FFFFFF,
FFFFFF,
FFFFFF,
FF00FF,
FFFFFF,
FFFFFF,
FEFEFE,
FEFEFE,
FE00FE,
FEFEFE,
FFFFFF,
FFFFFF,
FFFFFF,
FFFFFF,
FEFEFE,
FEFEFE,
FEFEFF,
FEFE00,
FEFEFE,
FEFEFE,
FEFEFE,
FEFEFE,
FFFFFF,
FFFFFF,
FFFFFF,
FFFFFF,
FEFEFE,
FEFEFE,
FEFEFE,
FEFEFE,
FFFFFF,
FFFFFF,
FFFFFF,
FFFFFF,
FFFFFF,
FFFFFF,
FF00FF,
FFFFFF,
FFFFFF,
FFFFFF,
FEFEFE,
FEFEFE,
FEFEFE,
FEFFFE,
FEFEFE,
FEFEFE,
FEFEFE,
FEFEFE,
FFFFFF,
FFFFFF,
FFFFFF,
FFFFFF,
FEFEFE,
FEFEFE,
FEFEFE,
FEFE00,
FFFFFF,
FFFFFF,
FFFFFF,
FFFFFF,
FEFEFE,
FEFEFE,
FEFEFE,
FEFEFE,
FFFFFF,
FFFFFF,
FFFFFF,
FFFFFF,
FEFEFE,
FEFEFE,
FEFEFE,
FEFFFE,
FEFEFE,
FEFEFE,
FFFEFE,
FEFEFE,
FEFEFE,
FEFEFE,
FEFFFE,
FEFEFE,
FEFEFE,
FEFEFE,
FEFEFE,
FEFEFE,
FEFEFE,
00FEFE,
FEFEFE,
FEFEFE,
FEFEFE,
FFFFFF,
FFFF00,
FFFFFF,
FFFFFF,
FFFFFF,
FFFFFF,
FFFFFF,
FFFFFF,
FEFEFE,
FEFEFE,
FEFEFE,
FEFEFE,
FFFFFF,
FFFFFF,
FFFFFF,
FFFFFF,
FEFEFE,
FEFEFE,
FEFEFE,
FEFEFE,
FEFEFE,
FEFEFE,
FEFEFE,
FEFFFE,
FFFEFC,
FEFFFE,
FEFEFE,
FEFFFE,
FEFFFF,
FDFFFF,
FCFFFF,
FCFFFF,
FDFEFF,
FEFEFF,
FFFEFD,
FFFCFA,
FEFAF7,
FFFDF8,
FFFCF6,
FEF8F2,
F6F1E9,
F1EBE3,
E9E2D8,
E4DCD2,
DDD4C9,
DAD0C6,
D800C2,
D8CDC0,
DACDB9,
DACEB8,
DACFB8,
DBCFB9,
DBCFFF,
DB00BA,
DBCFB9,
DBCFBA,
DFD0BE,
DFFFBF,
DECEBD,
DDCD00,
DCCCBB,
DCCCBB,
DBCBBB,
DACBBA,
DBCBB7,
D9C8B4,
D5C4B0,
D1C0AC,
D3C2AE,
D3C2AE,
D3C2AE,
D3C2AE,
D1BFAE,
D3C0B1,
00C2FF,
D6C3B4,
D6C3B3,
D6C3B4,
D7C4B5,
D7C4B5,
D7C6B5,
D7C6B5,
D6C5B5,
D6C5B4,
D3C2B2,
D3C1B1,
D4C2B2,
FF00B3,
D9C3AF,
DCC2AA,
DAC1AA,
DBC2AC,
D9C1AC,
D7C1AC,
D8C3AF,
D9FFB1,
DAC5B0,
DAC6AE,
D8C4AD,
D6C2AB,
D7C2AD,
D8C4AF,
D8C3AE,
D6C1AE,
D0BDAD,
C8B7A9,
C9B7A7,
FFD2C1,
CDB8A8,
4D3321,
4A2D1A,
4A2B19,
3E1E0A,
3C1D0B,
351C0D,
705E55,
FFFAF6,
FFFEFC,
FFFDFF,
FEFE00,
FD00FE,
FFFEFE,
FEFEFE,
FEFEFE,
FEFEFE,
FFFFFF,
FFFFFF,
FFFFFF,
FFFFFF,
FFFFFF,
FFFFFF,
FFFFFF,
FFFFFF,
FF00FE,
FEFEFE,
FEFEFE,
FEFEFE,
FEFEFE,
FEFEFE,
FEFEFE,
FEFEFE,
FFFFFF,
FFFFFF,
FFFFFF,
FFFFFF,
FFFFFF,
FFFFFF,
FFFFFF,
FFFFFF,
FFFFFF,
FFFFFF,
FFFFFF,
FFFFFF,
FEFEFE,
FEFEFE,
FEFFFE,
FEFEFE,
FEFEFE,
FEFEFE,
FEFEFE,
FEFEFE,
FEFEFE,
FEFEFE,
FEFEFE,
FEFEFE,
FFFFFF,
FFFFFF,
FFFFFF,
FFFFFF,
FFFFFF,
FFFFFF,
FFFFFF,
FFFFFF,
FEFEFE,
FEFEFE,
FEFEFE,
FEFEFE,
FFFFFF,
FFFFFF,
FFFFFF,
FFFFFF,
FEFEFE,
00FEFE,
FEFFFE,
FEFEFE,
FEFEFE,
FEFEFE,
FEFEFE,
FEFEFE,
FFFFFF,
FFFFFF,
FFFFFF,
FFFFFF,
FEFEFE,
FEFEFE,
FEFEFE,
FEFEFE,
FFFFFF,
FFFFFF,
FFFFFF,
FFFFFF,
FFFFFF,
FFFFFF,
FFFFFF,
FFFFFF,
FFFFFF,
FFFFFF,
FEFEFE,
FEFEFE,
FEFEFE,
FEFEFE,
FEFEFE,
FEFEFE,
FEFEFE,
FEFEFE,
FFFFFF,
FFFFFF,
FFFFFF,
FFFFFF,
FEFEFE,
FEFEFE,
FEFEFE,
FEFEFE,
FFFFFF,
FFFFFF,
FFFFFF,
FFFFFF,
FEFEFE,
FEFEFE,
FEFEFE,
FEFEFE,
FFFF00,
FFFFFF,
FFFFFF,
FFFFFF,
FEFEFE,
FEFEFE,
FEFEFE,
FEFEFE,
FFFEFE,
FEFEFE,
FEFEFE,
FEFEFE,
FEFEFE,
FEFEFE,
FEFEFE,
FEFEFE,
FEFEFE,
FEFEFE,
FEFEFE,
FEFEFE,
00FEFE,
FEFEFE,
FEFEFE,
FEFEFE,
FEFEFE,
FFFFFF,
FFFFFF,
FF00FF,
FFFFFF,
FFFFFF,
FFFFFF,
FFFFFF,
FFFFFF,
FEFEFE,
FEFEFE,
FFFEFE,
FEFEFE,
FFFFFF,
FFFFFF,
FFFFFF,
FFFFFF,
FEFEFE,
FEFEFE,
FEFEFE,
FEFEFE,
FEFEFE,
FEFEFE,
FEFEFE,
FEFFFE,
FFFEFC,
FEFEFE,
FEFEFE,
FDFEFF,
FD00FF,
FCFFFF,
FBFFFF,
FCFFFF,
FFFDFF,
FFFDFF,
FFFEFD,
FFFEFB,
FFF9F3,
F6ECE5,
EEDFD7,
E6D7CC,
DCD1C5,
D9CFC3,
D7CCBF,
D6CBBC,
FFCEBF,
DBCCBE,
DBCDBC,
DFD0BF,
E0D0BA,
DF00B8,
DDCDB7,
FFCCB6,
DDCDB7,
DECDB7,
DDCDB7,
DECEB8,
DCCBB8,
DCCBB9,
DCCBB9,
DDCCBA,
FFCCBA,
DDCCBA,
DCCBB9,
DCCBB9,
DCCBB7,
DCCAFF,
DBC9B5,
DAC8B4,
DBC9B5,
DAC800,
D8C6B2,
D7C5B1,
D8C5B3,
D7C4B3,
D7C4B3,
DAC7B6,
DBC8B7,
DAC7B6,
D8C5B4,
FFC4B3,
D5C2B1,
D5C2B1,
D7C4B3,
D7FFB3,
D7C4B3,
D6C3B3,
D5C2B1,
D5C1B0,
D6C0FF,
D5FFA8,
D5BEA8,
D6BFA9,
D9C1AC,
DBC3AD,
DAC300,
D9C2AE,
D9C3AD,
D9C3AC,
D9C3AB,
D7C2AA,
D6C1A9,
D5BFA7,
D3BEA6,
D2BCA5,
D0B9A4,
CCB39F,
C0A791,
BAA18C,
AC927D,
462A18,
402311,
472A18,
40220F,
3F200D,
35000D,
655349,
FCF5FF,
FFFEFD,
FFFDFE,
FEFEFE,
FDFFFE,
FEFEFE,
FEFEFE,
FEFEFE,
FE00FF,
FFFFFF,
FFFFFF,
FFFFFF,
FFFFFF,
FF00FF,
FFFFFF,
FFFFFF,
FFFFFF,
FEFEFE,
FEFEFE,
FEFEFE,
FEFEFE,
FEFEFE,
FEFEFE,
FEFEFE,
FE00FE,
FFFFFF,
FFFFFF,
FFFFFF,
FFFFFF,
FFFFFF,
FFFFFF,
FFFFFF,
FFFFFF,
FFFFFF,
FFFFFF,
FFFFFF,
FFFFFF,
FEFEFE,
FEFEFE,
FEFEFE,
FEFEFE,
FEFEFE,
FEFEFE,
FEFEFE,
FEFE00,
FEFEFE,
FEFEFE,
FEFEFE,
00FEFE,
FFFFFF,
FF00FF,
FFFFFF,
FFFFFF,
FFFFFF,
FFFFFF,
FFFFFF,
FFFFFF,
FEFEFE,
FEFEFE,
FEFE00,
FEFEFE,
FFFFFF,
FFFFFF,
FFFFFF,
FFFFFF,
FEFEFE,
FEFEFE,
FEFEFE,
FEFEFE,
FEFEFE,
FEFEFE,
FEFEFE,
FEFEFE,
FFFFFF,
FFFFFF,
FFFFFF,
FFFFFF,
FEFEFE,
FEFEFE,
FEFEFE,
FEFEFE,
FFFFFF,
FFFFFF,
FFFFFF,
FFFFFF,
FFFFFF,
FFFF00,
FFFFFF,
FFFFFF,
FFFFFF,
FFFFFF,
FFFFFF,
FFFFFF,
FFFFFF,
FFFFFF,
FFFFFF,
FFFFFF,
FFFFFF,
FFFFFF,
FFFFFF,
FFFFFF,
FFFFFF,
FFFFFF,
FFFFFF,
FFFFFF,
FFFFFF,
FFFFFF,
FFFFFF,
FFFFFF,
FFFFFF,
FF00FF,
FFFFFF,
FFFFFF,
FFFFFF,
FFFFFF,
FFFFFF,
FF00FF,
FFFFFF,
FFFFFF,
FFFFFF,
FFFFFF,
FFFFFF,
FFFFFF,
FFFFFF,
FFFFFF,
FFFFFF,
FFFFFF,
FFFFFF,
FFFFFF,
FFFFFF,
FFFFFF,
FFFFFF,
FFFFFF,
FFFFFF,
FFFFFF,
FFFF00,
FFFFFF,
FFFFFF,
FFFFFF,
FFFFFF,
FFFFFF,
FFFFFF,
FFFFFF,
00FFFF,
FFFFFF,
FFFFFF,
FFFFFF,
FFFFFF,
FEFEFE,
FEFEFE,
FEFEFE,
FEFEFE,
FF00FF,
FFFFFF,
FFFFFF,
FFFFFF,
FFFFFF,
FFFFFF,
FFFFFF,
FFFFFF,
FFFFFF,
FFFFFF,
00FFFF,
FFFFFF,
FEFE00,
FEFEFE,
FEFEFE,
FDFEFE,
00FEFF,
FDFFFF,
FCFEFF,
FBFDFE,
FEFDFB,
FEFCFA,
FAF5F0,
FFE6E1,
E4D7CF,
FFD0C4,
DCCABD,
DBC9BB,
DAFFBD,
DACDBD,
DDCFBF,
DFD0BE,
DECFBC,
DE00BB,
DCCCB8,
DDCBB7,
DFCDB9,
E0CCBA,
DDCAB7,
DDCAB7,
DFFFB9,
DFCCB9,
DECAB8,
DDCAB7,
DCCA00,
DBCB00,
DB0000,
DBCAB7,
D9C9B5,
D9C9B5,
D9C8B5,
D9C8B5,
DBC8B4,
DDC8B3,
DDC8B3,
DDC8B4,
DDC800,
DCC7B3,
DBC7B2,
DAC5B1,
D9C7B2,
D9C7B3,
D8C6B3,
D9C7B4,
D9C6B3,
DAC7B4,
D9C7B4,
D6C4B0,
FFFFAF,
D5C1AE,
D4C0AD,
D6C2AF,
D8C4B1,
D7C2B0,
D6C1AE,
D8C2FF,
D5C2B0,
D4C2B0,
D7C4B3,
D8C4B3,
D9C6B4,
DA00B2,
DAC5B2,
DAC7B4,
D9C5B2,
D6C3AD,
D5C1AB,
D2BEA9,
D2BEA9,
D2BEA8,
CFBBA6,
CAB6A0,
C6AF96,
C8AB92,
00A790,
B59981,
AB9079,
634732,
331704,
442815,
002310,
3E1F0C,
361D0F,
5C4A41,
F7EFEB,
FFFFFD,
FFFEFF,
FEFFFE,
FDFFFF,
FFFFFF,
FFFFFF,
FFFFFF,
FFFFFF,
FFFFFF,
FFFFFF,
FFFFFF,
FFFFFF,
FFFFFF,
FFFFFF,
FFFFFF,
FFFFFF,
FFFFFF,
FFFFFF,
FFFFFF,
FFFFFF,
FFFFFF,
FFFFFF,
FFFFFF,
FFFFFF,
FFFFFF,
FFFF00,
FF00FF,
FFFFFF,
FFFF00,
FFFF00,
FFFFFF,
FFFFFF,
FFFFFF,
FFFFFF,
FFFFFF,
FFFFFF,
FFFFFF,
FFFFFF,
FFFFFF,
FFFFFF,
FFFFFF,
FFFFFF,
FF00FF,
FF00FF,
FFFFFF,
FFFFFF,
FFFFFF,
FFFFFF,
FFFFFF,
FFFFFF,
FFFFFF,
FFFFFF,
FFFFFF,
FFFFFF,
FFFFFF,
FFFFFF,
FFFFFF,
FFFF00,
FFFFFF,
FF00FF,
FFFFFF,
FFFFFF,
FFFFFF,
FFFFFF,
FFFFFF,
FFFFFF,
FFFFFF,
FFFFFF,
00FFFF,
FF00FF,
FFFFFF,
FFFFFF,
FFFFFF,
FFFFFF,
FFFFFF,
FFFFFF,
FFFFFF,
FFFFFF,
FFFFFF,
FFFFFF,
FFFFFF,
FFFFFF,
FFFFFF,
FFFFFF,
FFFFFF,
FFFFFF,
FFFFFF,
FFFFFF,
FFFFFF,
FFFFFF,
FFFFFF,
FFFFFF,
FFFFFF,
FFFFFF,
FFFFFF,
FFFFFF,
FFFFFF,
FFFFFF,
FFFFFF,
FFFFFF,
FFFFFF,
FFFFFF,
FFFFFF,
FFFFFF,
FFFFFF,
FFFFFF,
FFFFFF,
FFFFFF,
FFFFFF,
FFFFFF,
FFFFFF,
FFFFFF,
FFFF00,
FFFFFF,
FFFFFF,
FFFFFF,
FFFFFF,
FFFFFF,
FFFFFF,
FFFFFF,
FFFFFF,
FFFFFF,
FFFFFF,
FFFFFF,
FFFFFF,
FFFFFF,
FFFFFF,
FFFFFF,
FFFFFF,
FFFFFF,
FFFFFF,
FFFFFF,
FFFFFF,
FFFFFF,
FFFFFF,
FFFFFF,
FFFFFF,
FFFFFF,
FFFFFF,
FFFFFF,
FFFFFF,
FFFFFF,
FFFFFF,
FF00FF,
FFFFFF,
FFFFFF,
FFFFFF,
FEFEFE,
FEFEFE,
FEFEFE,
FEFEFE,
FFFFFF,
FFFFFF,
FFFFFF,
FFFFFF,
FFFFFF,
FFFFFF,
FFFFFF,
FFFFFF,
FFFFFF,
FFFF00,
FFFFFF,
FFFFFF,
FEFFFF,
FEFEFE,
FEFEFE,
FE00FF,
FEFEFD,
FCFBFB,
FFFFFE,
FFFDFF,
FAF6EF,
ECE3DB,
DFD5CC,
E0FFC7,
E0CFFF,
DFCEFF,
E0CCBC,
E1CD00,
E1D0BE,
E1D1BE,
E3D3BF,
E4D2BE,
E3D1BB,
E3D0BA,
E1CFB7,
E0CDB6,
E2CCBC,
E1CBBC,
E0CABB,
E0CABB,
DFC9BA,
DFC9BA,
DEC800,
DEC8B8,
DBC9B5,
DBC9B5,
DBC9B5,
DBC9B5,
D9C7B2,
D9C7B2,
D9C7B2,
D9C7B2,
DCC8B3,
DDC8B3,
DDC8B3,
DDC8B3,
DEC9B4,
DEC9B4,
DBC6B1,
D9C4AF,
D7C5B0,
D700B1,
D7C5B1,
00C5B1,
D9C700,
DBC9B5,
DCCAB6,
DAC9B5,
DAC6B3,
D9C4B1,
D7C2AF,
D9C3B0,
D8C3B0,
D8C3B0,
D9C4B1,
DBC6B3,
D9C8B8,
D8CABC,
D9CABC,
00C9FF,
D8C7B8,
D5C4B4,
D4C2B2,
D5C3B3,
D4C2FF,
D2C0AE,
CFBDAA,
CCBAA7,
CBB9A6,
C7B6A1,
C4B39E,
C0B099,
BEA88F,
C0A286,
BFA086,
B79A80,
B0947D,
A0FF6F,
442918,
381D0B,
3D200D,
FF1F0C,
392011,
FF3F35,
EEE7E2,
FFFFFE,
FFFEFF,
FEFFFE,
FDFFFE,
FFFFFF,
FFFFFF,
FFFFFF,
FFFFFF,
FFFFFF,
FFFFFF,
00FFFF,
FFFFFF,
00FFFF,
FFFFFF,
FFFFFF,
FFFF00,
FFFFFF,
FFFFFF,
FFFFFF,
FFFFFF,
FFFFFF,
FFFFFF,
FFFFFF,
FFFFFF,
FFFFFF,
FFFFFF,
FFFFFF,
FFFFFF,
FFFFFF,
FFFFFF,
FFFFFF,
FFFFFF,
FFFFFF,
FFFFFF,
FFFFFF,
FFFFFF,
FFFF00,
FFFFFF,
FFFFFF,
FFFFFF,
FFFFFF,
FFFFFF,
FFFFFF,
FFFFFF,
FFFFFF,
FFFFFF,
FFFFFF,
FFFFFF,
FFFFFF,
FFFFFF,
FFFFFF,
FFFFFF,
FFFFFF,
FFFFFF,
00FFFF,
FFFFFF,
00FFFF,
FFFFFF,
FFFFFF,
FFFFFF,
FFFFFF,
FFFFFF,
FFFFFF,
FFFFFF,
FFFF00,
FFFFFF,
FFFFFF,
FFFFFF,
FF0000,
FFFFFF,
FFFFFF,
FFFFFF,
FFFFFF,
FFFFFF,
FFFF00,
FFFFFF,
FFFFFF,
FFFFFF,
FFFFFF,
FFFFFF,
FFFFFF,
FFFFFF,
FFFFFF,
FFFFFF,
FFFFFF,
FFFFFF,
FFFFFF,
FFFFFF,
FFFFFF,
FFFFFF,
FFFFFF,
FFFFFF,
FFFFFF,
FFFFFF,
FFFFFF,
FFFFFF,
FFFFFF,
FFFFFF,
FFFFFF,
FF00FF,
FFFFFF,
FFFFFF,
FFFFFF,
FFFFFF,
FFFFFF,
FFFFFF,
FFFFFF,
FFFFFF,
FFFFFF,
FFFFFF,
FFFF00,
FFFFFF,
FFFFFF,
FFFFFF,
FFFFFF,
FFFFFF,
FFFFFF,
FFFFFF,
FFFFFF,
FFFFFF,
FFFFFF,
FFFFFF,
FFFFFF,
FFFFFF,
FFFF00,
FFFFFF,
FFFFFF,
FFFFFF,
FFFFFF,
FFFFFF,
FFFFFF,
FFFFFF,
FFFFFF,
00FFFF,
FFFFFF,
FFFFFF,
FFFFFF,
FFFFFF,
FFFFFF,
00FFFF,
FFFFFF,
FFFFFF,
FFFFFF,
FFFFFF,
FFFFFF,
FFFFFF,
FFFFFF,
FEFEFE,
FE00FE,
FEFE00,
FEFEFE,
FFFFFF,
00FFFF,
FFFFFF,
FFFFFF,
FFFFFF,
FFFFFF,
FFFF00,
FFFFFF,
FFFFFF,
FF00FF,
FFFFFF,
FFFFFF,
FDFEFF,
FEFEFE,
FEFEFE,
FFFEFB,
FFFEFA,
FFFEFA,
FDF8F2,
EFE6DE,
E2D6C8,
DED0C3,
E1D1C2,
E5D5C5,
E1D0FF,
E1CFBC,
E4D0BD,
E5D2BE,
E4D3BF,
E4D3FF,
E5D4BF,
E6D4BE,
E4D2BA,
E4D0B8,
E3CFB6,
E2CDB5,
E1CCBA,
E100BB,
E0CBFF,
DFCAB9,
DFCAB9,
DEC9B8,
DDC8B7,
DDC8B6,
DBC9B3,
DBC9B3,
DBC9B3,
DBC9B3,
DBC9B3,
DBC9B3,
DBC9B3,
DBC9B3,
DDC8B3,
DDC8B3,
DCC7B2,
DCC7B2,
DBC6B0,
FFC5AF,
D8C3AE,
D6C1AB,
D5C2AE,
D5C3AF,
D5C3AF,
D5C3AF,
00C5FF,
D8C6B1,
D8C6B2,
DAC8B3,
DDC9B5,
DCC7B4,
DAC5B2,
D9C4B1,
D9C4B1,
DBC6B2,
DDC8B5,
DFCAB7,
DCCBBB,
D9FFBF,
D9CABD,
D7C8B9,
D5C4B6,
D3C2B2,
D1BFAE,
D1BEFF,
CFBDAB,
CCBAA9,
C9FFA5,
C6B4A0,
C4B29E,
BEAC97,
B9A791,
B8A78E,
B8A288,
B99C7F,
B6997E,
B4FF7F,
B3007F,
AA8F78,
785D49,
301502,
3F210D,
3E200D,
391F11,
443228,
E2DDD8,
FFFFFF,
FFFEFF,
FEFFFE,
FDFFFE,
FFFFFF,
FFFFFF,
FFFFFF,
FFFFFF,
FFFFFF,
FFFFFF,
FFFFFF,
FFFFFF,
FFFFFF,
FFFFFF,
FFFFFF,
FFFFFF,
FFFFFF,
FFFFFF,
FFFFFF,
FFFFFF,
FFFFFF,
FFFFFF,
FFFFFF,
00FFFF,
FFFFFF,
FFFFFF,
FFFFFF,
FFFFFF,
FFFFFF,
FFFFFF,
FFFFFF,
FFFFFF,
FF00FF,
FFFFFF,
FFFFFF,
FFFFFF,
FFFFFF,
FFFFFF,
FFFFFF,
FFFFFF,
FFFFFF,
FFFFFF,
FFFFFF,
FFFFFF,
00FFFF,
FFFFFF,
FFFFFF,
FFFFFF,
FFFFFF,
FFFFFF,
FFFFFF,
FFFFFF,
FFFFFF,
FFFFFF,
FFFFFF,
FFFFFF,
FFFFFF,
FFFFFF,
FFFFFF,
FF00FF,
FFFFFF,
FFFFFF,
FFFFFF,
FFFFFF,
FFFFFF,
FFFFFF,
FFFFFF,
FFFFFF,
FFFFFF,
FFFFFF,
FFFFFF,
FFFFFF,
FFFFFF,
FFFFFF,
FFFFFF,
FFFFFF,
FFFFFF,
00FFFF,
FFFFFF,
FFFFFF,
FFFFFF,
FFFFFF,
FFFFFF,
FFFFFF,
FFFFFF,
FFFFFF,
FFFFFF,
FFFFFF,
FFFFFF,
FFFFFF,
FFFFFF,
FFFFFF,
FFFFFF,
FFFFFF,
FFFFFF,
FFFFFF,
FFFFFF,
FFFFFF,
00FFFF,
FFFFFF,
FFFFFF,
FFFFFF,
FFFFFF,
FFFFFF,
FFFFFF,
FFFFFF,
FFFFFF,
FFFFFF,
FFFFFF,
FFFFFF,
FFFFFF,
FFFFFF,
00FFFF,
FFFFFF,
FFFFFF,
FFFFFF,
FFFFFF,
FFFFFF,
FFFFFF,
FFFFFF,
FFFFFF,
FFFFFF,
FFFFFF,
FFFFFF,
FFFFFF,
FFFFFF,
FFFF00,
FFFFFF,
FFFFFF,
FFFF00,
FFFFFF,
FFFFFF,
FFFFFF,
FFFFFF,
FFFFFF,
FFFFFF,
FFFFFF,
FFFFFF,
FFFFFF,
00FFFF,
FFFFFF,
FFFFFF,
FFFFFF,
FFFFFF,
FFFFFF,
FFFFFF,
FFFFFF,
FEFEFE,
FEFEFE,
FEFEFE,
FFFEFE,
FFFFFF,
FFFFFF,
FFFFFF,
FFFFFF,
FFFFFF,
FFFFFF,
FFFFFF,
FFFFFF,
FFFFFF,
FFFFFF,
FFFFFF,
FFFFFF,
FCFEFF,
FDFEFF,
FEFEFD,
FFFEFA,
FFFDF7,
FAF1E9,
EBDDD3,
E2D3C6,
E3D1BD,
E2D0BA,
E2D1BB,
E4D2BC,
E3FFBB,
E3D1BB,
E5D3BC,
E6D5BE,
E4D3BF,
E4D3BF,
E4D4BD,
E5D3BB,
E5D0B8,
E4CFB6,
E3CDB5,
E2FFB4,
E0CCB5,
E0CCB5,
DFCBB4,
DFCBB4,
DFCBB4,
DFCBB4,
DECAB3,
DDC9B2,
DBC9B1,
DBC9B1,
DBC9B1,
DBC9B1,
DDCB00,
DDCBB3,
DDCBB3,
DECBB3,
DDC9B1,
DEC8B1,
DDC7B0,
DCC6AF,
DAC4AD,
DAC4AD,
FFC6AF,
DCC6AF,
DBC8B1,
DAC8B2,
DAC800,
DAC8B2,
D9C7B0,
D8C6B0,
D8C6B0,
DBC9B3,
DCC7B2,
DCC6B1,
DBC5AF,
D8C2AD,
D9C3AE,
DCC6B1,
DDC7B2,
DDC7B2,
DBC9B7,
D9C9BA,
D8C7B8,
D7C5B4,
D5C1AF,
D3BFAA,
D0BBA6,
CFB8A3,
CEB6A2,
CBB29F,
C7AF9A,
C3AB95,
C1A991,
BAA28A,
B69F84,
B49E81,
B59C81,
B59A7F,
B0967B,
B1977C,
B0967E,
AA9079,
A38871,
4A301D,
381B08,
00200D,
381F10,
3A281E,
D8CFCB,
00FFFF,
FFFEFF,
FEFFFE,
FDFFFE,
FFFFFF,
FFFFFF,
FFFFFF,
FFFFFF,
FFFFFF,
FFFFFF,
FFFFFF,
FFFFFF,
FFFFFF,
FFFFFF,
FFFFFF,
FFFFFF,
FFFFFF,
FFFFFF,
FFFF00,
FFFFFF,
FFFFFF,
FFFFFF,
FFFFFF,
FFFFFF,
FFFFFF,
FFFFFF,
FFFFFF,
FFFFFF,
FFFFFF,
FFFFFF,
FFFFFF,
FFFF00,
FFFFFF,
FFFFFF,
FFFFFF,
FFFFFF,
FFFFFF,
FFFFFF,
FFFFFF,
FFFFFF,
FFFFFF,
FFFFFF,
00FFFF,
FFFFFF,
FFFFFF,
FFFFFF,
FFFFFF,
FFFFFF,
FFFFFF,
FFFFFF,
FF00FF,
FFFFFF,
FFFFFF,
FFFFFF,
FFFFFF,
FFFFFF,
FFFFFF,
FFFFFF,
FFFFFF,
FFFFFF,
FFFFFF,
FFFFFF,
00FFFF,
FFFFFF,
FFFFFF,
FFFFFF,
FFFFFF,
00FFFF,
FFFFFF,
FFFFFF,
FFFFFF,
FFFFFF,
FFFFFF,
FFFFFF,
FFFFFF,
FFFFFF,
FFFFFF,
FFFFFF,
FFFFFF,
FFFFFF,
FFFFFF,
FFFFFF,
FFFFFF,
FFFFFF,
FFFFFF,
FFFFFF,
FFFFFF,
FFFFFF,
FFFFFF,
FFFFFF,
FFFFFF,
FFFFFF,
FFFFFF,
FFFFFF,
FFFFFF,
FFFFFF,
FFFFFF,
FFFFFF,
FFFFFF,
FFFFFF,
FFFFFF,
FFFFFF,
FFFFFF,
FFFFFF,
FFFFFF,
FFFFFF,
FFFFFF,
FFFFFF,
FFFFFF,
FFFFFF,
FFFFFF,
FFFFFF,
FFFFFF,
FFFFFF,
FFFFFF,
FFFFFF,
FFFFFF,
FF00FF,
FFFFFF,
FFFFFF,
FFFFFF,
FFFFFF,
FFFFFF,
FFFFFF,
FFFFFF,
FFFFFF,
FFFFFF,
FFFFFF,
FFFFFF,
FFFFFF,
FFFFFF,
FFFFFF,
FFFFFF,
FFFFFF,
FFFFFF,
FFFFFF,
FFFFFF,
FFFFFF,
FFFFFF,
FF00FF,
00FFFF,
FFFFFF,
FFFFFF,
FFFFFF,
FFFFFF,
FFFFFF,
FFFFFF,
FEFEFE,
FEFEFE,
FEFEFE,
FEFEFE,
FFFFFF,
FFFFFF,
FFFFFF,
FFFFFF,
FFFFFF,
FFFFFF,
FFFFFF,
FFFFFF,
FFFF00,
FFFFFF,
FFFF00,
FEFFFF,
FCFEFF,
FDFEFF,
FFFEFD,
FFFDF8,
F6EDE4,
E8D9FF,
E1CFC1,
E4D2BF,
E6D2B8,
E5D0B6,
E5D1B8,
E7D4BB,
E7D4BB,
E5D3BB,
E5D4BB,
E600BD,
E5D5C0,
E400BE,
E4D3BC,
E4D2BA,
E4D2B9,
E4D0B8,
E3CEB6,
E3CEB4,
E4D0B4,
E4D0B3,
E3CFB2,
E2CFB1,
E1CE00,
E1CEB0,
E0CDAF,
DFCCAF,
DECBB2,
DECBB3,
DFCBB3,
DECBB3,
DDCAB2,
DDCAB2,
DDCAB2,
DDCAB2,
00C8B1,
DDC7B0,
DCC6AF,
DAC4AD,
00C3AC,
D9C3AC,
DAC4AD,
DAC4AD,
D9C6AF,
D9C7B0,
D9C7B1,
D9C7B1,
D7C5AF,
D8C6B0,
D9C6B0,
D7C5AF,
D8C4AE,
DBC500,
DBC5B0,
D9C3AE,
D7C1AC,
D9C3AE,
D9C3AE,
D7C1AC,
D6C1AE,
D5C2B0,
D5C1AE,
D4BFAA,
D4BCA6,
D2B9A2,
CEB39C,
CCB096,
CBAE95,
C8AB93,
C4A78E,
C0A288,
009F82,
B79B7C,
B59979,
B39776,
AF9577,
AE957B,
AB9379,
AE957B,
AC927B,
B19780,
A98F78,
775C47,
001804,
3D1E0C,
3B2113,
311F15,
C3B9B5,
FFFFFF,
FFFEFF,
FFFFFE,
FDFFFE,
FFFFFF,
FFFF00,
FFFFFF,
FFFFFF,
FFFFFF,
FFFFFF,
FFFFFF,
FFFFFF,
FFFFFF,
FF00FF,
00FFFF,
FFFFFF,
FFFFFF,
FFFFFF,
FFFFFF,
FFFFFF,
FFFFFF,
FFFFFF,
FFFFFF,
FFFFFF,
FFFFFF,
FFFFFF,
FFFFFF,
FFFFFF,
FFFFFF,
FFFFFF,
FFFFFF,
FFFFFF,
FFFFFF,
FFFFFF,
FFFFFF,
FFFFFF,
FFFFFF,
FFFFFF,
FFFFFF,
FFFFFF,
FF00FF,
FFFFFF,
FFFFFF,
FFFFFF,
FFFFFF,
FFFFFF,
FFFFFF,
FFFFFF,
FFFFFF,
FFFFFF,
FFFFFF,
FFFFFF,
FFFFFF,
FFFF00,
FFFFFF,
FFFFFF,
FFFFFF,
FFFFFF,
FFFFFF,
FFFFFF,
FFFFFF,
FFFFFF,
FFFFFF,
FFFFFF,
FFFFFF,
FFFFFF,
FFFFFF,
FFFFFF,
FFFFFF,
FFFFFF,
FFFFFF,
FFFFFF,
FFFFFF,
FFFFFF,
FFFFFF,
FFFFFF,
FFFFFF,
FFFFFF,
FFFFFF,
FFFFFF,
FFFFFF,
FFFFFF,
FFFFFF,
FFFFFF,
FFFFFF,
FFFFFF,
FFFFFF,
FFFFFF,
FFFFFF,
FFFF00,
FFFFFF,
FFFFFF,
FFFFFF,
FFFFFF,
FFFFFF,
FFFFFF,
FFFFFF,
FFFFFF,
FFFFFF,
FFFFFF,
FFFFFF,
FFFFFF,
FFFFFF,
FFFFFF,
FFFFFF,
FFFFFF,
FF00FF,
FFFFFF,
FFFFFF,
FFFFFF,
FFFFFF,
FFFFFF,
FFFFFF,
FFFFFF,
FFFFFF,
FFFFFF,
FFFFFF,
00FFFF,
FFFFFF,
FFFFFF,
FFFFFF,
FFFFFF,
FFFFFF,
FFFFFF,
FFFFFF,
FFFFFF,
FFFFFF,
FFFFFF,
FFFFFF,
FFFFFF,
FFFFFF,
FFFFFF,
FFFFFF,
FFFFFF,
FFFFFF,
FFFFFF,
FFFFFF,
FFFFFF,
FFFFFF,
00FFFF,
FFFFFF,
FFFFFF,
FFFFFF,
FFFFFF,
FFFFFF,
FFFFFF,
00FFFF,
FEFEFE,
FEFEFE,
FEFEFE,
FEFEFE,
FFFFFF,
FFFFFF,
FFFFFF,
FFFFFF,
FFFFFF,
FFFFFF,
FF00FF,
FFFFFF,
FFFFFF,
FFFFFF,
FFFFFF,
FEFFFF,
FBFFFF,
FEFEFE,
FFFEF8,
F5EEE3,
E6D6C6,
E1D1BE,
E4D3C0,
E400BD,
E6D2B8,
E9D5BC,
E9D5BC,
E6D3BA,
E8D5BC,
E5D3BC,
E5D4BC,
E6D5BD,
E6D5BE,
E6D5FF,
E5D3BB,
E5D3BA,
E5D2B9,
E5D1B8,
E4D0B7,
E5D0B7,
E5D3B7,
E5D3B6,
E5D3B5,
E5D2B5,
E4D1B4,
E4D0B2,
E3CFB0,
E1CEAF,
E3CDB0,
E3CDB0,
E2CCB0,
E0CCB0,
DFCAAF,
DFCAAF,
DFCBB0,
DFCBFF,
DFCAB1,
DEC9B0,
DCC7AF,
DCC6AF,
DDC8B0,
DDC8B1,
DDC8B1,
DCC6B0,
DBC9B3,
DBC9B4,
DAC8B2,
DAC8B2,
DCCAB4,
DECDB5,
DDCBB4,
00C8B0,
D9C5B0,
DBC6B1,
DCC6B1,
DAC4AE,
D7C2AC,
D7C1AB,
D9C1AB,
D5BEA8,
D1BAA5,
D1B9A4,
CFB8A2,
00B69F,
CFB69D,
CDB398,
C8AE91,
C5AA8C,
C3A78A,
C1A4FF,
BD9F83,
B99B7E,
B59779,
B19474,
B19473,
AD9170,
ACFF70,
FF9077,
AD9077,
AF927A,
B1957B,
AD9278,
AE9479,
A3006E,
4D321B,
381D0A,
3C2210,
311C0F,
ACA29A,
FFFFFF,
FDFFFF,
FEFFFD,
FEFEFB,
FF00FF,
FFFFFF,
FFFFFF,
FFFFFF,
FFFFFF,
FFFFFF,
FFFFFF,
FFFFFF,
FFFFFF,
FFFFFF,
FFFFFF,
FFFFFF,
FFFFFF,
FFFFFF,
FFFFFF,
FFFFFF,
FFFFFF,
FFFFFF,
FFFFFF,
FFFFFF,
FFFFFF,
FFFFFF,
FFFFFF,
FFFFFF,
FFFFFF,
FFFFFF,
FFFFFF,
FFFFFF,
FF0000,
FFFFFF,
FFFFFF,
FFFFFF,
FFFFFF,
FFFFFF,
FFFFFF,
00FFFF,
FFFFFF,
FFFFFF,
FFFFFF,
FFFFFF,
FFFFFF,
FFFFFF,
FFFFFF,
FFFFFF,
FFFFFF,
FFFFFF,
FFFFFF,
FF00FF,
FFFFFF,
FFFFFF,
FFFFFF,
FFFFFF,
FFFFFF,
FFFFFF,
FFFFFF,
FF00FF,
FFFFFF,
FFFFFF,
FFFFFF,
FFFFFF,
FFFFFF,
FFFFFF,
FFFFFF,
FFFFFF,
FFFFFF,
FFFFFF,
FFFFFF,
FFFFFF,
FFFFFF,
FFFFFF,
FFFFFF,
FFFFFF,
FFFFFF,
FFFFFF,
FFFFFF,
FFFFFF,
FFFFFF,
FFFFFF,
FFFFFF,
FFFFFF,
FFFFFF,
FFFFFF,
FFFFFF,
FFFFFF,
FFFFFF,
FFFFFF,
FFFFFF,
FFFFFF,
FFFFFF,
FFFFFF,
FFFFFF,
FFFFFF,
FFFFFF,
FFFFFF,
FFFFFF,
FFFFFF,
FFFFFF,
FFFFFF,
FFFFFF,
FFFFFF,
FFFF00,
FFFFFF,
FFFFFF,
FFFFFF,
FFFFFF,
FFFFFF,
00FFFF,
FFFFFF,
FFFFFF,
FFFFFF,
FFFFFF,
FFFFFF,
FFFFFF,
FFFFFF,
FFFFFF,
FFFFFF,
FFFFFF,
FFFFFF,
FFFFFF,
FFFFFF,
FFFFFF,
FFFFFF,
FFFFFF,
FFFFFF,
FFFFFF,
FFFFFF,
FEFEFE,
FEFEFE,
FEFEFE,
FEFEFE,
FEFEFE,
FFFFFF,
FFFFFF,
FFFFFF,
FFFFFF,
FFFFFF,
FFFFFF,
FF00FF,
00FFFF,
FFFFFF,
FFFFFF,
FFFFFF,
FFFFFF,
FFFFFF,
FFFFFF,
FFFFFF,
FFFFFF,
FFFFFF,
FFFFFF,
FFFFFF,
FFFFFF,
FFFFFF,
FFFFFF,
FFFFFF,
00FFFF,
FFFFFF,
FFFFFF,
FFFFFF,
FEFFFF,
FAFFFF,
FFFFFD,
FCF6EC,
E7D8C6,
00D0B8,
E3D2B9,
00D4BA,
E3D4BC,
E5D3BD,
E5D3BD,
E6D4BD,
E6D4BE,
E6D4BD,
E600BE,
E7D5BF,
E7D5BE,
E7D4BB,
E7D3BA,
E6D2B9,
E6D2B9,
E4D0B7,
E5D1B7,
E6D1B8,
E6D2B9,
E500BB,
E4D3BB,
E4D2B9,
E5D1B8,
E6D1B6,
E500B5,
E4CEB2,
E2CDAF,
E6CEAD,
E6FFAC,
E4CDAB,
E3CCAC,
E2CDAC,
E2CEFF,
E300B1,
E4D1FF,
E3CFB4,
E2CEB3,
E1CDB2,
E1CDB3,
DFCBB3,
FFCDB5,
E1CCB7,
E0CBB6,
E0CDBA,
DE00B9,
DDCBB5,
DECCB6,
E2D0B9,
E2D1B7,
DFCEB4,
DCCBB1,
DCC8B2,
DCC7B3,
DAC5B0,
D8C2AC,
D8C2AB,
D9C2AA,
DAC2AA,
D6BDA5,
00B8A2,
CEB59E,
C8B099,
C9B198,
CAB297,
C6AF91,
C2AB8B,
BEA686,
BAA082,
B89C7F,
B5997B,
B19577,
ADFF74,
AB9071,
AB9070,
A88EFF,
AB8E6F,
B291FF,
B29177,
B2FF77,
B29478,
B5987B,
B09578,
B09577,
6E553B,
351B09,
3B200B,
351D0A,
94887E,
FFFFFF,
FAFFFF,
FDFFFC,
FFFFFB,
FFFFFF,
FFFFFF,
FFFFFF,
FFFFFF,
FFFFFF,
FFFFFF,
FFFFFF,
FFFFFF,
FFFFFF,
FFFFFF,
FFFFFF,
FFFFFF,
FFFFFF,
FFFFFF,
FFFFFF,
FFFFFF,
FFFFFF,
FFFFFF,
FFFFFF,
FFFFFF,
FF00FF,
FFFFFF,
FFFFFF,
FFFFFF,
FFFFFF,
FFFFFF,
FFFFFF,
FFFFFF,
FFFFFF,
FFFFFF,
FFFFFF,
FFFFFF,
FFFFFF,
FFFFFF,
FFFFFF,
FFFFFF,
FFFFFF,
FFFFFF,
00FFFF,
FFFFFF,
FFFFFF,
FFFFFF,
FFFFFF,
FFFFFF,
FFFFFF,
FFFFFF,
FFFFFF,
FFFFFF,
FFFFFF,
FFFFFF,
FFFFFF,
FFFFFF,
FFFFFF,
00FFFF,
FFFFFF,
FFFFFF,
FFFFFF,
FFFF00,
FF00FF,
FFFFFF,
FEFEFE,
FEFEFE,
FEFEFE,
FEFEFE,
FFFFFF,
FFFFFF,
FFFFFF,
FF00FF,
FFFFFF,
FFFFFF,
FFFFFF,
FFFFFF,
FFFFFF,
FFFFFF,
00FFFF,
00FFFF,
FFFFFF,
FFFFFF,
FFFFFF,
FFFFFF,
FFFFFF,
FFFFFF,
FFFFFF,
FFFFFF,
FFFFFF,
FFFFFF,
FFFFFF,
FFFFFF,
FFFFFF,
FFFFFF,
FFFFFF,
FFFFFF,
FFFFFF,
FFFFFF,
FFFFFF,
FFFFFF,
FFFFFF,
FFFFFF,
FFFFFF,
FFFFFF,
FFFFFF,
FFFFFF,
FFFFFF,
FFFFFF,
FFFFFF,
FF00FF,
FFFFFF,
FFFFFF,
FFFFFF,
FFFFFF,
FFFFFF,
FFFFFF,
FFFFFF,
FFFFFF,
FFFFFF,
FFFFFF,
FF00FF,
FFFFFF,
FFFFFF,
FFFFFF,
FFFFFF,
FFFFFF,
FFFFFF,
FFFFFF,
FFFFFF,
FFFFFF,
FEFEFE,
FEFEFE,
FEFEFE,
FEFEFE,
FEFEFE,
FFFFFF,
FFFFFF,
FFFFFF,
00FFFF,
FFFFFF,
FFFFFF,
FFFF00,
FFFFFF,
FFFFFF,
FFFFFF,
FFFFFF,
FFFFFF,
FFFFFF,
FFFFFF,
FFFFFF,
FFFFFF,
FFFFFF,
FFFFFF,
FFFFFF,
FFFFFF,
FFFFFF,
FFFFFF,
FFFFFF,
FFFFFF,
FFFFFF,
FFFFFF,
FFFFFF,
FDFFFF,
FBFFFE,
FFFDF8,
EEE3D6,
E0D0BA,
E5D1B6,
E5D2B6,
E4D4B8,
E4D5BB,
00D4BB,
E6D4BC,
E7D500,
E7D6BE,
E7D6BE,
E7D5BD,
E7D5BD,
E7D5BD,
E7D3B9,
E7D3B8,
E6D2B7,
E6D2B7,
E5FFB6,
E5D1B6,
E6D2B7,
E7D3B9,
E7D5BD,
E5D4BC,
E3D2B8,
E3D0B6,
E3CFB5,
E3CFB2,
E4CCB0,
E3FFAE,
E6FFAF,
E6CDAE,
E5CDAE,
E4CDAE,
E3CDAF,
E3CEB2,
E4D0B5,
E5D1B6,
E6D2B7,
00D2B7,
E6D2B7,
E5D1B8,
E3CFB7,
E4D0B8,
E6D1BC,
E6D1BC,
E5D2BE,
E3D1BD,
E2D0BA,
E2D0BA,
E4D2BB,
E3D2B8,
E000B5,
DDCCB2,
DCC8B2,
DCC7B2,
DAC5B0,
D7C1AB,
D8C1A9,
D8C000,
D8BEA6,
D4BAA1,
CFB6FF,
CAB39B,
C5AD94,
C4AC92,
C5AD91,
C0A800,
BBA585,
00A181,
B2987A,
B19375,
FF9273,
AE9100,
AD8F6F,
AB8E6E,
AB8E6D,
A98B69,
AC8D6E,
B29276,
B19276,
B19377,
B39578,
AE9176,
B4007E,
B69B7F,
775D46,
361C0B,
001F0C,
FF1907,
7B6E64,
FFFFFF,
FAFFFF,
FDFFFC,
FFFF00,
FFFFFF,
FFFFFF,
FFFF00,
FFFFFF,
FFFFFF,
FFFFFF,
FFFFFF,
FFFFFF,
FFFFFF,
FFFFFF,
FFFFFF,
FFFFFF,
FFFFFF,
FFFFFF,
FFFFFF,
FFFFFF,
FFFFFF,
FFFFFF,
FFFFFF,
FFFFFF,
FFFFFF,
FFFFFF,
00FFFF,
FFFFFF,
FFFFFF,
FFFFFF,
FFFFFF,
FFFFFF,
FFFFFF,
FFFFFF,
FF00FF,
FFFFFF,
FFFFFF,
FFFFFF,
FFFFFF,
FFFFFF,
FFFFFF,
FFFFFF,
FFFFFF,
FFFFFF,
00FFFF,
FFFFFF,
FFFFFF,
FFFFFF,
FFFFFF,
FFFFFF,
FFFFFF,
FFFFFF,
FFFFFF,
FFFFFF,
FFFFFF,
FFFFFF,
FFFFFF,
FFFFFF,
FFFFFF,
FF00FF,
FFFFFF,
FFFFFF,
FFFFFF,
FFFFFF,
FEFEFF,
FEFE00,
FEFEFE,
FEFEFE,
FFFFFF,
FFFFFF,
FFFFFF,
FFFFFF,
FFFFFF,
FFFF00,
FFFFFF,
FFFF00,
FFFFFF,
FFFFFF,
FFFF00,
FFFFFF,
FFFFFF,
FFFFFF,
FFFFFF,
FFFFFF,
FFFFFF,
FFFFFF,
FFFFFF,
FFFFFF,
FFFFFF,
FFFF00,
FFFFFF,
FFFFFF,
FFFFFF,
FFFFFF,
FFFFFF,
FFFFFF,
FFFFFF,
FFFFFF,
FFFFFF,
FFFFFF,
FFFFFF,
FFFFFF,
FFFFFF,
FF00FF,
FFFFFF,
FFFFFF,
FFFFFF,
FFFFFF,
FFFFFF,
FFFFFF,
FFFFFF,
FFFFFF,
FFFFFF,
FFFFFF,
FFFFFF,
FFFFFF,
FFFFFF,
FFFFFF,
FFFFFF,
FFFFFF,
FFFFFF,
FFFFFF,
FFFFFF,
00FFFF,
FFFFFF,
FFFFFF,
FFFFFF,
FFFFFF,
FFFFFF,
FFFFFF,
FEFEFE,
FEFEFE,
FEFEFE,
FEFEFE,
FEFEFE,
FFFFFF,
FFFFFF,
FFFFFF,
FFFFFF,
FFFFFF,
FFFFFF,
FFFFFF,
FFFFFF,
FFFF00,
FFFFFF,
00FFFF,
00FFFF,
FFFFFF,
FFFFFF,
FFFFFF,
FFFFFF,
FFFFFF,
FFFFFF,
FFFFFF,
FFFFFF,
FFFF00,
FFFFFF,
FFFFFF,
FFFFFF,
FFFFFF,
FFFFFF,
FFFFFF,
FFFFFF,
FFFF00,
F7F4EA,
E1D5C3,
E4D1B8,
E800B5,
E9D3B4,
E8D5B7,
E7D6B9,
E8D5BA,
E9D5BB,
EAD6BC,
EAD6BD,
E9D6BC,
E8D5BB,
E8D4BB,
E8D4BA,
E7D2B7,
E7D2B7,
E7D2B7,
E7D2B7,
E7D2B7,
00D3B8,
E9D4B9,
E9D4B9,
E7D6BC,
E6D5BB,
E4D1B8,
E3CFB5,
E4D0B5,
E6CFB3,
E7CFB3,
E6CEB0,
E7CEB0,
E7CEB0,
E7CFB1,
E7CFB2,
E5D000,
E5D0B5,
E6D2B8,
E7D3B9,
E7D3B8,
E8D4B9,
E9D5BA,
E7D3BA,
E5D1B9,
E6D2BA,
E9D4BE,
EAD5FF,
E6D4BF,
E5D3BF,
E5D3BD,
E3D1BB,
E4D2BA,
E2D1B7,
DFCEB4,
DCCBB1,
DCC9B0,
DCC8B1,
DAC5AD,
D7C1A9,
D4BCA4,
D2B99F,
D3009F,
D1B79D,
CAB100,
C7AE95,
C3AA91,
BEA48A,
BCA287,
B8A082,
B49C7E,
B19879,
AE9273,
AF8F70,
AF8F6F,
B0906F,
00906F,
AF906E,
AF906F,
AE8E6C,
AE8F71,
B29376,
B29376,
B39479,
B09378,
B40080,
B59A83,
B59A83,
755A47,
351A0B,
3A1C0A,
361A09,
695B50,
FCFCFA,
FDFFFF,
FFFCFB,
FFFEFB,
FFFF00,
FFFFFF,
FFFFFF,
FFFFFF,
FFFFFF,
FFFFFF,
00FFFF,
FFFFFF,
FFFFFF,
FFFFFF,
FFFFFF,
FFFFFF,
FF00FF,
FFFFFF,
FFFFFF,
FFFFFF,
FFFFFF,
FFFFFF,
FFFFFF,
FFFFFF,
FFFFFF,
FFFF00,
FFFFFF,
FFFFFF,
FFFFFF,
FFFFFF,
FFFFFF,
FFFFFF,
FFFFFF,
FFFFFF,
FFFFFF,
FFFFFF,
FFFFFF,
FFFFFF,
FFFFFF,
FFFFFF,
FFFFFF,
FFFFFF,
FFFFFF,
FF00FF,
FFFFFF,
FFFFFF,
FFFFFF,
FFFFFF,
FFFFFF,
FFFFFF,
FFFFFF,
FFFFFF,
FFFFFF,
FFFFFF,
FFFFFF,
FFFFFF,
FFFFFF,
FFFFFF,
FFFFFF,
FFFFFF,
FFFFFF,
FFFFFF,
FFFFFF,
FFFFFF,
FEFEFE,
FEFEFE,
FEFEFE,
FEFEFE,
FFFFFF,
FFFFFF,
FFFFFF,
FFFFFF,
FFFFFF,
FFFFFF,
FFFFFF,
FFFFFF,
FFFFFF,
FFFFFF,
FFFFFF,
FFFFFF,
FFFFFF,
FF00FF,
00FFFF,
FFFFFF,
00FFFF,
FFFFFF,
FFFFFF,
FFFFFF,
FFFFFF,
FFFFFF,
FFFFFF,
FFFFFF,
FFFFFF,
FFFFFF,
FFFFFF,
FFFFFF,
FFFFFF,
FFFFFF,
FFFFFF,
FFFFFF,
FFFFFF,
FFFFFF,
FFFFFF,
FFFFFF,
FFFFFF,
FFFFFF,
FFFFFF,
FF00FF,
FFFFFF,
FF00FF,
FFFFFF,
FFFFFF,
FFFFFF,
FFFFFF,
FFFF00,
FFFFFF,
00FFFF,
FFFFFF,
FFFFFF,
FFFFFF,
FFFFFF,
FFFFFF,
FFFFFF,
FFFFFF,
00FFFF,
FFFFFF,
FFFFFF,
FFFFFF,
FFFFFF,
FFFFFF,
FEFEFF,
FEFEFE,
FEFEFE,
FEFEFE,
FEFEFE,
FFFFFF,
FFFFFF,
FFFFFF,
FFFFFF,
FFFFFF,
FFFFFF,
FFFFFF,
FFFFFF,
FFFFFF,
FFFFFF,
FFFFFF,
FFFFFF,
FFFFFF,
FFFFFF,
FFFFFF,
FFFFFF,
FFFFFF,
FFFFFF,
FFFFFF,
FFFFFF,
FFFFFF,
FF00FF,
FFFFFF,
FFFFFF,
FFFFFF,
FFFFFF,
FFFF00,
FFFFFD,
FFFFF8,
EDE6D8,
DACCB7,
E7D2B6,
E7D0AF,
E8D0B0,
E7D2B3,
E6D3B5,
E6D2B6,
FFD3B7,
E8FFB8,
E8D4B8,
E9D5B9,
E8D4B8,
E6D3B6,
E5D2B5,
E6D1B5,
E6D1B5,
E7D2B6,
E7D2B6,
E8D3B8,
E9D4B9,
EAD4B9,
EAD5BA,
E8D4BB,
E6D4BA,
E5D1B8,
E5D0B5,
E5D0B4,
E7CFB2,
E7CFB2,
E7CFB1,
E7CEB1,
E8CEB3,
E8CFB4,
E800B7,
E6D1B7,
E7D1B9,
E7D3BB,
E9D5BC,
E7D3B9,
E9D5BA,
EBD7BC,
E9D5BB,
E7D3BB,
E9D5BD,
EAD5C0,
EAD5C0,
E7D4BF,
E7D5C1,
E700BF,
E4D2BC,
E4D1BA,
E2D1FF,
DFCEB4,
DCCBB1,
DCC9B0,
DCC8B0,
D9C4AC,
D6C0A7,
D2BAA0,
CEFF9A,
CCB298,
CBB195,
C5AB90,
C0A68C,
BBA086,
B4997E,
B3997C,
FF987A,
AF9678,
AE9476,
AE9171,
B1906E,
B1906F,
B29170,
B29100,
B29170,
B39272,
B391FF,
B19173,
B29376,
B29378,
B2947B,
B4967F,
B79B85,
AF9480,
8D7260,
42291B,
34000B,
3B1D0B,
391D0A,
5A483C,
F1EDEB,
FEFFFF,
FAFCFB,
FFFE00,
FFFFFF,
FFFFFF,
FFFFFF,
FFFFFF,
FFFFFF,
FFFFFF,
FF00FF,
FFFFFF,
FFFFFF,
FFFFFF,
00FFFF,
FFFFFF,
FFFFFF,
FFFFFF,
FFFFFF,
FFFFFF,
FFFFFF,
FFFFFF,
FFFFFF,
FFFFFF,
FFFFFF,
FFFFFF,
FFFFFF,
FFFFFF,
FFFFFF,
FFFFFF,
FFFFFF,
FFFFFF,
FFFFFF,
FFFFFF,
FFFFFF,
FFFFFF,
FFFFFF,
FFFFFF,
FFFFFF,
FFFFFF,
FFFFFF,
FFFFFF,
FFFFFF,
FFFFFF,
FFFFFF,
FFFFFF,
FFFFFF,
FFFFFF,
FFFFFF,
FFFFFF,
FFFFFF,
FF00FF,
FFFFFF,
FFFFFF,
FFFFFF,
FFFFFF,
FFFFFF,
FFFFFF,
FF00FF,
FFFFFF,
FFFFFF,
FFFFFF,
FFFFFF,
FFFFFF,
FEFEFE,
00FEFE,
FEFEFE,
FEFEFE,
FFFFFF,
FFFFFF,
FFFFFF,
FFFFFF,
FFFFFF,
FFFFFF,
FFFFFF,
00FFFF,
FFFFFF,
FFFFFF,
FFFFFF,
FFFFFF,
FFFFFF,
00FFFF,
FFFFFF,
FFFFFF,
FFFFFF,
FFFFFF,
FFFFFF,
FFFF00,
FFFFFF,
FFFFFF,
FFFFFF,
FFFFFF,
FFFFFF,
FFFFFF,
FFFFFF,
FFFFFF,
FFFFFF,
FFFFFF,
FFFFFF,
FFFFFF,
FFFFFF,
FFFFFF,
FFFFFF,
FFFFFF,
FFFFFF,
FF00FF,
FFFFFF,
FFFFFF,
FFFFFF,
FFFFFF,
FFFFFF,
FFFFFF,
FFFFFF,
FFFFFF,
FFFFFF,
FFFFFF,
FFFFFF,
FFFFFF,
FFFFFF,
FFFFFF,
FFFFFF,
FFFFFF,
FFFFFF,
FFFFFF,
FFFFFF,
FFFFFF,
FFFFFF,
FFFFFF,
FFFFFF,
FFFFFF,
FEFEFE,
FEFEFE,
FEFEFE,
FEFEFE,
FEFEFE,
FFFFFF,
FFFFFF,
FFFFFF,
FFFFFF,
FFFFFF,
FFFFFF,
FFFFFF,
FFFFFF,
FFFFFF,
FFFFFF,
FFFFFF,
FFFFFF,
FFFFFF,
FFFFFF,
FFFFFF,
FFFFFF,
FFFF00,
FFFFFF,
FFFFFF,
FFFFFF,
FFFFFF,
FFFFFF,
FFFFFF,
FFFFFF,
FFFFFF,
FFFFFF,
FFFFFF,
FEFEFC,
FFFFF5,
E6DFD0,
FFC9B2,
E2CCAE,
E5CBAA,
00CBAA,
00CCFF,
E2CDB0,
E2CEB0,
E2CFB1,
E3D0B2,
00D1B3,
E9D5B7,
E7D4B6,
E4D1B3,
E4D0B2,
E5D0B3,
E6D0B4,
E7D2B5,
E7D2B5,
E9D4B7,
EAD5B8,
EBD6B9,
ECD7BA,
E6D2B9,
E6D2B9,
E6D2B7,
E7D2B6,
E3CEB1,
E5CEB0,
E6CDAF,
FFCDAF,
E8CEB2,
E8CEB5,
E9D0B6,
E9D1B9,
E7D1B9,
E8D2BB,
E9D5FF,
EAD5BF,
E8D4BB,
EBD7BC,
EEDABF,
EBD7BE,
EBD7BF,
EDD9C1,
EDD8C2,
EBD6C1,
E8D5FF,
E9D7C3,
E9D7C2,
E7D5BF,
E6D4BC,
E4D3B9,
E1D0B6,
DECDB3,
DECAB1,
DCC6AE,
D9C4AB,
D6BF00,
D3FF00,
CDB398,
C9AE91,
C4A98C,
C0A588,
B99D81,
AF9377,
AE9175,
B09477,
AF9276,
AF9377,
AF9376,
B09272,
B3926F,
B2916F,
B29070,
B1906F,
B29172,
B39274,
B39074,
B29175,
B39478,
B59700,
B3967E,
AE927C,
8B6F5C,
5F4434,
412518,
2F160C,
321A0C,
3F200E,
391B08,
4C392C,
E6E0DD,
FFFFFF,
FBFEFE,
FEFEFD,
FFFFFF,
FFFFFF,
FFFFFF,
FFFFFF,
FFFFFF,
FFFFFF,
FFFFFF,
FF00FF,
FFFFFF,
00FFFF,
FFFFFF,
FFFFFF,
FFFFFF,
FFFFFF,
FFFFFF,
FFFFFF,
FFFFFF,
FFFFFF,
FFFFFF,
FFFFFF,
FFFFFF,
FFFFFF,
FFFFFF,
FFFFFF,
FFFFFF,
FFFFFF,
FFFFFF,
FFFFFF,
FFFFFF,
FFFFFF,
FFFFFF,
FFFFFF,
FFFFFF,
FFFFFF,
FF00FF,
FFFFFF,
FFFFFF,
FFFFFF,
FFFFFF,
FFFFFF,
FFFFFF,
FFFFFF,
FFFFFF,
FFFFFF,
FFFFFF,
FFFFFF,
FFFFFF,
FFFFFF,
FF00FF,
FFFFFF,
FFFFFF,
FFFFFF,
FFFFFF,
FFFFFF,
FFFFFF,
FFFFFF,
FFFFFF,
FFFFFF,
FFFFFF,
FFFFFF,
FEFEFE,
FEFEFE,
FEFEFE,
FEFEFE,
FFFFFF,
FFFFFF,
FFFFFF,
FFFFFF,
FFFFFF,
FFFFFF,
FFFFFF,
FFFFFF,
00FF00,
FFFFFF,
FFFFFF,
FFFFFF,
FFFFFF,
FFFFFF,
FFFFFF,
FFFFFF,
FFFF00,
FFFFFF,
FFFFFF,
FFFFFF,
FFFFFF,
FFFFFF,
FFFFFF,
FFFFFF,
FFFFFF,
FFFFFF,
FFFFFF,
FFFFFF,
FFFFFF,
FFFFFF,
FFFFFF,
FFFFFF,
FFFFFF,
FF00FF,
FFFFFF,
FFFFFF,
FFFFFF,
FFFFFF,
FFFFFF,
FFFFFF,
FFFFFF,
FFFFFF,
FFFFFF,
FFFFFF,
FFFFFF,
FFFFFF,
FFFFFF,
FFFFFF,
FFFFFF,
FFFFFF,
FFFFFF,
FFFFFF,
FFFFFF,
FFFFFF,
FEFEFE,
FEFEFE,
FEFEFE,
FEFEFE,
FFFFFF,
FFFFFF,
FFFFFF,
FFFFFF,
FFFFFF,
FFFFFF,
00FFFF,
FFFFFF,
FFFFFF,
FEFEFE,
FEFEFE,
FEFEFE,
FEFEFE,
FFFFFF,
FFFFFF,
FFFFFF,
FFFFFF,
FFFFFF,
FF00FF,
FFFFFF,
FFFFFF,
FEFEFE,
FEFEFE,
FEFEFE,
FEFEFE,
FFFFFF,
FFFF00,
FFFFFF,
FFFFFF,
FFFF00,
FFFF00,
FFFFFF,
FFFFFF,
FFFFFF,
FFFFFF,
00FFFF,
FFFFFC,
FFFFF5,
E2DCCC,
D9C9B2,
E1C9AC,
E4C9AB,
E7CCAE,
E6CDB2,
E6D0B5,
E5D1B3,
E4CFB2,
E1CCAF,
E2CEB0,
E4CFFF,
E500B3,
E1CCAF,
E1CBAE,
FFCCFF,
E3CBB0,
E3CBB0,
E3CBAF,
E7CFB3,
EAD2B6,
EBD3B7,
ECD5B9,
E7D3B8,
E7D3B8,
E8D2B7,
E7D0B4,
E5CEB0,
E6CDAF,
E6CDAE,
E6CDAE,
E9CFB2,
E8CEB5,
E6CEB4,
E8D0B7,
E7D0B8,
EAD4BD,
ECD8C0,
EAD5BF,
00D6BD,
EEDABF,
EDD9BE,
EDD9BF,
EFDBC3,
EFDBC3,
EED9C3,
EDD8C3,
EAD7C3,
EAD8C4,
EB00FF,
E9D7C1,
FFD5BE,
E5D4BA,
E1D0B6,
DCCBB1,
DCC8AE,
DBC4A9,
D8C0A5,
D3BA9F,
CDB397,
C9FF91,
C5AAFF,
FFA284,
B79B7D,
B39478,
AE8F72,
B09174,
B29477,
AF9175,
B29478,
B39478,
AE8EFF,
B1916F,
B49372,
B08F6F,
AE8C6F,
AF8D72,
B18F74,
B39177,
B8977E,
B5977D,
A68870,
846900,
5E422F,
492E1F,
482D21,
462B20,
331C00,
321B0E,
3E1E0D,
001D0A,
3F291C,
DBFFD2,
FFFFFF,
FAFDFE,
FFFFFF,
FFFFFF,
FFFFFF,
FFFFFF,
FFFFFF,
FFFFFF,
FFFFFF,
FFFFFF,
FFFFFF,
FFFFFF,
FFFFFF,
FFFFFF,
FFFFFF,
FFFFFF,
FFFFFF,
FFFFFF,
FFFFFF,
FFFFFF,
FFFFFF,
FFFFFF,
FFFFFF,
FFFFFF,
FFFFFF,
FFFFFF,
FFFFFF,
FFFFFF,
FFFFFF,
FFFFFF,
FFFFFF,
FFFFFF,
FFFFFF,
FFFFFF,
FFFFFF,
FFFFFF,
FFFFFF,
FFFFFF,
FFFFFF,
FFFFFF,
FFFFFF,
FFFFFF,
FFFFFF,
FFFEFE,
FEFEFE,
FEFEFF,
FEFEFE,
FFFFFF,
FFFFFF,
FFFFFF,
FFFFFF,
FFFFFF,
FFFFFF,
FFFFFF,
FFFFFF,
FFFFFF,
FFFFFF,
FFFFFF,
FFFFFF,
FFFFFF,
FFFFFF,
FFFFFF,
FFFFFF,
FFFFFF,
FFFFFF,
FFFF00,
FFFFFF,
FFFFFF,
FFFFFF,
FFFFFF,
FFFFFF,
FFFFFF,
FFFFFF,
FFFFFF,
FFFFFF,
FEFEFE,
FEFEFE,
FEFEFE,
FEFEFE,
FFFFFF,
FF00FF,
FFFFFF,
FFFFFF,
FFFF00,
FFFFFF,
FFFFFF,
FFFFFF,
FFFFFF,
FFFFFF,
FFFFFF,
FFFFFF,
FFFFFF,
FFFFFF,
00FFFF,
FFFFFF,
FFFFFF,
FFFFFF,
FFFFFF,
FFFFFF,
FFFFFF,
FFFFFF,
FFFFFF,
FFFFFF,
FFFFFF,
FFFFFF,
FFFFFF,
00FFFF,
FFFFFF,
FFFFFF,
FFFFFF,
FFFFFF,
FFFFFF,
FFFFFF,
FFFFFF,
FFFFFF,
FFFFFF,
FFFFFF,
FFFFFF,
FFFFFF,
FFFFFF,
00FFFF,
FEFEFE,
FEFEFE,
FEFEFE,
FEFEFE,
FFFFFF,
FFFFFF,
FFFFFF,
FFFFFF,
FFFFFF,
FFFFFF,
FFFFFF,
FFFFFF,
FFFFFF,
FEFEFE,
FEFEFF,
FEFEFE,
FEFEFE,
FFFFFF,
FFFFFF,
FFFFFF,
FFFFFF,
FFFFFF,
FFFFFF,
FFFFFF,
FFFFFF,
FEFEFE,
FEFEFE,
FEFEFE,
FEFEFE,
FFFFFF,
FFFFFF,
FFFFFF,
FFFFFF,
FFFFFF,
FFFFFF,
00FFFF,
FFFFFF,
FFFFFF,
FFFFFF,
FFFF00,
FEFEFC,
FDFDF6,
F1EBDE,
D4C4B0,
D9C2A9,
E4C9AF,
E8CCB3,
FFCDB6,
E7D0B9,
E6D1B6,
E2CDFF,
DFCAAF,
E3CEB3,
E3CEB2,
E1CCB1,
DEC9AD,
FFC9AD,
DCC5A7,
00C6A8,
E0C9AA,
E1CAAC,
E1CAAB,
E5CDAF,
E5CEAF,
E9D1B4,
E6D1B6,
E6D1B5,
E6D1B4,
E6CEB1,
E4CCAE,
E4CBAD,
E5CAAC,
E5CAAC,
E7CD00,
E6FF00,
E4CCB1,
E6CEB3,
E5D0B6,
E8D3BB,
EAD6BE,
E900BD,
E9D5BA,
ECD8BD,
EB00BC,
00D7BD,
EEDAC1,
EEDAC2,
EDD8C3,
EDD8C3,
EBD8C4,
EBD9C5,
ECDAC5,
EBD9C3,
00D7BF,
E7D6BC,
E3D2B8,
DFCEB4,
DDC8AD,
DAC2A6,
D6BDA1,
D0B79A,
C9B092,
C2A789,
BCA081,
B79A7B,
B49677,
B39274,
AF0070,
B19073,
FF9377,
B39277,
009377,
B49378,
B19274,
B09171,
AC8E6E,
AD8E70,
B09074,
AF8F75,
AE8F76,
AD8D76,
9DFF69,
7A5D47,
003F29,
4D311E,
4CFF20,
4E32FF,
4C3126,
472D22,
321B12,
321A0F,
3F1E0C,
401E0A,
3A2114,
00C3BF,
FFFFFF,
FCFFFF,
FDFEFE,
FFFFFF,
FFFFFF,
FFFFFF,
FFFFFF,
FFFFFF,
FFFFFF,
FFFFFF,
FFFFFF,
FFFFFF,
FFFFFF,
FFFFFF,
FFFFFF,
FFFF00,
FFFFFF,
FFFFFF,
FFFFFF,
FFFFFF,
FFFFFF,
FFFFFF,
00FFFF,
FFFFFF,
FFFFFF,
FFFFFF,
FFFFFF,
FFFFFF,
FFFFFF,
FFFFFF,
FFFF00,
FFFFFF,
FFFFFF,
FFFFFF,
FFFFFF,
FFFFFF,
FFFFFF,
FFFFFF,
FFFFFF,
FFFFFF,
FFFFFF,
FFFFFF,
FFFFFF,
FEFEFE,
FEFEFE,
FEFEFE,
FEFEFE,
FFFFFF,
FFFFFF,
FFFFFF,
FFFFFF,
00FFFF,
FFFFFF,
FFFFFF,
FFFFFF,
FFFFFF,
FFFFFF,
FFFFFF,
FFFFFF,
FFFFFF,
FFFFFF,
FFFFFF,
FFFFFF,
FFFFFF,
FFFFFF,
FFFFFF,
FFFFFF,
FFFFFF,
FFFFFF,
FFFFFF,
FFFFFF,
FFFFFF,
FFFFFF,
FFFFFF,
FFFFFF,
FEFEFE,
FEFEFE,
FEFEFE,
FEFEFE,
FFFFFF,
FF00FF,
FFFFFF,
FFFFFF,
FFFFFF,
FFFFFF,
FFFFFF,
FFFF00,
FFFFFF,
FFFFFF,
FFFFFF,
FFFFFF,
FFFFFF,
FFFFFF,
FFFFFF,
FF00FF,
FFFFFF,
FFFFFF,
FFFFFF,
FFFFFF,
FF00FF,
FFFFFF,
FFFFFF,
FFFFFF,
FFFFFF,
FFFFFF,
FF00FF,
FFFFFF,
FFFFFF,
FFFFFF,
FFFFFF,
FFFFFF,
FFFFFF,
FFFFFF,
FFFFFF,
FFFFFF,
FFFFFF,
FF00FF,
FFFFFF,
FFFFFF,
FFFFFF,
FFFFFF,
FFFEFE,
FEFEFE,
FEFEFE,
00FEFE,
FFFFFF,
FFFFFF,
FFFFFF,
FFFFFF,
FFFFFF,
FFFFFF,
FFFFFF,
FFFFFF,
FFFF00,
FEFEFE,
FEFEFE,
FEFEFE,
FEFEFE,
FFFFFF,
FFFFFF,
FFFFFF,
FFFFFF,
FFFFFF,
FFFFFF,
FFFFFF,
FFFFFF,
FEFEFE,
FEFEFF,
FEFEFE,
FEFEFE,
FFFFFF,
FFFFFF,
FFFFFF,
FFFFFF,
FFFFFF,
FFFFFF,
FFFFFF,
FFFFFF,
00FFFF,
FFFFFF,
FFFFFF,
FFFFFE,
FD00F8,
FFFFF7,
C7B8A9,
644E3A,
765A45,
907462,
A78F7F,
B8A191,
CAB49C,
DBC5AC,
E4CEB5,
E7D0FF,
E600B7,
E6D0B7,
E0CAB1,
DEC7AE,
E1C9AB,
DFC8A8,
DCC4FF,
DBC3A4,
DDC6A7,
E1CAAB,
E1CAAB,
E4CDAE,
E3CEB2,
E3CEB1,
E4CEB1,
E3CCFF,
E1C8AA,
E2C8A9,
E2C8A9,
E2C8A9,
E3CAAC,
E2C9AB,
E0C9AB,
E2CAAD,
E2CEB2,
E5D0B6,
E6D2B9,
E6D2B8,
E7D3B8,
EBD7BC,
EAD6BB,
EAD600,
ECD8BF,
FFD8C0,
EBD6C1,
EBD6C1,
EAD7C3,
EBD9C5,
ECDAC5,
ECDAC4,
EAD8C1,
E9D8BF,
E6D5BB,
E2D000,
E0CBAE,
DCC3A6,
D5BD9F,
CEB596,
C7AC8E,
BCA181,
B39776,
B19473,
B29270,
B1906F,
AF8E6E,
B18F71,
B39074,
B69378,
B69378,
B18E75,
B19176,
AD9273,
FF9173,
B00078,
AE9279,
9C7F69,
836753,
644835,
4E3000,
4A2D1D,
482B1C,
4F3223,
523628,
503429,
4E3328,
472D22,
311B11,
321A11,
3E1E0D,
411E00,
371C0E,
BAAFAA,
FFFFFF,
FDFEFF,
FCFDFE,
FFFFFF,
FFFFFF,
FFFFFF,
FFFFFF,
FFFFFF,
FFFFFF,
FFFFFF,
FFFFFF,
FFFFFF,
FFFFFF,
FFFFFF,
FFFF00,
FFFFFF,
00FFFF,
FFFFFF,
FF00FF,
FFFFFF,
FFFFFF,
FFFFFF,
FFFFFF,
FFFFFF,
FFFFFF,
FFFFFF,
FFFFFF,
FFFFFF,
FFFFFF,
FFFFFF,
FFFFFF,
FFFFFF,
FFFF00,
FFFFFF,
FFFFFF,
FFFFFF,
FFFFFF,
FFFFFF,
FFFFFF,
FFFFFF,
FFFFFF,
FFFFFF,
FFFFFF,
FEFEFE,
FEFEFE,
FEFEFE,
FEFEFE,
FFFFFF,
00FFFF,
FFFFFF,
FFFFFF,
FFFFFF,
FFFFFF,
FFFFFF,
FFFFFF,
FFFFFF,
FFFFFF,
FFFFFF,
FFFFFF,
FFFFFF,
FFFFFF,
FFFFFF,
FFFFFF,
FFFFFF,
FFFFFF,
FFFFFF,
FFFFFF,
FFFFFF,
FFFFFF,
FFFFFF,
FFFFFF,
FFFFFF,
FFFFFF,
FFFFFF,
FFFFFF,
FEFEFE,
FEFEFE,
FEFEFE,
FEFEFE,
FFFFFF,
FFFFFF,
FF00FF,
FFFFFF,
FFFFFF,
FFFFFF,
FFFFFF,
FFFFFF,
FFFFFF,
FFFFFF,
FFFFFF,
FFFFFF,
FFFFFF,
FFFFFF,
FFFFFF,
FF00FF,
FFFFFF,
FFFFFF,
FFFFFF,
FFFFFF,
FFFFFF,
FFFFFF,
FF00FF,
FFFFFF,
FFFFFF,
FFFFFF,
FFFFFF,
FFFF00,
FFFFFF,
FFFFFF,
FFFFFF,
FFFFFF,
FFFFFF,
FFFFFF,
FFFFFF,
FFFFFF,
FFFF00,
FFFFFF,
FFFFFF,
FFFFFF,
FFFFFF,
FFFFFF,
FEFEFE,
FEFEFE,
FEFFFE,
FEFEFE,
FFFFFF,
FFFFFF,
FFFFFF,
FFFFFF,
FFFFFF,
FFFFFF,
FFFFFF,
FFFFFF,
FFFFFF,
FEFEFE,
FEFEFE,
FEFEFE,
FEFEFE,
FFFFFF,
FFFFFF,
FFFFFF,
FFFF00,
FFFFFF,
FFFFFF,
FFFFFF,
FFFFFF,
FEFEFE,
FFFEFE,
FEFEFE,
FEFEFE,
FFFFFF,
FFFFFF,
FFFFFF,
FFFFFF,
FFFFFF,
FFFFFF,
FFFFFF,
00FFFF,
FFFFFF,
FFFFFF,
FFFFFF,
FF00FF,
F9F9F7,
FFFFFC,
BDB1A5,
412B1C,
361B0C,
2C1105,
2B1308,
FF2217,
4C341F,
604630,
755D47,
FF71FF,
A38A74,
B9A08A,
FFB49E,
DAC1AA,
DEC4A8,
DFC6A8,
E1C8AA,
E2C9AB,
DFC6A8,
E2C9AB,
E2C9AA,
E4CBAD,
E1CBAE,
E1CBAE,
E2CBAE,
E1C8AA,
DFC6A6,
E0C400,
E0C6A4,
E0C6A4,
DFC7A7,
DEC6A6,
DDC7A6,
DEC7A8,
DFCAAB,
E0CBAE,
E1CDB1,
E2CEB2,
E4D1B5,
E8D4B9,
E8D4B9,
E8D4BB,
E8D400,
E800BC,
FFD3BE,
E8D3BF,
E8D5C1,
E9D7C4,
EBD9C3,
EBD9C3,
EBFFC2,
EAD9BF,
E7D6BC,
E4D2B8,
E2CDB0,
DEC5A7,
D6BD9E,
CDB394,
C4AA8A,
B99D7C,
B09270,
B09371,
B1916E,
B18E6D,
B18E6E,
B39071,
B89477,
B79378,
B48F76,
B8947B,
B5967B,
AE9677,
A88F72,
8C735A,
6C523B,
543927,
462B00,
482D1F,
4A2D21,
4C2E23,
4F3226,
4D3126,
FF3226,
4E3428,
4E3429,
462E22,
001A10,
321A11,
3E1E0E,
420009,
381B0C,
A8FF97,
FFFFFF,
FCFDFF,
FEFFFF,
FFFFFF,
FFFFFF,
FFFFFF,
FFFFFF,
FFFFFF,
FFFFFF,
FFFFFF,
FFFFFF,
FFFFFF,
FFFFFF,
FFFFFF,
FFFF00,
FFFFFF,
FFFFFF,
FFFF00,
FFFFFF,
FFFFFF,
FFFFFF,
FFFFFF,
FFFFFF,
FFFFFF,
FFFFFF,
FFFFFF,
FFFFFF,
FFFFFF,
FFFFFF,
FFFFFF,
FFFF00,
FFFF00,
FFFFFF,
FFFFFF,
FFFFFF,
FFFFFF,
FFFFFF,
FFFFFF,
FFFFFF,
FF00FF,
FFFFFF,
FFFFFF,
FFFFFF,
FEFEFE,
FEFEFE,
FEFEFE,
FEFE00,
FFFF00,
FFFFFF,
FFFFFF,
FFFFFF,
FFFFFF,
FFFFFF,
FFFFFF,
FFFFFF,
FFFFFF,
FFFFFF,
FFFFFF,
FFFFFF,
FFFFFF,
FFFFFF,
FFFFFF,
FFFFFF,
00FFFF,
FFFFFF,
FFFFFF,
FFFFFF,
FFFFFF,
FFFFFF,
FFFFFF,
FFFFFF,
FFFFFF,
FFFFFF,
FFFFFF,
FFFFFF,
FE00FE,
FEFEFE,
FEFEFE,
FEFEFF,
FFFFFF,
FFFFFF,
FFFFFF,
FFFFFF,
FFFFFF,
FFFFFF,
FFFFFF,
FFFFFF,
FFFFFF,
FFFFFF,
FFFFFF,
FF00FF,
FFFFFF,
FFFFFF,
FFFFFF,
FFFFFF,
FFFFFF,
FFFFFF,
FFFFFF,
FFFFFF,
FFFFFF,
0000FF,
FFFFFF,
FFFFFF,
FFFFFF,
FFFFFF,
FFFFFF,
FFFFFF,
FFFFFF,
FFFFFF,
FFFFFF,
FFFFFF,
FFFFFF,
FFFFFF,
FFFFFF,
FFFFFF,
FFFFFF,
00FFFF,
FFFFFF,
FFFFFF,
FFFFFF,
FFFFFF,
FEFEFE,
FEFEFE,
FEFEFE,
FEFEFE,
FFFFFF,
FFFFFF,
FFFFFF,
FFFFFF,
FFFFFF,
FFFFFF,
FFFFFF,
FFFFFF,
FFFFFF,
FEFEFE,
FEFEFE,
FEFEFE,
FEFEFE,
FFFFFF,
FFFFFF,
FFFFFF,
FFFFFF,
00FF00,
FFFFFF,
FFFFFF,
FFFFFF,
FEFEFF,
FEFEFE,
FEFEFE,
FEFEFE,
FFFFFF,
FFFFFF,
FFFFFF,
FFFFFF,
FFFFFF,
FFFFFF,
FFFFFF,
FFFFFF,
FFFFFF,
FFFFFF,
FFFFFF,
FEFEFF,
FCFDFE,
FFFFFF,
B2A39B,
FF2C20,
462B1F,
41271D,
001F19,
331C15,
331A07,
321905,
331905,
381E0A,
371D09,
3C230E,
442A16,
523823,
6A5033,
7B6243,
92795A,
A48B6C,
B79E7F,
C5AB8D,
D4BB9C,
E2C8AA,
E7CFB3,
E7CFB3,
E5CDAF,
E2C9AC,
DFC5A7,
DFC4FF,
DFC4A4,
DFC4A4,
DEC5A4,
DCC4A3,
DBC3A2,
DCC5A5,
DCC7A7,
DB00A8,
DCC8AA,
DECAAD,
DFCCB0,
E3CFB5,
E3CFB4,
E3CFB6,
E3CFB7,
E4D0B7,
E5D1BA,
E6D1BB,
E6D3BE,
E8D6C1,
EAD8C2,
EAD8C2,
EAD8C1,
EAD9BF,
E7D6BC,
E4D2B8,
E3CDAF,
DDC4A5,
D4BB9C,
CAB190,
C0A584,
B59977,
AF926F,
B0926F,
B08F6C,
B18F6C,
B3906F,
B49274,
B69400,
BA977D,
BE9A00,
AB8770,
90735A,
705A3F,
533D23,
4B341D,
48311D,
48301F,
483021,
493125,
4D3100,
4F3128,
4D2F27,
4A2F24,
4B3000,
4A3024,
4C3500,
462F21,
301B10,
321A11,
3F1E0E,
431E00,
361A09,
958781,
FFFFFF,
FDFEFF,
FEFFFF,
FFFFFF,
FFFFFF,
00FFFF,
FFFFFF,
FFFFFF,
FFFFFF,
FFFFFF,
FFFFFF,
FFFFFF,
FFFFFF,
FFFFFF,
FFFF00,
FFFFFF,
FFFFFF,
FFFFFF,
FFFFFF,
FFFFFF,
FFFFFF,
FFFFFF,
FFFFFF,
FFFFFF,
FFFFFF,
FF00FF,
FFFFFF,
FFFFFF,
FFFFFF,
FFFFFF,
FFFFFF,
FFFFFF,
FFFFFF,
FFFFFF,
FFFFFF,
FFFFFF,
FFFFFF,
FFFFFF,
FFFFFF,
FFFFFF,
FFFFFF,
FFFFFF,
FFFFFF,
FEFEFE,
FE00FE,
FEFEFE,
FEFEFE,
FFFFFF,
FFFFFF,
FFFFFF,
FFFFFF,
00FFFF,
FFFFFF,
FFFFFF,
FFFFFF,
FFFFFF,
FFFFFF,
FFFFFF,
FFFFFF,
00FFFF,
FFFFFF,
FFFFFF,
FFFFFF,
FFFFFF,
FFFFFF,
FFFFFF,
FFFFFF,
FFFFFF,
00FFFF,
FFFFFF,
FFFFFF,
FFFFFF,
FFFFFF,
FFFFFF,
FFFFFF,
FEFEFE,
FEFEFE,
FEFEFE,
FEFEFE,
FFFFFF,
FFFFFF,
FFFFFF,
FFFFFF,
FFFFFF,
FFFFFF,
FFFFFF,
FFFFFF,
FFFFFF,
FFFFFF,
FFFFFF,
FFFFFF,
FFFFFF,
FFFFFF,
FFFFFF,
FFFFFF,
FFFFFF,
FFFFFF,
00FFFF,
FFFFFF,
FFFFFF,
FFFFFF,
FFFFFF,
00FFFF,
FFFFFF,
FFFF00,
FFFFFF,
FFFFFF,
FFFF00,
FFFF00,
FFFFFF,
FFFFFF,
FFFFFF,
FFFF00,
FFFFFF,
FFFFFF,
FFFFFF,
FFFFFF,
FFFFFF,
FFFFFF,
FFFFFF,
FFFFFF,
FFFFFF,
FFFFFF,
FFFFFF,
FF00FF,
FFFFFF,
FFFFFF,
FFFFFF,
FFFFFF,
FFFFFF,
FFFFFF,
FFFFFF,
FFFFFF,
FFFFFF,
FFFFFF,
FFFFFF,
FFFFFF,
FFFFFF,
FFFFFF,
FF00FF,
FFFFFF,
FFFFFF,
FFFFFF,
FFFFFF,
FFFFFF,
FFFFFF,
FFFFFF,
FFFFFF,
FFFFFF,
FFFFFF,
FFFFFF,
FF00FF,
FFFFFF,
FFFFFF,
FFFFFF,
FFFFFF,
FFFFFF,
FFFFFF,
FFFFFF,
FFFFFF,
FFFFFF,
FCFEFF,
FCFCFF,
FFFFFE,
AD9B94,
482B1E,
4A281A,
4D2B1D,
45281B,
FF2A1D,
513120,
51321E,
4C2D19,
482813,
462611,
42210C,
45230E,
4B2AFF,
41220B,
3F2109,
41220B,
43250D,
4729FF,
4F3119,
5F4029,
6E5039,
7C6100,
8D725E,
A28772,
B79B85,
C8AD96,
D2B69F,
D8BCA5,
DBBFA8,
D9BEA2,
DEC3A6,
E0C6AA,
DBC3A7,
DBC4A7,
DDC7AC,
DCC6AC,
DFC9B0,
E0CCB1,
E2CFB2,
E2CFB2,
E2CEB2,
E3CF00,
E5D1B6,
E4D0B6,
E4D0B6,
E5D3BA,
E5D4BC,
E3D2BA,
E600BC,
E7D6BD,
E4D3BA,
E700BD,
E5D4BA,
E0C8AB,
D7BD9F,
CDB391,
C2A681,
B69973,
B1936D,
B0926D,
B1FF71,
B09270,
AC906E,
B29676,
B5987C,
AE927A,
98FF68,
745846,
583B2C,
47001E,
412AFF,
452E1F,
462F21,
472E21,
FF2F23,
493024,
4B3125,
4C3128,
4A3029,
4B2F26,
4C3100,
4E3527,
4E3427,
4A3125,
432B21,
31170B,
341807,
3F1F0C,
411F0D,
361B0C,
83746D,
FFFFFD,
FCFDFE,
FCFEFF,
FFFFFF,
FFFFFF,
FFFFFF,
FFFFFF,
FFFFFF,
FFFFFF,
FFFFFF,
FFFFFF,
FFFFFF,
FFFFFF,
FFFFFF,
FFFF00,
FFFFFF,
FFFFFF,
FFFFFF,
FFFFFF,
FFFFFF,
FFFFFF,
FFFFFF,
FFFFFF,
FFFFFF,
FFFF00,
FFFFFF,
FFFFFF,
FFFFFF,
FFFFFF,
FFFFFF,
FFFFFF,
FFFFFF,
FFFFFF,
FFFFFF,
00FFFF,
FFFFFF,
FFFFFF,
FFFFFF,
FFFFFF,
FFFFFF,
00FFFF,
FFFFFF,
FFFFFF,
FFFFFF,
FFFFFF,
FFFFFF,
FFFFFF,
FFFFFF,
FFFFFF,
FFFFFF,
FFFFFF,
FFFFFF,
00FFFF,
FFFFFF,
FFFFFF,
FFFFFF,
FFFFFF,
FFFFFF,
FFFFFF,
FFFFFF,
FFFFFF,
00FFFF,
FFFFFF,
FFFFFF,
FFFFFF,
FFFF00,
FFFFFF,
FFFFFF,
FFFFFF,
FFFFFF,
FFFFFF,
FFFFFF,
FFFFFF,
FFFFFF,
FFFFFF,
FFFFFF,
FFFFFF,
FF00FF,
FFFFFF,
FFFFFF,
FFFFFF,
FFFFFF,
FFFFFF,
FFFFFF,
FFFFFF,
FFFF00,
FFFFFF,
FFFFFF,
FFFFFF,
FFFFFF,
FFFFFF,
FFFFFF,
FFFFFF,
FFFFFF,
FFFFFF,
FFFFFF,
FFFFFF,
FFFFFF,
FFFFFF,
FFFFFF,
FFFFFF,
FFFFFF,
FFFFFF,
FFFFFF,
FFFFFF,
FFFFFF,
FFFFFF,
FFFFFF,
FFFFFF,
FFFFFF,
FFFFFF,
FFFFFF,
FFFFFF,
FFFFFF,
FFFFFF,
FFFFFF,
FFFFFF,
FFFFFF,
FFFFFF,
FFFFFF,
FFFFFF,
FFFFFF,
FFFFFF,
FFFFFF,
FFFFFF,
FFFFFF,
FFFFFF,
FFFFFF,
FFFF00,
FFFFFF,
FFFFFF,
FFFFFF,
FFFFFF,
FFFFFF,
FFFFFF,
FFFFFF,
FFFFFF,
FFFFFF,
FFFFFF,
FFFFFF,
FFFFFF,
FFFFFF,
FFFFFF,
FFFFFF,
FFFFFF,
FFFFFF,
FFFFFF,
FFFFFF,
FFFFFF,
FFFFFF,
FFFFFF,
FFFFFF,
FFFF00,
FFFFFF,
FFFFFF,
FFFFFF,
FFFFFF,
FFFFFF,
FFFFFF,
FFFFFF,
FFFFFF,
FDFEFF,
00FEFF,
FFFFFE,
A6938B,
4E2B1E,
4E2816,
512B00,
4A2816,
4C2C1A,
FF321E,
573420,
583420,
FF331D,
57311B,
572F18,
5A3000,
5D34FF,
56311F,
522E1C,
512C1A,
512D1A,
4C2816,
482411,
46210E,
44200D,
3E1F0D,
FF1F0E,
3F1F0F,
422313,
4526FF,
533423,
664836,
765845,
FF6C53,
987B60,
A98D74,
B499FF,
BA0089,
C7AD96,
D2B9A3,
DEC6B0,
E5CFB4,
E5D1B3,
E4D000,
E4CFB2,
E4D0B3,
E7D2B5,
E6D1B4,
E6D2B5,
E6D4BA,
E6D5BB,
00D1B8,
E3D200,
E6D5BB,
E500B9,
E4D4BA,
00CDB3,
D8FFA5,
FFB597,
C4A986,
B7FF73,
AF926A,
B1FF6C,
B29571,
B59777,
B09576,
A28A69,
91795C,
745C43,
513925,
412A1B,
3D271B,
3E281F,
44FF25,
462D25,
452C24,
472E26,
4B3027,
4C3027,
4B2F25,
4B3025,
4C3129,
4A302B,
482E24,
4B3023,
4E3425,
4F3526,
4BFF28,
420024,
30150A,
371701,
3F1F0B,
3F2010,
36FF10,
75635A,
FFFCF7,
FDFFFD,
FBFEFE,
FFFFFF,
FFFF00,
FFFFFF,
FFFFFF,
FFFFFF,
FFFFFF,
FFFFFF,
FFFFFF,
FFFFFF,
FFFFFF,
FFFFFF,
FFFFFF,
FFFFFF,
FFFFFF,
FFFFFF,
FFFFFF,
FFFFFF,
FFFFFF,
FFFFFF,
FFFFFF,
FFFFFF,
FFFFFF,
FFFFFF,
FFFF00,
FFFFFF,
FFFFFF,
FFFFFF,
FFFFFF,
FFFFFF,
FFFFFF,
FFFFFF,
FFFFFF,
FFFFFF,
FFFFFF,
FFFFFF,
FFFFFF,
FFFFFF,
FFFFFF,
FFFFFF,
FFFFFF,
FFFFFF,
FFFFFF,
FFFFFF,
FFFFFF,
FFFFFF,
FFFFFF,
FFFF00,
FFFFFF,
FFFFFF,
FF00FF,
FFFFFF,
FFFFFF,
FFFFFF,
FFFFFF,
FFFFFF,
FFFFFF,
FFFF00,
FFFFFF,
FFFF00,
FFFFFF,
FFFFFF,
FFFFFF,
FFFFFF,
FFFFFF,
FFFFFF,
FFFFFF,
FFFFFF,
FFFFFF,
FFFFFF,
FFFFFF,
FFFFFF,
FFFFFF,
FFFFFF,
FFFFFF,
FFFFFF,
FFFFFF,
FFFFFF,
FFFFFF,
FFFFFF,
FFFFFF,
FFFFFF,
FFFFFF,
FFFFFF,
FFFFFF,
FFFFFF,
FFFFFF,
FFFFFF,
FFFFFF,
FFFFFF,
FFFFFF,
FFFFFF,
FFFFFF,
FFFFFF,
FFFFFF,
FFFFFF,
FFFFFF,
FFFFFF,
FFFFFF,
FFFFFF,
FFFFFF,
FFFFFF,
FFFFFF,
FFFFFF,
FFFFFF,
FFFFFF,
FFFFFF,
FFFFFF,
FFFFFF,
FFFFFF,
FFFFFF,
FFFFFF,
FF00FF,
00FFFF,
FFFF00,
FFFFFF,
FFFF00,
FFFFFF,
FFFFFF,
FFFFFF,
FFFFFF,
FFFFFF,
FFFFFF,
FFFFFF,
FFFFFF,
FFFFFF,
FFFFFF,
FFFFFF,
FFFFFF,
FFFFFF,
FFFFFF,
FFFFFF,
FFFFFF,
FFFFFF,
FFFFFF,
FFFFFF,
FFFFFF,
FFFFFF,
FFFFFF,
FFFFFF,
FFFFFF,
FFFFFF,
FFFFFF,
FFFFFF,
FFFFFF,
FFFFFF,
FFFFFF,
FFFFFF,
FFFFFF,
FFFFFF,
FFFFFF,
FFFFFF,
FFFFFF,
FFFFFF,
FFFFFF,
FFFFFF,
FFFFFF,
FFFFFF,
FFFFFF,
FEFFFF,
FEFFFF,
FFFFFD,
A18B83,
4E2B1E,
4FFF16,
522D1A,
4C2A18,
4C2B19,
512E1A,
542F1B,
5A341F,
5D3721,
59331C,
5D341D,
5E351C,
5F351D,
613A26,
5F3926,
5D3724,
5C3623,
57311D,
58321F,
5A331F,
5A3421,
51301C,
4C2B18,
4E2E1A,
FF2E1A,
4A2916,
462612,
442410,
44220F,
422109,
422107,
46260D,
002E17,
5638FF,
60432D,
6B5000,
765B46,
84FF53,
937A61,
AA9178,
BCA48B,
CBB299,
D6BDA4,
DD00AC,
E7CEB6,
E7D2B9,
EAD5BC,
E8D3BA,
FFD1B8,
E7D2B9,
EAD5BC,
E7D2BA,
E1CCB4,
DCC4AC,
D3B89C,
C4A98B,
B59977,
AF936F,
B39674,
A78B6D,
FF6F54,
6E5339,
543A1F,
422811,
3E250F,
3F2716,
432C1E,
432C20,
402920,
442B22,
002D23,
482DFF,
492E24,
4CFF26,
4C3126,
4C3025,
4C3025,
003229,
4C302A,
4B3025,
4B3224,
4C3223,
4B33FF,
4A3327,
422C23,
30170A,
371803,
3D1E0A,
3E1F0E,
351A0D,
66FF49,
FDF6F0,
FEFFFE,
FBFEFF,
FFFFFF,
FFFFFF,
FFFFFF,
FFFFFF,
FFFFFF,
FFFFFF,
FFFFFF,
FFFFFF,
FFFFFF,
FFFFFF,
FFFFFF,
FFFFFF,
FFFFFF,
FFFFFF,
FFFFFF,
FFFFFF,
FFFFFF,
FFFFFF,
FFFF00,
FFFFFF,
FF00FF,
FFFFFF,
FFFFFF,
FFFFFF,
FFFFFF,
FFFFFF,
FFFFFF,
FFFFFF,
FFFFFF,
FFFFFF,
FFFFFF,
FFFFFF,
FFFFFF,
FFFFFF,
FFFFFF,
FFFFFF,
FFFF00,
FFFFFF,
FFFFFF,
FFFFFF,
FFFFFF,
FFFFFF,
FF00FF,
FFFFFF,
FFFFFF,
FFFFFF,
FFFFFF,
FFFFFF,
FFFFFF,
FFFFFF,
FFFFFF,
FFFFFF,
FFFFFF,
FFFFFF,
FFFFFF,
FFFF00,
FFFFFF,
FFFFFF,
FFFFFF,
FFFFFF,
FFFFFF,
FFFFFF,
00FFFF,
FFFFFF,
FFFFFF,
00FF00,
FFFFFF,
FFFFFF,
FFFFFF,
FFFFFF,
FFFFFF,
FFFFFF,
FFFFFF,
FFFFFF,
FFFFFF,
FFFFFF,
FFFFFF,
FFFFFF,
FFFFFF,
FFFFFF,
FFFFFF,
FF00FF,
FFFFFF,
FFFFFF,
FFFFFF,
FFFFFF,
FFFFFF,
FFFFFF,
FFFFFF,
FFFFFF,
FFFFFF,
FFFFFF,
FFFFFF,
FFFFFF,
FFFFFF,
FFFFFF,
FFFFFF,
FFFFFF,
FFFFFF,
FFFFFF,
FFFFFF,
FFFFFF,
FFFFFF,
FFFFFF,
FFFFFF,
FFFFFF,
FFFFFF,
FFFFFF,
FFFFFF,
FFFFFF,
FFFFFF,
FFFFFF,
FFFFFF,
FFFFFF,
FFFFFF,
FFFFFF,
FFFFFF,
FFFFFF,
FF00FF,
FFFFFF,
FFFFFF,
FFFFFF,
FFFFFF,
FFFFFF,
FFFFFF,
FFFFFF,
FFFFFF,
FFFFFF,
FFFFFF,
FFFFFF,
FFFFFF,
FFFFFF,
FFFFFF,
FFFFFF,
FFFFFF,
FFFFFF,
FFFFFF,
FFFFFF,
FFFFFF,
FF00FF,
FFFFFF,
FFFFFF,
FFFFFF,
FFFFFF,
FFFFFF,
FFFFFF,
FFFFFF,
FFFFFF,
FFFFFF,
FFFFFF,
FFFFFF,
FFFFFF,
FFFFFF,
FFFFFF,
FFFFFF,
FFFFFF,
FFFFFF,
FFFFFF,
FEFFFF,
FEFEFE,
FFFEFC,
99817A,
502D1F,
512C19,
55301D,
512F1D,
4E2D1A,
512D18,
522E18,
56301B,
59331C,
5D3400,
61371F,
61371E,
5E351C,
5D341E,
5F3721,
613823,
603823,
5F3722,
5D341F,
603621,
663D28,
610026,
5A3521,
5B3722,
5A3621,
57331F,
593520,
5D3924,
58341E,
553017,
542F16,
502C15,
4E2A14,
492711,
462511,
462611,
45FF10,
3E200B,
3C200A,
3E210B,
4124FF,
442712,
FF311C,
5A3D28,
674935,
795D47,
8B725B,
9D846C,
A88FFF,
B29982,
BCA38C,
C2A992,
C4AB94,
C4AA94,
B89D88,
A58BFF,
92785D,
80674B,
674D32,
4B3018,
412611,
402512,
402412,
422817,
462C1C,
45FF1D,
40291C,
3E271C,
43FF21,
FF2F24,
492D22,
492D22,
4A2E23,
4D3125,
4E3226,
4C3024,
4D3125,
4E3228,
4E30FF,
4D3126,
4D3225,
4C3324,
4A3324,
45FF22,
402C00,
321C0D,
371B07,
3C1F00,
3F200F,
361B0C,
5A473C,
F5EFEA,
FEFFFE,
FBFEFE,
FFFFFF,
FFFFFF,
FFFFFF,
FFFFFF,
00FFFF,
FFFFFF,
FFFFFF,
FFFFFF,
FFFFFF,
FFFFFF,
FFFFFF,
FFFFFF,
00FFFF,
FFFFFF,
FFFFFF,
FFFFFF,
FFFFFF,
FFFFFF,
FFFFFF,
FFFFFF,
FFFFFF,
FFFFFF,
FFFFFF,
FFFFFF,
FFFFFF,
FFFFFF,
FFFFFF,
FF0000,
FFFFFF,
FFFFFF,
FFFFFF,
FFFFFF,
FFFFFF,
FFFFFF,
FFFFFF,
FFFFFF,
FFFFFF,
FFFFFF,
FFFFFF,
FFFFFF,
FFFFFF,
FFFFFF,
FFFFFF,
FFFFFF,
FFFFFF,
FFFFFF,
FFFFFF,
FFFFFF,
FFFFFF,
FFFF00,
FFFFFF,
FFFFFF,
FFFFFF,
FFFFFF,
FFFFFF,
FFFFFF,
FFFFFF,
FFFFFF,
FFFFFF,
FFFFFF,
FFFFFF,
FFFFFF,
FFFFFF,
FFFFFF,
FFFFFF,
FFFFFF,
FFFFFF,
FFFFFF,
FFFFFF,
FFFFFF,
FFFFFF,
FFFFFF,
FFFFFF,
FFFFFF,
FFFFFF,
FFFFFF,
FFFFFF,
FFFFFF,
FFFFFF,
FFFFFF,
FFFFFF,
FFFFFF,
FFFFFF,
FFFFFF,
FFFFFF,
FFFFFF,
FF00FF,
FFFFFF,
FFFFFF,
FFFFFF,
FFFFFF,
FFFFFF,
FFFFFF,
FFFFFF,
FFFFFF,
FFFFFF,
FFFFFF,
FFFFFF,
00FFFF,
FFFFFF,
FFFFFF,
FFFFFF,
FFFFFF,
FFFFFF,
FFFF00,
FFFFFF,
FFFFFF,
FFFFFF,
FFFFFF,
FFFFFF,
FFFFFF,
FFFFFF,
FFFFFF,
FFFFFF,
FF00FF,
FFFFFF,
FFFFFF,
FFFFFF,
FFFFFF,
FFFFFF,
FFFFFF,
FFFFFF,
FFFFFF,
FFFFFF,
FFFFFF,
FFFFFF,
FFFFFF,
FFFFFF,
FFFFFF,
FFFFFF,
FFFFFF,
FFFFFF,
FFFFFF,
FFFFFF,
FFFFFF,
FFFFFF,
FFFFFF,
FFFFFF,
FFFFFF,
FFFFFF,
FFFFFF,
FFFFFF,
FFFFFF,
FFFFFF,
FFFFFF,
FFFFFF,
FFFFFF,
FFFFFF,
FFFFFF,
FFFFFF,
FFFFFF,
FFFFFF,
FFFFFF,
FFFFFF,
FFFFFF,
FFFFFF,
FFFFFF,
FFFFFF,
FEFFFF,
FDFDFD,
FFFCF9,
917A72,
533022,
542F1C,
593421,
573500,
502F1C,
512E18,
54301A,
5630FF,
563019,
5D351C,
5F351D,
5F351C,
5DFF1A,
5B321A,
5E341D,
5F361F,
5F351E,
61FF20,
5E351D,
60371F,
663D25,
623A22,
5F3720,
603821,
630024,
613922,
5F38FF,
643D26,
5F3820,
60371F,
613720,
603720,
5E3721,
603A25,
5C3722,
5B3622,
55321E,
53301E,
4F2B1A,
4A2715,
4A2716,
4A2716,
482514,
401D0C,
3C1908,
3A1A06,
3B1D08,
391B06,
351701,
3F210B,
482A00,
5436FF,
593B26,
003826,
4F3423,
4B311F,
452B19,
3D0012,
3D2513,
402716,
43291A,
44291C,
45291D,
43271C,
43291D,
42281C,
41291D,
442D21,
442E22,
472E21,
4B2E21,
4B2E21,
4C2F22,
4E3225,
4E3326,
4D3226,
4D3226,
4FFF28,
503028,
4F3127,
4D3327,
4A3527,
493527,
433000,
3C2A1D,
311CFF,
391E0C,
3D200D,
412311,
391D0D,
4D382D,
E7E1DB,
FFFFFF,
FCFFFF,
FFFFFF,
FFFFFF,
FFFFFF,
FFFFFF,
FFFFFF,
FFFFFF,
FF00FF,
FFFFFF,
FFFFFF,
FFFFFF,
FFFFFF,
FFFFFF,
FFFFFF,
FFFFFF,
FFFFFF,
FFFFFF,
FFFFFF,
FFFF00,
FFFFFF,
FFFFFF,
FFFFFF,
FFFFFF,
FFFFFF,
FFFFFF,
FFFFFF,
FFFFFF,
FFFFFF,
FFFFFF,
FFFFFF,
FFFFFF,
FFFFFF,
FFFFFF,
FFFFFF,
FFFFFF,
FFFFFF,
FFFFFF,
FFFFFF,
FFFFFF,
FFFFFF,
FFFFFF,
FFFFFF,
FFFFFF,
FFFFFF,
FFFFFF,
FFFFFF,
FFFFFF,
FFFFFF,
FFFFFF,
FFFFFF,
FFFFFF,
FFFFFF,
FFFFFF,
FFFFFF,
FFFFFF,
FFFFFF,
FFFFFF,
FFFFFF,
FFFFFF,
FFFFFF,
FFFFFF,
FFFFFF,
FFFF00,
FFFFFF,
FFFFFF,
FFFFFF,
FFFFFF,
FFFFFF,
FFFFFF,
FFFFFF,
FFFFFF,
FFFFFF,
FFFFFF,
FFFFFF,
FFFFFF,
FFFFFF,
FFFFFF,
FFFFFF,
FFFFFF,
FFFFFF,
FFFFFF,
FFFFFF,
FFFFFF,
FF00FF,
FFFFFF,
FFFFFF,
FFFFFF,
FFFFFF,
FFFFFF,
FFFFFF,
FFFFFF,
FFFFFF,
FFFFFF,
FFFFFF,
FFFFFF,
00FFFF,
FFFFFF,
FFFFFF,
FFFFFF,
FFFFFF,
FFFFFF,
FFFFFF,
FF00FF,
FFFFFF,
FFFFFF,
FFFFFF,
FFFFFF,
FFFFFF,
FFFFFF,
FFFFFF,
FFFFFF,
FFFFFF,
FFFFFF,
FFFFFF,
FFFFFF,
FFFFFF,
FFFFFF,
FFFFFF,
FFFFFF,
FFFFFF,
FFFFFF,
FFFFFF,
FFFFFF,
FFFFFF,
FFFFFF,
FFFFFF,
FFFFFF,
FFFFFF,
FFFFFF,
00FFFF,
FFFFFF,
FFFFFF,
FFFFFF,
FFFFFF,
FFFFFF,
FFFFFF,
FFFFFF,
FFFFFF,
FFFFFF,
FFFFFF,
FFFFFF,
FF00FF,
FFFFFF,
FFFFFF,
FFFFFF,
FFFFFF,
FFFFFF,
FFFFFF,
FFFFFF,
FFFFFF,
FFFFFF,
FFFFFF,
FFFFFF,
FFFFFF,
FFFFFF,
FFFFFF,
FFFFFF,
FFFFFF,
FFFFFF,
FEFFFF,
FCFDFD,
FFFAF8,
8D756E,
553224,
57311E,
593321,
583624,
52311F,
512E18,
57331D,
56311C,
56301A,
5D351E,
60371F,
60361E,
5F361D,
5E331B,
61371F,
61371F,
5F351D,
5F351D,
623800,
643A21,
653B23,
663B23,
663B23,
61371F,
643921,
663B23,
61371F,
663C24,
663B23,
653720,
63361E,
62351E,
633721,
633824,
5F36FF,
5F3624,
5D3522,
5C3525,
593323,
593223,
FF3527,
593324,
583122,
542D1E,
522B1C,
512D1A,
502E1A,
4D2B17,
4B2914,
492813,
482512,
502D19,
502E1A,
452514,
412416,
422719,
402819,
3E001B,
412B1E,
432B20,
FF2C21,
462A21,
482B24,
482C24,
452A22,
452C21,
452D22,
463023,
473224,
4B3123,
4C2F21,
4B2E20,
4C3023,
4F3327,
4D3327,
4B3126,
4B3126,
4D3228,
50322B,
4F322B,
493328,
433226,
3F2F23,
453427,
3EFF21,
321E12,
3B2313,
3C200F,
432412,
3D1F0E,
42FF1F,
DDD7CF,
FFFFFF,
FAFEFE,
FFFFFF,
FFFFFF,
FFFFFF,
FFFFFF,
FFFFFF,
FFFFFF,
FFFFFF,
FFFFFF,
FFFFFF,
FFFFFF,
FFFFFF,
FFFFFF,
FFFFFF,
FFFFFF,
FFFFFF,
FFFFFF,
FFFFFF,
FFFFFF,
FFFFFF,
FFFFFF,
FFFFFF,
FFFFFF,
FFFFFF,
FFFFFF,
FFFFFF,
FFFFFF,
FFFFFF,
FFFFFF,
FFFFFF,
FFFFFF,
FFFFFF,
FFFFFF,
FFFFFF,
FFFFFF,
FF00FF,
FFFFFF,
FFFFFF,
FFFF00,
FFFFFF,
FF00FF,
FF00FF,
FFFFFF,
FFFFFF,
FFFFFF,
FFFFFF,
FFFFFF,
FFFFFF,
FFFFFF,
FFFFFF,
FFFFFF,
FFFFFF,
FFFFFF,
FFFFFF,
FFFFFF,
FFFFFF,
00FFFF,
FFFFFF,
FFFFFF,
FFFFFF,
FFFFFF,
FFFFFF,
FFFFFF,
FFFFFF,
FFFFFF,
FFFFFF,
FFFFFF,
FFFFFF,
FFFFFF,
FFFFFF,
FFFFFF,
FFFFFF,
FFFFFF,
FFFFFF,
FFFFFF,
FFFFFF,
FFFFFF,
FFFFFF,
FFFFFF,
FFFFFF,
FFFFFF,
FFFFFF,
FFFFFF,
FEFEFE,
FEFEFE,
FEFE00,
FFFEFE,
00FEFE,
FEFEFE,
FEFEFE,
FEFEFE,
FFFFFF,
FFFFFF,
FFFFFF,
FFFFFF,
FFFFFF,
FFFFFF,
FFFFFF,
FFFFFF,
FEFEFE,
FEFEFE,
FEFE00,
FEFEFE,
FFFFFF,
FFFFFF,
FFFFFF,
FFFFFF,
FEFEFF,
FEFEFE,
FEFE00,
FEFEFE,
FFFFFF,
FFFFFF,
FFFFFF,
FFFFFF,
FFFFFF,
FFFFFF,
FFFFFF,
FFFFFF,
FEFEFE,
FEFEFE,
FEFEFE,
FEFEFE,
FFFFFF,
FFFFFF,
FFFFFF,
FFFFFF,
FEFEFE,
FEFEFE,
FEFEFE,
FEFE00,
FEFFFE,
FEFEFE,
FE00FE,
FEFEFE,
FEFEFF,
FEFEFE,
FEFEFE,
FEFEFE,
FE00FE,
FFFFFF,
FFFFFF,
FFFFFF,
FFFFFF,
FFFFFF,
FFFFFF,
FFFFFF,
00FFFF,
FEFEFE,
FEFEFE,
FEFEFE,
00FEFE,
FEFEFE,
FEFEFE,
FEFE00,
FEFEFE,
FEFEFE,
FEFEFE,
FEFEFE,
00FFFE,
FCFEFF,
FFFAF6,
876F68,
543124,
56301D,
552F1C,
550021,
573724,
512F1C,
53301D,
54001C,
56311D,
5B3621,
5E3821,
5D361F,
5E361E,
5E351D,
633820,
60361E,
5D331B,
5E341C,
623820,
633921,
643A22,
663922,
693C25,
663922,
673922,
673A23,
653821,
693CFF,
683B24,
683922,
693922,
683A23,
673922,
673A24,
633724,
603421,
5E3400,
5E3424,
5A3123,
5C3325,
5F3527,
5F3627,
5F3527,
5C3224,
5B3123,
5C36FF,
5A3522,
583320,
57321F,
57321F,
542F1C,
593421,
5B3600,
522E1E,
4B2A1D,
472A1D,
40281B,
3E2A1D,
402A20,
FF2A22,
442A22,
452923,
472A25,
472B24,
472C24,
462D24,
472F24,
473023,
473123,
482F21,
492D1E,
4B2F21,
4D3225,
4C3327,
483226,
493329,
4A002B,
4B322A,
4D322B,
002E27,
42332A,
51443B,
85796F,
A5978D,
4736FF,
3D2B1F,
3D2819,
FF1F0F,
432311,
412110,
3D2417,
D9CFC7,
FFFFFF,
F9FEFE,
FEFEFE,
FEFEFE,
FEFEFE,
FEFEFE,
FEFEFE,
FEFEFE,
FEFEFE,
FEFEFE,
FFFFFF,
FFFFFF,
FFFFFF,
FFFFFF,
FEFFFE,
FEFEFE,
FEFEFE,
FEFEFE,
FEFEFE,
FEFEFE,
FEFEFE,
FEFEFE,
FEFEFE,
FEFEFE,
FEFEFE,
FEFEFE,
FFFFFF,
FFFFFF,
FFFFFF,
FFFFFF,
FEFEFE,
FEFEFE,
FEFEFE,
FEFEFE,
FE00FE,
FEFEFE,
FEFE00,
FEFEFE,
FF00FF,
FFFFFF,
FFFFFF,
FFFFFF,
FEFEFE,
FEFEFE,
FEFEFE,
FEFEFF,
FFFFFF,
FFFFFF,
FFFFFF,
FFFF00,
FFFFFF,
FFFFFF,
FFFFFF,
FFFFFF,
FEFEFE,
FEFEFE,
FEFEFE,
FEFEFE,
FFFFFF,
FFFFFF,
FFFFFF,
FFFFFF,
FFFEFE,
FEFEFE,
FEFEFE,
FEFEFE,
FEFEFE,
FFFEFE,
FEFEFE,
FEFFFE,
FFFFFF,
FFFFFF,
FFFFFF,
FFFFFF,
FEFEFE,
FEFEFE,
00FEFF,
FEFEFE,
FFFFFF,
FFFFFF,
FFFFFF,
FFFFFF,
FFFFFF,
FFFFFF,
FEFEFE,
FEFEFE,
FE00FE,
FEFEFE,
FEFEFE,
FEFEFE,
FEFEFE,
FEFEFE,
FFFFFF,
FFFFFF,
FFFFFF,
FFFFFF,
FFFFFF,
FFFFFF,
FFFFFF,
FFFFFF,
FEFEFE,
FEFEFE,
FEFEFE,
FEFEFE,
FFFFFF,
FFFFFF,
FFFFFF,
FFFFFF,
FEFEFE,
FEFEFE,
FEFEFE,
FEFEFE,
FFFF00,
FFFFFF,
FFFFFF,
FFFFFF,
FFFFFF,
FFFFFF,
FFFFFF,
FFFFFF,
FEFE00,
FEFEFE,
FEFEFE,
FE00FE,
FFFFFF,
FFFFFF,
FF00FF,
FFFFFF,
00FEFE,
FEFEFE,
FEFEFE,
FEFEFE,
FEFEFE,
FEFEFE,
FEFEFE,
FEFEFE,
FE00FE,
FEFEFE,
FEFEFE,
FEFE00,
FEFEFF,
FFFFFF,
FFFFFF,
FFFFFF,
FFFFFF,
FFFFFF,
FFFFFF,
FFFFFF,
FFFFFF,
FEFEFE,
FEFFFE,
FEFEFF,
FEFEFE,
FEFEFE,
FEFEFE,
FEFEFE,
FE00FE,
FEFEFF,
FEFEFE,
FEFEFE,
FEFFFE,
FDFEFF,
FDF6F3,
816A62,
543224,
58321F,
56FF1E,
54311F,
523321,
523221,
523120,
502F1E,
FF2E1C,
573420,
5D3A25,
603C27,
5C3722,
5C341E,
5E341E,
5F3620,
5E351F,
5D341E,
5C331D,
5D351F,
603620,
663A23,
683B24,
673A23,
673A23,
683B24,
663922,
FF3C25,
693C25,
6AFF23,
6A3A23,
6A3A23,
693B00,
673922,
653823,
633621,
600021,
5F3424,
5D3222,
5F0024,
FFFF25,
6035FF,
5F3400,
5E3323,
5DFF22,
5A3321,
583320,
57321F,
583320,
583320,
55301D,
5A3522,
5C37FF,
56301F,
522E1E,
4C2E1F,
422A1E,
3F2BFF,
402A22,
432A23,
462922,
462922,
472A24,
472B23,
472C23,
472D23,
472F23,
4730FF,
003123,
4B3324,
FF3122,
472D1F,
493124,
4A3428,
463200,
47342D,
00322B,
402E27,
58453E,
7A6C65,
AD009F,
E3DCD7,
FDF900,
F9F1EA,
594740,
3B2920,
3B281B,
3B2011,
432311,
42210E,
001F0F,
CEC0B7,
FFFFFE,
FAFEFE,
FEFEFE,
FEFEFE,
FEFEFE,
FEFEFE,
FEFEFE,
FEFEFE,
FEFEFE,
FEFEFE,
FFFFFF,
FFFFFF,
FFFFFF,
FFFFFF,
FEFEFE,
FEFEFE,
FEFEFE,
FEFEFE,
FEFEFE,
FFFEFE,
FEFEFE,
FEFEFE,
FEFEFE,
FEFEFF,
FEFEFE,
FEFEFE,
FFFFFF,
FFFFFF,
FFFFFF,
FFFFFF,
FEFEFE,
FEFEFE,
FEFEFE,
FEFEFE,
FEFEFE,
FEFEFE,
FEFEFE,
FEFE00,
FFFFFF,
FFFFFF,
FFFFFF,
FFFFFF,
FEFEFE,
FEFEFE,
FEFEFE,
FFFEFE,
FFFFFF,
FFFFFF,
FFFFFF,
FFFFFF,
FFFFFF,
FFFFFF,
FFFFFF,
FFFFFF,
FEFEFE,
FEFEFE,
FEFEFE,
FEFEFE,
FFFFFF,
FFFFFF,
FFFFFF,
FFFFFF,
FEFEFE,
FEFEFE,
FEFEFE,
FEFEFE,
FEFEFE,
FEFEFE,
FEFEFF,
FEFEFE,
FFFFFF,
FFFFFF,
FFFFFF,
FFFFFF,
FEFEFE,
FEFEFE,
FEFEFE,
00FEFE,
FFFFFF,
FFFFFF,
FFFFFF,
FFFFFF,
FFFFFF,
FFFFFF,
FEFEFE,
FEFEFE,
FEFEFE,
FEFEFE,
FEFEFE,
FEFEFE,
FEFEFE,
FEFEFE,
FFFFFF,
FFFFFF,
FFFFFF,
FFFFFF,
FFFFFF,
FF00FF,
FFFFFF,
FFFFFF,
FEFEFE,
FEFEFE,
FEFEFE,
FEFEFE,
FFFFFF,
FFFFFF,
FFFFFF,
FFFFFF,
FEFEFE,
FE00FE,
FFFEFE,
FEFEFE,
FFFFFF,
FFFFFF,
FFFFFF,
FFFFFF,
FFFFFF,
FFFFFF,
FFFFFF,
FFFFFF,
FEFEFE,
FEFEFE,
FFFEFE,
FEFEFE,
FFFFFF,
FFFFFF,
FFFFFF,
FFFFFF,
FEFEFE,
FEFEFF,
FEFEFE,
FEFEFE,
FFFEFE,
FEFEFE,
FEFEFE,
FFFEFF,
FEFEFE,
FEFEFE,
FEFEFE,
FEFEFE,
FEFEFE,
FFFFFF,
FFFFFF,
FFFFFF,
FFFFFF,
FFFFFF,
FFFFFF,
FFFFFF,
FFFFFF,
FEFEFE,
FEFEFE,
FEFEFE,
FEFEFE,
FEFEFE,
FEFEFE,
FEFEFE,
FEFEFE,
FEFEFE,
FEFE00,
FFFEFE,
FDFFFE,
FFFFFF,
F8F1EE,
FF005B,
553325,
5A3421,
57311E,
FF2E1C,
4C2E1D,
4F0025,
4D3123,
4D2F21,
4F3121,
4D2D1C,
583725,
5E3C2A,
573421,
5C3621,
5F3823,
003A26,
5E3600,
5C3520,
59321E,
5A331F,
5F3723,
663B00,
643823,
633722,
620021,
643823,
643923,
663A25,
683B27,
6A3C24,
6C3CFF,
6C3D26,
6C3E27,
6B3D26,
693C26,
633721,
5D331F,
5E3522,
5E3422,
613725,
600024,
5F3623,
5E3422,
603624,
5D3422,
58311E,
00311E,
583320,
5B0023,
593421,
56311E,
5B3623,
5D3825,
58301C,
562E1A,
502E1F,
432A1D,
3F2B1F,
002C22,
452C22,
472A00,
47FF21,
482B21,
482C00,
482D22,
472F22,
483023,
483124,
483225,
473022,
4A3224,
4B3527,
453024,
433127,
42312A,
4A3C35,
776A66,
AEA19B,
DAD2CB,
FFFBF7,
FFFFFF,
FFFFFF,
FFFFFE,
FDF6F4,
5D4B48,
392721,
392A1E,
3B2314,
442210,
44210D,
361BFF,
BFB2A8,
FFFFFF,
FAFE00,
FEFEFE,
FEFEFE,
FEFEFE,
FEFEFE,
FEFEFE,
FEFEFE,
FEFEFF,
FEFEFE,
FFFFFF,
FFFF00,
FFFFFF,
FFFFFF,
FEFEFE,
FEFEFE,
FEFEFE,
FEFFFE,
FEFEFE,
FEFEFE,
FEFEFE,
FEFEFE,
FEFEFE,
FEFEFE,
FEFEFE,
FEFEFE,
FFFFFF,
FF00FF,
FFFFFF,
FFFFFF,
FEFEFE,
FEFEFF,
FEFEFF,
FEFEFE,
FEFEFE,
FEFE00,
FEFEFE,
FEFEFE,
FFFFFF,
FFFFFF,
FFFFFF,
FFFFFF,
FEFEFE,
FEFEFF,
00FEFF,
FEFEFE,
FFFFFF,
FFFFFF,
FFFFFF,
FFFFFF,
FFFFFF,
FFFFFF,
FFFFFF,
FFFFFF,
FEFEFE,
FFFEFE,
FEFEFF,
FEFEFE,
00FFFF,
FFFFFF,
FFFFFF,
FFFFFF,
FFFEFE,
FEFEFE,
FEFFFE,
FEFEFE,
FEFEFE,
FEFEFE,
FEFEFE,
FEFEFE,
FFFFFF,
FFFFFF,
FFFFFF,
FFFFFF,
FEFEFE,
FEFEFE,
FEFEFE,
FEFEFE,
FFFFFF,
FFFFFF,
FFFFFF,
FFFFFF,
FFFFFF,
FFFFFF,
FEFEFE,
FEFEFF,
FEFEFE,
FEFEFE,
FEFEFE,
FFFEFE,
00FE00,
FEFEFE,
FFFF00,
FFFFFF,
FFFFFF,
FFFFFF,
FFFFFF,
FFFFFF,
FFFFFF,
FFFFFF,
FEFEFE,
FEFEFE,
FEFEFE,
FEFEFE,
FFFFFF,
FFFFFF,
FFFFFF,
FFFFFF,
FEFEFE,
FEFEFE,
FEFEFE,
00FEFE,
FFFFFF,
FFFFFF,
FFFFFF,
FFFFFF,
FFFFFF,
FFFFFF,
FFFFFF,
FFFFFF,
FEFEFE,
FEFEFE,
FEFEFE,
FFFEFF,
00FFFF,
FFFFFF,
FFFFFF,
FFFFFF,
FEFEFE,
FEFEFE,
FEFEFE,
FEFEFE,
FEFEFE,
FEFEFE,
FEFEFE,
FEFEFE,
FEFEFE,
FEFEFE,
FEFEFE,
FFFEFE,
FEFEFE,
FFFFFF,
FFFFFF,
FFFFFF,
FFFFFF,
FFFFFF,
FFFFFF,
FFFFFF,
FFFFFF,
FEFEFE,
FEFEFE,
FEFEFE,
FEFEFE,
FEFEFE,
FEFEFE,
FEFEFE,
FEFEFE,
FEFEFE,
FEFEFE,
FEFEFE,
FDFFFE,
FFFFFF,
F4ECE9,
725B00,
543224,
57311E,
58321F,
543200,
4F3121,
462C1F,
4B3124,
51362A,
513527,
4C2F20,
482B1B,
533300,
583727,
583320,
583320,
5E3825,
5C3623,
5B3500,
57311E,
593421,
613B28,
5F3523,
5D311F,
613624,
653A27,
613624,
633826,
643927,
673C29,
6B3C24,
6C3D23,
003E26,
6D3F27,
6D4029,
6C3F2A,
663C26,
603620,
5E3521,
5F3622,
623925,
613823,
5F3621,
5E3520,
623924,
5E3521,
57311D,
56311E,
583320,
5B3623,
590021,
55301D,
5A3522,
5C3724,
582D16,
572B15,
522E1C,
462BFF,
412B1E,
422B20,
472C21,
4A2A1F,
492B1E,
482C1E,
482D00,
482E21,
483022,
483024,
483125,
493325,
473022,
422D1F,
41FF21,
554238,
716159,
A39892,
FFD2CE,
F7F0EE,
FFFFFE,
FFFFFC,
FAFBF8,
F7FBFB,
F8FCFE,
FAF9FB,
FFF9FA,
786666,
372521,
392A20,
3D2517,
43220F,
45220E,
371C0A,
AA9E93,
FFFFFF,
FBFFFF,
FEFEFE,
FEFEFE,
FEFEFE,
FEFEFE,
FEFEFE,
00FEFE,
FEFEFE,
00FEFE,
FFFFFF,
FFFFFF,
FFFFFF,
FFFFFF,
FEFEFE,
FEFEFE,
FEFE00,
FEFEFE,
FEFEFE,
FEFEFE,
FEFEFE,
FEFFFE,
FEFEFE,
FEFEFE,
FEFEFE,
FEFEFE,
FFFFFF,
FFFFFF,
FFFFFF,
FFFFFF,
FEFEFE,
FEFEFE,
FEFEFE,
FEFEFE,
FEFEFE,
FEFEFE,
FE00FE,
FEFEFE,
FFFFFF,
FFFFFF,
FFFFFF,
FFFFFF,
FE00FE,
FEFEFE,
FEFEFE,
FEFEFE,
FFFFFF,
FFFFFF,
FFFFFF,
FFFFFF,
FFFFFF,
FFFFFF,
FFFFFF,
FFFFFF,
FEFEFE,
FEFEFE,
FEFEFE,
FEFEFE,
FFFFFF,
FFFFFF,
FFFFFF,
FFFFFF,
FEFEFE,
FEFEFE,
FEFEFE,
FEFEFE,
FEFEFE,
FEFEFE,
FEFEFE,
FEFEFE,
FFFFFF,
FFFFFF,
FFFFFF,
FFFFFF,
FEFEFE,
FEFEFE,
FEFEFE,
FEFEFE,
FFFFFF,
FFFFFF,
FFFFFF,
00FFFF,
FFFFFF,
FFFFFF,
FEFEFE,
FEFEFE,
FEFEFF,
FEFEFE,
FEFEFE,
FEFEFE,
FEFEFE,
FFFEFE,
FFFFFF,
FFFFFF,
FFFFFF,
FFFFFF,
FFFFFF,
FFFFFF,
FFFFFF,
FFFFFF,
FEFEFE,
FEFEFE,
FEFEFE,
FEFEFE,
FFFFFF,
FFFFFF,
FFFFFF,
FFFFFF,
FEFEFE,
FEFEFE,
FEFEFE,
FEFEFE,
FFFFFF,
FFFFFF,
FFFFFF,
FFFFFF,
FFFF00,
FFFFFF,
FFFFFF,
FFFFFF,
FEFEFE,
FEFFFF,
FEFEFE,
FEFEFE,
FFFFFF,
FFFFFF,
FFFFFF,
FFFFFF,
FEFEFE,
FEFEFE,
FEFEFE,
FEFEFE,
FEFEFE,
FEFEFE,
FEFEFE,
FEFEFE,
FEFEFE,
FEFEFE,
FEFEFE,
FEFEFE,
FEFEFE,
FFFFFF,
FFFFFF,
FFFFFF,
FF00FF,
FFFFFF,
FFFFFF,
FFFFFF,
FFFFFF,
FEFEFE,
FEFEFE,
FEFEFE,
00FEFE,
FEFEFE,
FEFEFE,
FEFEFE,
FEFEFE,
FEFEFE,
FEFEFE,
FEFFFE,
FDFFFE,
FFFFFF,
F0E8E4,
6F564D,
563223,
58321F,
FF301D,
4D2A18,
442615,
3E2318,
392016,
4A3126,
B3A096,
BBAA9F,
A68E81,
8E7568,
005C4F,
694A00,
593929,
563626,
533323,
502F1F,
4B2A1A,
502F1F,
5C3B2A,
5C3423,
59301F,
613827,
653C2A,
613826,
653B2A,
653B29,
693E2B,
693C23,
6A3C22,
6C3D24,
6D4000,
6B3E27,
6C4128,
6C4029,
683C25,
613721,
603620,
653A24,
623922,
5E351F,
5D341E,
633923,
5F3720,
56311C,
55FF1E,
593320,
5B3521,
58331F,
532F1A,
583320,
5C3623,
572B14,
582A14,
55301C,
4A2D1E,
432C20,
422C20,
462C20,
4A001D,
492B1C,
FF2D1C,
482E1E,
482F20,
473123,
452F22,
422E21,
412E22,
49372B,
005C51,
A4938A,
D4C900,
F9F1EB,
FFFEFB,
FFFFFD,
FFFEFE,
FFFDFB,
FEFFFB,
FBFFFE,
F7FEFF,
F6FDFE,
FBFCFE,
FFFDFE,
89777A,
362522,
392A22,
3EFF19,
43230E,
46230E,
3C1E0C,
98897E,
FFFFFE,
F9FEFE,
FEFEFE,
FEFEFE,
FEFEFE,
FEFEFE,
FEFEFE,
FEFEFE,
FEFEFE,
00FEFE,
00FFFF,
FFFFFF,
FFFFFF,
FFFFFF,
FEFEFE,
FEFEFE,
FEFEFE,
FEFEFE,
FEFEFE,
FEFEFE,
FEFEFE,
FEFEFE,
FEFF00,
FEFEFE,
FEFEFE,
FEFEFE,
FFFFFF,
FFFFFF,
FFFFFF,
FFFFFF,
FEFEFE,
FEFEFE,
FEFEFE,
FEFEFE,
FE0000,
FEFEFE,
FEFEFE,
FEFEFE,
FFFFFF,
FFFFFF,
FFFFFF,
FFFFFF,
FEFEFE,
FE00FE,
FEFEFE,
FEFEFE,
FFFFFF,
FFFFFF,
FFFFFF,
FFFFFF,
FFFFFF,
FFFFFF,
FFFFFF,
FFFFFF,
FEFEFF,
FEFEFE,
FFFEFE,
FEFEFE,
FFFFFF,
FFFFFF,
FFFFFF,
FFFFFF,
FEFEFE,
FEFEFE,
FEFE00,
FEFEFE,
FEFEFE,
FEFEFE,
00FEFE,
FFFEFF,
FFFFFF,
FFFFFF,
FFFFFF,
FFFFFF,
FEFEFE,
FEFEFE,
00FEFE,
FEFEFE,
FFFFFF,
FFFFFF,
FFFFFF,
FFFFFF,
FFFFFF,
FFFFFF,
FF00FF,
FFFFFF,
FFFFFF,
FFFFFF,
FFFFFF,
FFFFFF,
FFFFFF,
FFFFFF,
FFFFFF,
FFFFFF,
FFFFFF,
FFFFFF,
FFFFFF,
00FFFF,
FFFFFF,
FFFFFF,
FFFFFF,
FFFFFF,
FFFFFF,
FFFFFF,
00FFFF,
FFFFFF,
FFFFFF,
FFFFFF,
FFFFFF,
FFFFFF,
FFFFFF,
FFFFFF,
FFFFFF,
FFFFFF,
FFFFFF,
FFFFFF,
FFFFFF,
FFFFFF,
FFFFFF,
FFFFFF,
FFFFFF,
FFFFFF,
FFFFFF,
FFFFFF,
FFFFFF,
FFFFFF,
FFFFFF,
FFFFFF,
FFFFFF,
FFFFFF,
FFFFFF,
FFFFFF,
FFFFFF,
FFFFFF,
FFFFFF,
FFFFFF,
FFFFFF,
00FFFF,
FFFFFF,
FFFFFF,
FFFFFF,
FFFFFF,
FFFFFF,
FFFFFF,
FFFFFF,
FFFFFF,
FFFFFF,
FFFFFF,
FFFFFF,
FFFFFF,
FFFFFF,
FFFFFF,
FFFFFF,
FFFF00,
FFFFFF,
FFFFFF,
FFFFFF,
FFFFFF,
FFFFFF,
FFFFFF,
FEFFFF,
FEFFFF,
ECE5DD,
6B4F41,
573422,
543220,
4F2F1F,
4B2C19,
49FF15,
472717,
381E13,
49372F,
EBE5E1,
FFFFFF,
FFFF00,
FCF9F4,
F5F1EA,
ECE1DB,
00D3CD,
C8BCB6,
B1A39E,
93847F,
7D6B66,
6C5954,
6B5751,
63483C,
583B2C,
5B3B2D,
FFFF28,
573522,
643F2B,
633D00,
663E27,
FF4024,
6C4023,
704327,
6E4126,
6F4027,
704127,
7041FF,
6F3E25,
693822,
693826,
6A3826,
673726,
643622,
5DFF1B,
FF381F,
5A361B,
52001C,
543300,
59311C,
5E341E,
5C351F,
533118,
57331D,
FF3421,
5B311B,
FF2B18,
5D3224,
4F2A1E,
462C20,
3F2C1E,
442F21,
4C2E21,
492BFF,
493022,
452E21,
422F22,
403027,
463B32,
5E564E,
958F89,
D0CB00,
F1ECE9,
FFFFFE,
FFFFFF,
FFFEFD,
FFFEFD,
FFFEFD,
FFFEFF,
FFFEFF,
FFFEFF,
FEFFFF,
FBFFFF,
FCFF00,
FCFDFC,
FFFEFE,
9A9091,
322120,
3F0023,
3B2515,
41240D,
47250C,
3D1D0B,
8CFF6E,
FFFFFF,
F9FFFF,
FFFFFF,
FFFFFF,
FF00FF,
FFFFFF,
0000FF,
FFFFFF,
FFFFFF,
FFFFFF,
FFFFFF,
FFFFFF,
FFFFFF,
FFFFFF,
FFFFFF,
FFFFFF,
FFFFFF,
FFFFFF,
FFFFFF,
FFFFFF,
FFFFFF,
FFFFFF,
FFFFFF,
FFFFFF,
FFFFFF,
FFFFFF,
FFFFFF,
FFFFFF,
FFFFFF,
FFFFFF,
FFFFFF,
FFFFFF,
FFFFFF,
00FFFF,
FFFFFF,
FFFFFF,
FFFFFF,
00FFFF,
FFFFFF,
FFFFFF,
FFFFFF,
FFFFFF,
FFFFFF,
FFFFFF,
FFFF00,
FFFFFF,
FFFFFF,
FFFFFF,
FFFFFF,
FFFFFF,
FFFFFF,
FFFFFF,
FFFFFF,
FFFFFF,
FFFFFF,
FFFFFF,
FF00FF,
FFFFFF,
FF00FF,
FFFFFF,
FFFFFF,
FFFFFF,
FFFFFF,
FFFFFF,
FFFF00,
FFFFFF,
FFFFFF,
FFFFFF,
FFFFFF,
FF00FF,
FFFFFF,
FFFFFF,
FFFFFF,
0000FF,
FFFFFF,
FFFFFF,
FFFFFF,
FFFFFF,
FFFFFF,
FFFF00,
FFFFFF,
FFFFFF,
FFFFFF,
FFFFFF,
FFFFFF,
FFFFFF,
FFFFFF,
FFFFFF,
FFFFFF,
FFFFFF,
FFFFFF,
FFFFFF,
FFFFFF,
FFFFFF,
FFFFFF,
FFFFFF,
FFFFFF,
FFFFFF,
FFFFFF,
FFFFFF,
FFFFFF,
FFFFFF,
FFFFFF,
FFFFFF,
FFFFFF,
FFFFFF,
FFFFFF,
FFFFFF,
FFFFFF,
FFFFFF,
FFFFFF,
FFFFFF,
FFFFFF,
FFFFFF,
FFFFFF,
FFFFFF,
FFFFFF,
FFFFFF,
FFFFFF,
FFFFFF,
FFFFFF,
FFFFFF,
FFFFFF,
FFFFFF,
FFFFFF,
FFFFFF,
FFFFFF,
FFFFFF,
FFFFFF,
FFFFFF,
FFFF00,
00FFFF,
FFFFFF,
FFFFFF,
FFFFFF,
FFFFFF,
FFFFFF,
FFFFFF,
FFFFFF,
FFFFFF,
FFFFFF,
FFFFFF,
FFFFFF,
FFFFFF,
FFFFFF,
FFFFFF,
FFFFFF,
FFFFFF,
FFFFFF,
FFFFFF,
FFFFFF,
FFFFFF,
FFFFFF,
FFFFFF,
FFFFFF,
FFFFFF,
FFFFFF,
FFFFFF,
FFFFFF,
FFFFFF,
FDFFFF,
FDFFFF,
EADFD7,
674A39,
573320,
543323,
4F3122,
4F301D,
4F2D18,
492700,
3A2115,
570041,
00EEEE,
FFFFFF,
FEFFFF,
FFFFFF,
FFFFFD,
FFFFFD,
00FFFF,
FFFFFF,
FFFFFF,
FFFFFF,
FFFDFE,
F7EEF0,
E7DBDC,
D1C6C0,
C5B5AC,
00A297,
A0897D,
8B7264,
7B5F4E,
6647FF,
61FF2D,
66432C,
633E28,
653F29,
664029,
663E28,
673F29,
6A402B,
69402A,
6E402E,
693727,
6E3D2D,
6B3B2B,
673800,
633A24,
603B22,
543216,
52361E,
563320,
5C301F,
5F321F,
5B331D,
56341C,
5E3823,
623222,
592D1B,
582E1C,
5A2D20,
4F271E,
462D22,
423225,
413022,
002E24,
4B30FF,
412B20,
3F2C21,
615049,
91847E,
C6C0BB,
F3F2EE,
FFFFFF,
FFFFFF,
FFFFFF,
FFFFFF,
FFFFFF,
FFFFFF,
FFFFFF,
FFFFFF,
FFFFFF,
FFFEFF,
FFFDFF,
FFFFFF,
FEFFFF,
FEFFFF,
FDFEFC,
FFFFFF,
A8A2FF,
342422,
412A23,
3B2514,
3F260C,
47260C,
3F1C09,
7E685E,
FFFFFE,
FAFF00,
FFFFFF,
FFFFFF,
FFFFFF,
FFFFFF,
FFFFFF,
FFFFFF,
FFFFFF,
FFFFFF,
FFFFFF,
FFFFFF,
FFFFFF,
FFFFFF,
FFFFFF,
FFFFFF,
FFFFFF,
FFFFFF,
FFFFFF,
FFFFFF,
FFFFFF,
FFFFFF,
FFFFFF,
FFFFFF,
FFFFFF,
FFFFFF,
FFFFFF,
FFFFFF,
FF00FF,
FFFFFF,
FFFFFF,
FFFFFF,
FFFFFF,
FFFFFF,
FF00FF,
FFFFFF,
FFFFFF,
FFFFFF,
FF00FF,
FF00FF,
FFFF00,
FFFFFF,
FFFFFF,
FFFFFF,
FFFFFF,
FFFFFF,
FFFFFF,
FFFFFF,
FFFFFF,
FFFFFF,
FFFFFF,
FFFFFF,
FFFFFF,
FFFFFF,
FFFFFF,
FFFFFF,
FFFFFF,
FFFFFF,
FFFFFF,
FFFFFF,
FFFFFF,
FFFFFF,
00FFFF,
FFFFFF,
FFFFFF,
FFFFFF,
FFFFFF,
FFFFFF,
FFFFFF,
FFFFFF,
FFFFFF,
FFFFFF,
FFFFFF,
FFFFFF,
FFFFFF,
00FFFF,
FFFFFF,
FFFFFF,
FFFFFF,
FFFFFF,
FFFFFF,
FFFFFF,
FFFFFF,
FFFFFF,
FFFFFF,
FFFFFF,
FFFF00,
FFFFFF,
FFFFFF,
FFFFFF,
FFFFFF,
FFFFFF,
FFFFFF,
FFFFFF,
FFFFFF,
FFFFFF,
FFFFFF,
FFFFFF,
FFFFFF,
FFFFFF,
FFFFFF,
FFFFFF,
FFFFFF,
FFFF00,
FFFFFF,
FFFFFF,
FF00FF,
FFFF00,
FFFFFF,
FFFFFF,
FFFFFF,
FFFFFF,
FFFFFF,
FFFFFF,
FFFFFF,
FFFFFF,
FFFFFF,
FFFFFF,
FFFFFF,
FFFFFF,
FFFFFF,
FFFFFF,
FFFFFF,
FFFFFF,
FFFFFF,
FFFFFF,
FFFFFF,
FFFFFF,
FFFFFF,
FFFFFF,
FFFFFF,
FFFFFF,
FFFFFF,
FFFFFF,
FFFFFF,
FFFFFF,
FFFFFF,
FFFFFF,
FFFFFF,
FFFFFF,
FFFFFF,
FFFFFF,
FFFFFF,
FFFF00,
FFFFFF,
FFFFFF,
FFFFFF,
FFFFFF,
FFFFFF,
FFFFFF,
FFFFFF,
FFFFFF,
FFFFFF,
FFFFFF,
FFFFFF,
FFFFFF,
FFFFFF,
FFFFFF,
FFFFFF,
FFFFFF,
FDFFFF,
FEFFFF,
E4D8D0,
624534,
583320,
563424,
513324,
533320,
FF301B,
4A2917,
3D2317,
665651,
FEF9F9,
FFFFFF,
FEFFFF,
FEFFFE,
FFFFFB,
FEFDFB,
FCFCFA,
FEFBFA,
FFFDFD,
FFFDFD,
FFFAFF,
FFFA00,
FFFFFE,
00FFFF,
FFFFFF,
00FFFD,
FFF9F6,
F8F2FF,
F1E8E1,
EADDD4,
E300C6,
CBB7AB,
B39F92,
998276,
836B60,
76FF51,
6F544A,
654A3F,
5B3F34,
603D2F,
60392A,
694233,
653B2C,
643A29,
613B28,
5B3822,
55341E,
553725,
553123,
5B2EFF,
603225,
5D3424,
55311F,
5D3423,
653326,
5C2F1E,
5C311E,
5B2E00,
4E2920,
432DFF,
3EFF28,
372A22,
47322C,
5E4A42,
908178,
CDFFB8,
EFE7E1,
FFFFF8,
FFFFFE,
FFFCFB,
FDFCFC,
FDFDFD,
FFFFFF,
FEFEFE,
FFFDFD,
FEFEFE,
FFFFFF,
FFFFFF,
FFFFFF,
FFFEFF,
FFFDFF,
FFFFFF,
FEFFFF,
FEFFFF,
FEFFFE,
FFFFFF,
FFB5B5,
372826,
412B24,
3B2516,
3F260C,
47250B,
3F1C09,
6FFF4E,
FFFDF9,
FBFFFF,
FFFFFF,
FFFFFF,
FFFFFF,
FFFFFF,
FFFF00,
FF00FF,
FFFFFF,
FFFFFF,
FFFFFF,
FFFFFF,
FFFFFF,
FFFFFF,
FF00FF,
FFFFFF,
00FFFF,
FFFFFF,
FFFFFF,
FFFFFF,
FFFFFF,
FFFFFF,
00FFFF,
FFFFFF,
FFFFFF,
FFFFFF,
FFFFFF,
FFFFFF,
FFFFFF,
FFFFFF,
FFFFFF,
FFFFFF,
FFFFFF,
FFFFFF,
FFFFFF,
FFFFFF,
FFFFFF,
FFFFFF,
FFFFFF,
FFFFFF,
FFFFFF,
FFFFFF,
FFFFFF,
FFFFFF,
FFFFFF,
FFFFFF,
FFFFFF,
FFFFFF,
FFFFFF,
FFFFFF,
FFFFFF,
FFFFFF,
FFFFFF,
FFFFFF,
FFFFFF,
FFFFFF,
00FFFF,
FFFFFF,
FFFFFF,
FFFFFF,
FFFFFF,
FFFFFF,
FFFFFF,
FFFFFF,
FFFFFF,
FFFFFF,
FFFFFF,
FFFFFF,
FFFF00,
FFFFFF,
FFFFFF,
FFFFFF,
FFFFFF,
FFFFFF,
FF00FF,
FFFFFF,
FFFFFF,
FFFFFF,
FFFFFF,
FFFF00,
FFFFFF,
FFFFFF,
FFFFFF,
FFFFFF,
FFFFFF,
FFFFFF,
FFFFFF,
FFFFFF,
00FFFF,
FFFFFF,
FFFFFF,
FFFFFF,
FFFFFF,
FFFFFF,
FFFFFF,
FFFFFF,
FFFFFF,
FFFFFF,
FFFFFF,
FFFFFF,
FFFFFF,
FFFFFF,
FFFFFF,
FFFFFF,
FFFFFF,
FFFFFF,
FFFFFF,
FFFFFF,
FFFFFF,
FFFFFF,
FFFFFF,
FFFFFF,
FFFFFF,
FFFFFF,
FFFFFF,
FFFFFF,
FFFFFF,
FFFFFF,
FFFFFF,
FFFFFF,
FFFFFF,
FFFFFF,
FFFFFF,
FFFFFF,
FFFFFF,
FFFFFF,
FFFFFF,
FFFFFF,
FFFFFF,
FFFFFF,
FFFFFF,
FFFFFF,
FFFFFF,
FFFFFF,
FFFFFF,
FF00FF,
FFFFFF,
FFFFFF,
FFFFFF,
FFFFFF,
FFFFFF,
FFFFFF,
FFFFFF,
FFFFFF,
FFFFFF,
FFFFFF,
FFFFFF,
FFFFFF,
FFFFFF,
FFFFFF,
FF00FF,
FFFFFF,
FFFFFF,
FFFFFF,
FFFFFF,
FFFFFF,
FFFFFF,
FFFFFF,
FFFFFF,
FFFFFF,
FEFFFF,
FFFFFF,
DDD0C8,
604230,
5A3522,
563525,
533426,
553523,
56FF1D,
502F1D,
41281B,
776862,
FFFDFD,
FFFFFF,
FEFFFF,
FEFFFE,
FFFFFB,
FFFFFC,
FFFFFD,
FEFEFC,
FCFBF9,
FEFDFB,
FFFEFD,
FFFDFC,
FEFAFB,
FDFDFF,
FCFDFF,
FEFEFF,
FFFEFF,
FFFE00,
FFFDFD,
FFFFFE,
FFFBF9,
FFFEFC,
FFFFFC,
FFFDFA,
FFF6F4,
F3E6E5,
E3D6D5,
CCFFBD,
BAAAA9,
A9948A,
9A8072,
634739,
5E3E2F,
60FF2F,
603E2E,
593B29,
523724,
503528,
513229,
5C332C,
5A3029,
512D22,
513023,
5E362A,
64FF28,
5C2E1C,
592D19,
5D3023,
4D2920,
3E2A23,
4B453D,
7B7671,
B9AFFF,
EEE3DF,
FFFFF8,
FFFFFC,
FFFDF9,
FFFCFA,
FFFCFD,
FFFCFE,
FDFCFE,
FCFBFD,
FEFEFE,
FDFDFD,
FEFEFE,
FFFFFF,
FFFFFF,
FFFFFF,
FFFFFF,
FFFEFF,
FFFDFF,
FFFFFF,
FEFFFF,
FEFFFF,
FEFFFE,
FFFFFF,
CCC6C6,
3D2D2C,
41FF26,
3C2618,
3F250D,
46240A,
421E0B,
664E43,
F8F6F2,
FBFFFF,
FF00FF,
FFFFFF,
FFFFFF,
FFFFFF,
FFFFFF,
FFFFFF,
FFFFFF,
FFFFFF,
FFFFFF,
FFFFFF,
FFFFFF,
00FFFF,
FFFFFF,
00FFFF,
FFFFFF,
FFFFFF,
FFFFFF,
FFFFFF,
FFFFFF,
FFFFFF,
FFFFFF,
FFFFFF,
FFFFFF,
FFFFFF,
FFFFFF,
FFFFFF,
FFFFFF,
FFFFFF,
FFFFFF,
FFFFFF,
FFFFFF,
FFFFFF,
00FFFF,
FFFFFF,
FFFFFF,
FFFFFF,
FFFFFF,
FFFFFF,
FFFFFF,
FFFFFF,
FFFFFF,
FFFFFF,
FFFFFF,
FFFFFF,
FFFFFF,
FFFFFF,
FFFFFF,
FFFFFF,
FFFFFF,
FFFFFF,
FFFFFF,
FFFFFF,
FFFFFF,
FFFFFF,
FFFFFF,
FFFFFF,
FFFFFF,
FFFFFF,
FFFFFF,
FFFFFF,
FFFFFF,
FF00FF,
FFFFFF,
FFFFFF,
FFFFFF,
FFFFFF,
FFFFFF,
FFFFFF,
FFFFFF,
FFFFFF,
FFFFFF,
FFFF00,
FFFF00,
FFFFFF,
FFFFFF,
FFFFFF,
FFFFFF,
FFFFFF,
FFFFFF,
FFFFFF,
FFFFFF,
FFFFFF,
FFFFFF,
FFFFFF,
FFFFFF,
FFFFFF,
FFFFFF,
FFFFFF,
FFFFFF,
FFFFFF,
FFFFFF,
FFFFFF,
FFFFFF,
00FFFF,
FFFFFF,
FFFFFF,
FFFFFF,
FFFFFF,
FFFFFF,
FFFFFF,
FFFFFF,
FFFFFF,
FF00FF,
FFFFFF,
FFFFFF,
FFFFFF,
FFFFFF,
FFFFFF,
FFFFFF,
FFFFFF,
FFFFFF,
FFFFFF,
FF00FF,
FFFF00,
FFFFFF,
FFFFFF,
FFFFFF,
FFFFFF,
FFFFFF,
FFFFFF,
FFFFFF,
FFFFFF,
FFFFFF,
FFFFFF,
FFFFFF,
FFFFFF,
FFFFFF,
FFFFFF,
FFFFFF,
FFFFFF,
FFFFFF,
FFFFFF,
FFFFFF,
FFFFFF,
FFFFFF,
FFFFFF,
FFFFFF,
FFFFFF,
FFFFFF,
FFFFFF,
FFFFFF,
FFFFFF,
FFFFFF,
FFFFFF,
FFFFFF,
FFFFFF,
FFFFFF,
FFFFFF,
FFFFFF,
FFFFFF,
FFFFFF,
FFFFFF,
FFFFFF,
FFFFFF,
FFFFFF,
FFFFFF,
FFFFFF,
FFFF00,
FEFFFF,
FFFFFF,
D7CAC2,
5B3C2B,
593422,
563424,
533325,
573624,
00341E,
553322,
40261A,
92817C,
FFFDFD,
FFFFFF,
FEFFFF,
FEFFFE,
FEFF00,
FCFDFB,
FDFEFE,
FDFEFE,
FD00FC,
FEFEFE,
FDFDFD,
FBFA00,
FC00FC,
F9FCFF,
F9FDFF,
FB00FF,
FDFFFF,
FEFDFF,
FEFCFE,
FEFDFE,
FFFEFF,
FFFEFF,
FEFE00,
FFFFFF,
FDFDFE,
FFFEFF,
FFFFFF,
FFFFFF,
FFFF00,
FFFFF9,
F6EADD,
5F4C3F,
452B1F,
4F3125,
503325,
590031,
6E5600,
9A887E,
816963,
70504D,
664643,
583C35,
4D342B,
55362D,
61362E,
5B301D,
572B16,
5A2E22,
4D2D25,
9AFF84,
DCDBD7,
F6F6F5,
FFFC00,
FFFFFF,
FEFDF9,
FDFCF8,
FFFEFC,
FDFBFB,
FEFCFD,
FF00FF,
FFFBFF,
FEFEFF,
FEFFFE,
FFFFFF,
FFFFFF,
FFFFFF,
FF00FF,
FFFFFF,
FFFFFF,
FFFEFF,
FFFDFF,
FFFFFF,
FEFFFF,
FE00FF,
FEFFFE,
FFFFFF,
DCD5D5,
473837,
402B27,
3BFF18,
3D260E,
46250C,
421D0A,
5C4237,
EEEAE6,
FFFFFF,
FFFFFF,
FFFFFF,
FFFFFF,
FFFFFF,
FFFFFF,
FFFFFF,
FFFFFF,
FFFFFF,
FFFFFF,
FFFFFF,
FFFFFF,
FFFFFF,
FFFFFF,
FFFFFF,
FFFFFF,
FFFFFF,
FFFFFF,
FFFFFF,
FFFFFF,
FFFFFF,
FFFFFF,
FFFFFF,
FFFFFF,
FFFFFF,
FFFFFF,
FFFFFF,
FFFFFF,
FFFFFF,
FFFFFF,
FFFFFF,
FFFFFF,
FFFFFF,
FFFFFF,
FFFFFF,
00FFFF,
FFFFFF,
FFFFFF,
FFFFFF,
FFFFFF,
FFFFFF,
FFFFFF,
FFFFFF,
FFFFFF,
FFFFFF,
FFFFFF,
FFFFFF,
FFFF00,
FFFFFF,
FFFFFF,
FFFFFF,
FFFFFF,
FFFFFF,
FFFFFF,
FFFFFF,
FFFFFF,
FFFFFF,
FFFFFF,
FFFFFF,
FFFFFF,
FFFFFF,
FFFFFF,
FF00FF,
FFFFFF,
FFFFFF,
FFFFFF,
00FFFF,
FFFFFF,
FFFFFF,
00FFFF,
FFFFFF,
FFFFFF,
FF00FF,
FFFFFF,
FFFFFF,
FFFFFF,
FFFFFF,
FFFFFF,
FFFFFF,
FFFFFF,
FFFFFF,
FFFFFF,
FFFFFF,
FFFFFF,
FFFFFF,
FFFFFF,
FFFFFF,
FFFFFF,
FFFFFF,
FFFFFF,
FFFFFF,
FFFFFF,
FFFFFF,
FFFFFF,
FF00FF,
FF00FF,
FFFFFF,
FFFFFF,
FFFFFF,
FFFFFF,
FFFFFF,
FFFFFF,
FFFFFF,
FFFFFF,
FFFFFF,
FFFFFF,
FFFFFF,
FFFFFF,
FFFFFF,
FFFFFF,
FFFFFF,
FFFFFF,
FFFFFF,
FFFFFF,
FFFFFF,
FFFFFF,
FFFFFF,
FF00FF,
FFFFFF,
FFFFFF,
FFFFFF,
FFFFFF,
FFFFFF,
FFFFFF,
FFFFFF,
FFFFFF,
00FFFF,
FFFFFF,
FFFFFF,
FFFFFF,
FFFFFF,
FFFFFF,
FFFFFF,
FFFFFF,
FFFFFF,
FFFFFF,
FFFFFF,
FFFFFF,
FFFFFF,
FFFFFF,
FFFFFF,
FFFFFF,
FFFFFF,
FFFFFF,
FFFFFF,
FFFFFF,
FFFF00,
FFFFFF,
FFFFFF,
FFFFFF,
FFFFFF,
FFFFFF,
FFFFFF,
FFFFFF,
FFFFFF,
FF00FF,
FFFF00,
FFFFFF,
FFFFFF,
FDFFFF,
FFFFFF,
D0C2FF,
FF3727,
57311F,
553122,
543325,
563523,
5A3520,
553422,
3E2519,
A79691,
FFFEFE,
FFFFFF,
00FFFF,
FEFFFE,
FFFFFB,
FEFF00,
FDFFFF,
FCFFFD,
FCFEFE,
FDFEFE,
00FFFF,
FEFFFF,
FEFEFF,
FCFEFF,
FCFFFF,
FFFDFF,
00FDFF,
FDFCFF,
FFFEFF,
FFFFFF,
FEFEFF,
FDFFFF,
FCFFFF,
FDFFFF,
FEFFFF,
FEFEFF,
FFFEFF,
FFFDFF,
FEFDFF,
FEFEF9,
F7F5EA,
594C41,
422C21,
452B1F,
40251A,
533C32,
8571FF,
FFFAF1,
FFFDF8,
00EBEB,
FFD0D0,
C5B9B3,
ADA199,
840066,
67463C,
59301C,
5C301A,
592F22,
51312A,
D0C4C0,
FFFFFF,
FDFFFF,
FFFDFF,
FFFCFD,
FCFEFD,
FFFFFE,
FDFEFE,
FE00FD,
FFFEFF,
FFFDFF,
FFFFFF,
FFFEFF,
FFFEFF,
FFFFFF,
FEFEFE,
FEFEFE,
FFFFFF,
FFFFFF,
FFFFFF,
FFFEFF,
FFFDFF,
FFFFFF,
FEFFFF,
FEFFFF,
FDFEFD,
FFFFFF,
E9E3FF,
524444,
3E2B27,
390000,
3B250D,
46260D,
431F0A,
543A2E,
E6E1DB,
FFFFFF,
FFFFFF,
FFFFFF,
FFFFFF,
FFFFFF,
FFFFFF,
FFFFFF,
FF00FF,
FFFFFF,
FFFFFF,
FFFFFF,
FFFF00,
FFFFFF,
FFFFFF,
FFFFFF,
FFFFFF,
FFFFFF,
FFFFFF,
FFFFFF,
FFFFFF,
FFFFFF,
FFFFFF,
FFFFFF,
FFFFFF,
FFFFFF,
FFFFFF,
FFFFFF,
FFFFFF,
FFFFFF,
FFFF00,
FFFFFF,
FFFFFF,
FFFFFF,
FFFFFF,
FFFFFF,
FFFFFF,
FFFFFF,
FFFFFF,
FFFFFF,
FFFFFF,
FFFFFF,
FFFFFF,
FFFFFF,
FFFFFF,
FF00FF,
FFFFFF,
FFFFFF,
FFFFFF,
FFFF00,
FFFFFF,
FFFFFF,
FFFFFF,
FFFFFF,
FFFFFF,
FFFFFF,
FFFFFF,
FFFFFF,
FFFFFF,
FFFFFF,
00FFFF,
FFFFFF,
FFFFFF,
FFFFFF,
FFFFFF,
FFFFFF,
FFFFFF,
FFFFFF,
FFFFFF,
FFFFFF,
FFFFFF,
FFFFFF,
FFFFFF,
FFFFFF,
FF00FF,
00FFFF,
FFFFFF,
FFFFFF,
FFFFFF,
FFFFFF,
FFFFFF,
FFFFFF,
FFFFFF,
FFFFFF,
FFFFFF,
FFFFFF,
FFFFFF,
FFFFFF,
FFFFFF,
FFFFFF,
FFFFFF,
FFFFFF,
FFFF00,
FFFFFF,
FFFFFF,
FFFFFF,
FFFFFF,
FFFFFF,
FFFFFF,
FFFFFF,
FFFFFF,
FFFFFF,
FFFFFF,
FFFFFF,
FFFFFF,
FFFFFF,
FFFFFF,
FFFFFF,
FFFFFF,
FFFFFF,
FFFFFF,
FF00FF,
FFFFFF,
FFFFFF,
FFFFFF,
FFFFFF,
FFFF00,
FFFFFF,
FFFFFF,
FFFFFF,
FEFEFE,
FEFEFE,
FEFEFE,
FEFEFE,
FFFFFF,
FFFFFF,
FFFFFF,
FFFFFF,
FFFFFF,
FFFFFF,
FFFFFF,
FFFFFF,
FFFFFF,
FFFFFF,
FFFFFF,
FFFFFF,
FFFFFF,
FFFFFF,
FFFFFF,
FFFFFF,
FFFFFF,
FFFFFF,
FFFFFF,
FFFFFF,
00FFFF,
FFFF00,
FFFFFF,
FFFFFF,
FFFFFF,
00FFFF,
FFFFFF,
FF00FF,
FFFFFF,
FFFFFF,
FFFFFF,
FFFFFF,
FFFFFF,
FFFFFF,
FFFFFF,
FFFFFF,
FEFFFF,
FFFFFF,
C9B9B3,
573525,
59301F,
573123,
563527,
583624,
5C3722,
563523,
43291D,
B3A39E,
FFFFFF,
FFFFFF,
FEFFFF,
FEFFFE,
FFFFFC,
FFFFFF,
FEFFFF,
FEFFFF,
FEFFFF,
FEFFFF,
FEFFFF,
FCFFFF,
FDFFFF,
FEFEFE,
FFFDFE,
00FDFE,
FFFE00,
00FEFE,
FF00FE,
FFFFFD,
FFFFFD,
FEFFFF,
FEFFFF,
FEFFFF,
FFFFFF,
FEFE00,
FFFDFE,
FFFDFE,
FFFDFE,
FFFFFD,
FFEFE8,
584E45,
402C23,
462C21,
432A20,
510036,
80706A,
FBFAF4,
FEFFFC,
FFFEFE,
FFFFFF,
FFFFFF,
FFFFFA,
C6BDB1,
7B6357,
542F1A,
5C301A,
582E20,
4E2F28,
C9BEB9,
FFFF00,
FAFFFE,
FEFEFF,
FDFEFF,
FCFFFF,
FDFFFF,
FEFFFF,
FFFEFF,
FFFEFF,
FFFEFF,
FFFEFF,
FFFEFF,
FFFFFF,
FFFFFF,
FFFFFF,
FFFFFF,
FFFFFF,
FFFFFF,
FFFFFF,
FFFEFF,
FFFDFF,
FFFFFF,
FEFFFF,
FEFFFF,
FCFDFC,
FFFFFE,
F6F0EF,
5D4F4F,
3CFF26,
3927FF,
3B24FF,
45250C,
45210C,
4B3024,
DFD8D1,
FFFFFF,
00FFFF,
FFFFFF,
FFFFFF,
FFFFFF,
FF0000,
FFFFFF,
FFFFFF,
FFFFFF,
FFFFFF,
FFFFFF,
FFFFFF,
FFFFFF,
FFFFFF,
FFFFFF,
FFFFFF,
FFFFFF,
FFFFFF,
FFFFFF,
FFFFFF,
FFFFFF,
FFFFFF,
FFFFFF,
FFFFFF,
FFFFFF,
FFFFFF,
FFFFFF,
FFFFFF,
FFFFFF,
FFFFFF,
00FFFF,
FFFFFF,
FFFFFF,
FFFFFF,
FFFFFF,
FFFF00,
FF00FF,
FFFFFF,
FFFFFF,
FFFFFF,
FFFFFF,
FEFEFE,
FEFEFE,
FEFEFE,
FEFEFE,
FFFFFF,
FFFFFF,
FFFFFF,
FFFFFF,
FFFFFF,
FFFFFF,
FFFFFF,
FFFFFF,
FFFFFF,
FFFFFF,
FFFFFF,
FFFFFF,
FFFFFF,
FFFFFF,
FFFFFF,
FFFFFF,
FEFEFE,
FEFEFE,
FEFE00,
FEFEFE,
FFFFFF,
FFFFFF,
FFFFFF,
FFFFFF,
FF00FF,
FFFF00,
FFFF00,
FFFFFF,
FFFFFF,
FFFFFF,
FF00FF,
FFFFFF,
FFFFFF,
FFFFFF,
FFFFFF,
FFFFFF,
FFFFFF,
FFFFFF,
FFFFFF,
FFFFFF,
FFFFFF,
FFFFFF,
FFFFFF,
FFFFFF,
FFFFFF,
FFFF00,
FFFFFF,
FFFFFF,
FFFFFF,
FFFFFF,
FFFFFF,
FFFFFF,
FFFFFF,
FFFFFF,
FFFFFF,
FFFFFF,
FFFFFF,
FFFFFF,
FFFFFF,
FFFFFF,
FFFFFF,
FFFF00,
FFFFFF,
FFFFFF,
FFFFFF,
FFFFFF,
FFFFFF,
FFFFFF,
00FFFF,
FFFFFF,
FFFFFF,
FFFFFF,
FFFFFF,
FFFFFF,
FFFEFE,
FEFEFE,
FEFEFE,
FEFEFE,
FFFFFF,
FFFFFF,
FFFFFF,
FFFFFF,
FFFFFF,
FFFFFF,
FFFFFF,
FFFFFF,
FFFFFF,
FFFFFF,
FFFFFF,
FFFFFF,
FFFFFF,
FFFFFF,
FFFFFF,
FFFFFF,
FFFFFF,
FFFFFF,
FFFFFF,
FFFFFF,
FFFFFF,
FFFFFF,
FFFFFF,
FFFFFF,
FFFFFF,
FFFFFF,
FFFFFF,
FFFFFF,
FFFFFF,
FFFFFF,
00FFFF,
FFFFFF,
FFFFFF,
FF00FF,
FFFFFF,
FFFFFF,
FEFFFF,
00FFFF,
C1B1AB,
573425,
5A3120,
593325,
593629,
5C3926,
5D3823,
59FF26,
FF3024,
C2B3AE,
FFFFFF,
FFFFFF,
FE00FF,
FEFFFE,
FFFFFC,
FFFF00,
FFFF00,
FFFFFF,
FFFFFF,
FEFF00,
FEFFFF,
FCFFFF,
FDFFFF,
FFFEFB,
FFFDFB,
FFFDFB,
FFFDFA,
FFFEFB,
FFFEFB,
FFFEFB,
FFFEFB,
FFFFFC,
FFFFFC,
FFFFFC,
FFFFFC,
FFFEFB,
FFFDFB,
FFFDFB,
FFFDFB,
FFFFFE,
F0EFEB,
584E46,
402C23,
472C21,
422A21,
503D37,
80746F,
F9FCF7,
FAFFFE,
FDFEFF,
FFFFFF,
F8FFFD,
FCFFFB,
D0CABF,
7D695C,
53311A,
5B311A,
572E20,
4D2D27,
C6BAB6,
FFFFFF,
FAFFFE,
FEFEFF,
FEFDFE,
FDFFFF,
FEFFFF,
FEFFFF,
FFFFFF,
FFFFFF,
FFFEFF,
FF00FF,
FFFFFF,
FFFFFF,
FFFFFF,
FFFFFF,
FFFFFF,
FFFFFF,
FFFFFF,
FFFFFF,
FFFEFF,
FFFDFF,
FFFFFF,
FEFFFF,
FEFFFF,
FBFCFB,
FFFDFB,
FEF9F8,
6B5D5E,
3B2927,
3A291D,
00250F,
45240B,
47220D,
412518,
D4CCC3,
FFFFFF,
00FFFF,
FFFFFF,
FFFFFF,
FFFFFF,
FFFFFF,
FFFFFF,
FFFFFF,
FFFFFF,
FFFFFF,
FFFFFF,
FFFFFF,
FFFFFF,
FFFFFF,
FFFFFF,
FFFFFF,
FFFFFF,
FFFFFF,
FFFFFF,
FFFFFF,
FFFFFF,
FFFF00,
FFFFFF,
FFFFFF,
FFFFFF,
FFFFFF,
FFFFFF,
FFFFFF,
FFFFFF,
FFFFFF,
FFFFFF,
FFFFFF,
FFFFFF,
FFFFFF,
FFFFFF,
FFFFFF,
FFFFFF,
FFFFFF,
FFFFFF,
FFFFFF,
FFFFFF,
FEFEFE,
FEFEFE,
FEFEFE,
FEFEFE,
FFFFFF,
FFFFFF,
FFFFFF,
FFFFFF,
FFFF00,
FFFFFF,
FFFFFF,
FFFFFF,
FFFFFF,
FFFFFF,
FFFFFF,
FFFFFF,
00FFFF,
FFFFFF,
FFFFFF,
FF00FF,
FEFEFE,
FEFEFE,
FEFEFE,
FEFEFE,
FFFFFF,
FFFFFF,
FFFFFF,
FF00FF,
FFFFFF,
FFFFFF,
FFFF00,
FFFFFF,
FFFFFF,
FFFF00,
FFFFFF,
FFFFFF,
FFFFFF,
00FFFF,
FFFFFF,
FFFFFF,
FFFFFF,
FFFFFF,
FFFFFF,
FFFFFF,
FFFFFF,
FFFFFF,
FFFFFF,
FFFFFF,
FFFFFF,
FFFFFF,
FFFFFF,
FFFFFF,
FFFFFF,
FFFFFF,
FFFFFF,
FFFFFF,
FF00FF,
FFFFFF,
FFFFFF,
FFFFFF,
FFFFFF,
FFFFFF,
FFFFFF,
FFFFFF,
FFFFFF,
FFFFFF,
FFFFFF,
FFFFFF,
FFFFFF,
FFFFFF,
FFFFFF,
FFFFFF,
FFFFFF,
FFFFFF,
FFFFFF,
FFFFFF,
FFFFFF,
FFFFFF,
FEFEFE,
FEFEFE,
FEFEFE,
FEFE00,
FFFFFF,
FFFFFF,
FFFFFF,
FFFFFF,
FFFFFF,
00FFFF,
FFFFFF,
FFFFFF,
FFFFFF,
FFFFFF,
FFFFFF,
FFFFFF,
FFFFFF,
FFFFFF,
FFFFFF,
FFFFFF,
FFFFFF,
FFFFFF,
FFFFFF,
00FFFF,
FFFFFF,
FFFFFF,
FFFFFF,
FFFFFF,
FFFFFF,
FFFFFF,
FFFFFF,
FFFFFF,
FFFFFF,
FFFFFF,
FFFFFF,
FFFFFF,
FFFFFF,
00FFFF,
FFFFFF,
FFFFFF,
FEFFFF,
FFFFFF,
B6A69F,
563223,
5D3322,
5A3526,
5C382B,
5E3A28,
5E3924,
583625,
52382C,
D3C6C0,
FFFFFF,
FFFEFF,
FEFFFF,
00FFFE,
FFFFFC,
FFFDFF,
FFFDFF,
FFFDFF,
FF00FF,
FFFFFF,
FEFFFF,
FEFFFF,
FDFFFF,
FFFEFC,
FFFEFC,
FFFEFC,
FFFEFC,
FFFFFD,
FFFFFD,
FFFEFE,
FFFFFE,
FDFFFD,
FEFFFD,
FEFFFD,
FEFFFD,
FEFEFC,
FFFEFC,
FFFEFC,
FFFFFC,
FFFFFF,
F2EEEB,
5B4C45,
422C21,
482D22,
442B23,
4F3D37,
837874,
00FEFA,
FBFFFE,
FDFEFF,
FCFEFF,
F9FFFF,
FEFFFD,
D9D0C6,
866D00,
55321C,
583019,
562E1F,
4A2B23,
C2B5AE,
FFFFFF,
FCFEFB,
FEFCFB,
FFFCFD,
FFFFFF,
FFFFFF,
FFFEFF,
FFFFFF,
FFFFFF,
FFFFFF,
FFFFFF,
FFFFFF,
00FFFF,
FFFFFF,
FFFFFF,
FFFFFF,
FFFF00,
FFFFFF,
FFFFFF,
FFFEFF,
FFFDFF,
FFFFFF,
FEFFFF,
FEFFFF,
FCFDFC,
FEFCFB,
FFFDFD,
7B6F6F,
3A2A29,
3C2C21,
3D2711,
FF000A,
49240E,
402416,
C6BEB5,
FFFFFF,
FFFFFF,
FFFFFF,
FFFFFF,
FFFFFF,
FFFFFF,
FFFFFF,
FFFFFF,
FFFFFF,
FFFF00,
FFFFFF,
FFFFFF,
FFFFFF,
FF00FF,
FFFFFF,
FFFFFF,
FFFFFF,
FFFFFF,
FFFFFF,
FFFFFF,
FFFFFF,
FFFFFF,
FFFFFF,
FFFFFF,
FFFFFF,
FFFFFF,
FFFFFF,
FFFFFF,
FFFFFF,
FFFFFF,
FFFFFF,
FFFFFF,
FFFFFF,
FFFFFF,
FFFFFF,
FFFFFF,
FFFFFF,
FFFFFF,
FFFFFF,
FFFFFF,
FFFFFF,
FEFEFE,
FEFEFE,
FEFEFE,
FEFEFE,
FFFFFF,
FFFFFF,
FFFFFF,
FFFFFF,
FFFFFF,
FFFFFF,
FF00FF,
FFFFFF,
FFFFFF,
FFFFFF,
FFFFFF,
FFFFFF,
FFFFFF,
FFFFFF,
FFFFFF,
FFFFFF,
FEFEFE,
FEFEFE,
FEFEFE,
FEFEFE,
FFFFFF,
FFFFFF,
FFFFFF,
FFFFFF,
FFFFFF,
FFFFFF,
FFFFFF,
FFFFFF,
FFFFFF,
FFFFFF,
FFFFFF,
FFFFFF,
FFFFFF,
FFFFFF,
FFFFFF,
FFFFFF,
FFFFFF,
FFFFFF,
FFFFFF,
FFFFFF,
FFFFFF,
FFFFFF,
FFFFFF,
FFFFFF,
FFFFFF,
FFFFFF,
FFFFFF,
FFFFFF,
FFFFFF,
FF00FF,
FFFFFF,
FFFFFF,
FFFFFF,
FFFFFF,
FFFFFF,
FFFFFF,
FFFFFF,
FFFFFF,
FFFFFF,
FFFFFF,
FFFFFF,
FFFFFF,
FFFFFF,
FFFFFF,
FFFFFF,
FFFFFF,
FFFFFF,
FFFFFF,
FFFFFF,
FFFFFF,
FFFFFF,
FFFFFF,
FFFFFF,
FFFFFF,
FFFEFE,
FFFEFE,
00FEFE,
FEFEFE,
FFFFFF,
FFFFFF,
FFFFFF,
FFFFFF,
FFFFFF,
FFFFFF,
FFFFFF,
FFFFFF,
FFFFFF,
FFFFFF,
FFFFFF,
FFFFFF,
FFFFFF,
FFFFFF,
FFFFFF,
FF00FF,
FFFFFF,
FFFFFF,
FFFFFF,
FFFFFF,
FFFFFF,
FFFF00,
FFFFFF,
0000FF,
FFFFFF,
FFFFFF,
FFFFFF,
FFFFFF,
FFFFFF,
FFFFFF,
FFFF00,
FFFFFF,
FFFFFF,
FFFFFF,
FFFFFF,
FFFFFF,
FE0000,
FFFFFF,
AD9A94,
553123,
5E3323,
5CFF27,
5CFF2B,
5E3928,
5F3924,
573524,
5B4235,
E3D6D1,
FFFFFE,
FFFE00,
FEFFFF,
FEFFFE,
FFFFFC,
FFFCFF,
FFFCFF,
FFFDFF,
FFFFFF,
FFFFFF,
FFFFFF,
FEFFFF,
FDFFFF,
FEFEFE,
FEFEFD,
FEFEFF,
FDFEFF,
FDFFFF,
FDFFFF,
FDFFFF,
FDFFFF,
FBFFFF,
FBFFFF,
FBFFFF,
FCFFFF,
FCFFFE,
FEFEFD,
FEFEFD,
FEFEFF,
FFFFFF,
F3EDED,
5E4C45,
442920,
4A0022,
002C23,
4F3D37,
857C78,
FFFFFD,
FEFFFF,
FFFC00,
FEFCFF,
FFFDFF,
FEFEFB,
DED2CA,
8F6F63,
58331D,
572F19,
562E1E,
47291F,
BDAFA7,
FFFFFD,
FEFEFF,
FFFCF8,
FFFDFD,
FFFEFF,
FFFEFF,
FFFEFF,
FFFFFF,
FFFFFF,
FFFFFE,
FFFFFF,
FFFFFF,
FFFFFF,
FFFFFF,
FFFFFF,
FF00FF,
FF00FF,
FFFFFF,
FFFFFF,
FFFEFF,
FFFDFF,
FFFFFF,
FEFFFF,
FEFFFF,
FEFFFE,
FFFCFF,
FFFFFF,
908585,
392A29,
3D2E22,
3E2813,
44230B,
48230E,
3F2315,
B6FFA4,
FFFFFF,
FFFFFF,
FF00FF,
FF00FF,
FFFFFF,
FFFFFF,
FFFFFF,
FFFFFF,
FFFFFF,
FFFFFF,
FFFFFF,
FFFFFF,
FFFFFF,
FFFFFF,
FFFFFF,
FFFFFF,
FFFFFF,
FF00FF,
FFFF00,
FFFFFF,
FFFFFF,
FFFFFF,
FFFFFF,
FFFFFF,
FFFFFF,
FFFFFF,
FFFFFF,
FFFFFF,
FFFFFF,
FFFFFF,
FFFFFF,
FFFFFF,
FFFFFF,
FFFFFF,
FFFFFF,
FFFFFF,
FFFFFF,
FFFFFF,
FFFFFF,
FFFFFF,
FFFFFF,
FEFEFE,
FEFEFE,
FE00FE,
FEFEFE,
FFFFFF,
FFFFFF,
FFFFFF,
FFFFFF,
FFFFFF,
FFFFFF,
FFFFFF,
FFFFFF,
FFFFFF,
FFFFFF,
FFFFFF,
FFFFFF,
FFFFFF,
FFFFFF,
FFFFFF,
FFFFFF,
FEFEFE,
FEFEFE,
FEFEFE,
FEFEFE,
FFFFFF,
FFFFFF,
FFFFFF,
FFFFFF,
FFFFFF,
FFFFFF,
FFFFFF,
FFFFFF,
FFFFFF,
FFFFFF,
FFFFFF,
FFFFFF,
FFFF00,
FFFFFF,
FFFFFF,
FFFFFF,
FFFFFF,
FFFFFF,
FFFFFF,
FFFFFF,
FFFFFF,
FFFFFF,
FFFFFF,
FFFFFF,
FFFFFF,
FFFFFF,
FFFF00,
FFFFFF,
FFFFFF,
FFFFFF,
FFFFFF,
FFFFFF,
FFFFFF,
FFFFFF,
FFFFFF,
FFFFFF,
FFFFFF,
FFFFFF,
FFFFFF,
FFFFFF,
FFFFFF,
FFFFFF,
FFFFFF,
FFFFFF,
FFFFFF,
FFFFFF,
FFFFFF,
FFFFFF,
FFFFFF,
FFFFFF,
FFFFFF,
FFFFFF,
FFFFFF,
FFFFFF,
FE00FE,
FEFEFE,
FEFEFE,
FEFEFE,
FFFFFF,
FFFFFF,
FFFFFF,
FFFFFF,
FFFFFF,
FFFFFF,
00FFFF,
FFFFFF,
FFFFFF,
FFFFFF,
FFFFFF,
FFFF00,
FF00FF,
FFFFFF,
FFFFFF,
FFFFFF,
FFFFFF,
FFFFFF,
FFFFFF,
FFFFFF,
FFFFFF,
FFFFFF,
FFFFFF,
FFFFFF,
FFFFFF,
FFFFFF,
FFFFFF,
FFFFFF,
FFFFFF,
FFFFFF,
FFFFFF,
FFFFFF,
FFFFFF,
FFFFFF,
FFFFFF,
FFFFFF,
FFFFFF,
FFFFFF,
A7948C,
543121,
5D3523,
5A3425,
5B3729,
5D3827,
5F3925,
593524,
63493E,
EDE3DE,
FFFFFF,
FFFFFF,
FFFFFE,
FFFFFD,
FFFFFD,
FFFDFF,
FFFDFF,
FFFDFF,
FFFEFF,
FFFEFF,
FFFEFF,
FEFFFF,
FEFFFF,
FDFEFF,
FDFEFF,
FCFFFF,
FCFFFF,
FCFFFF,
FCFFFF,
FCFFFF,
FBFFFF,
FBFFFF,
FBFFFF,
FBFFFF,
FCFFFF,
FBFFFF,
FCFFFF,
FDFFFF,
FDFEFF,
FFFFFF,
F2ECEC,
5F4B45,
462920,
4B2D23,
482D24,
4F3E37,
877E7A,
FFFFFD,
FFFDFE,
FFFBFF,
FFFCFF,
FEFCFF,
FEFDFA,
00D4CC,
927167,
57331F,
552F19,
552E1E,
47281D,
BA00A1,
FFFFFC,
FEFEF7,
FFFDFA,
FFFDFD,
FFFDFF,
FFFDFF,
FFFEFF,
FFFEFF,
FFFFFE,
FFFFFD,
FEFFFD,
FEFFFE,
FFFFFF,
FFFFFF,
FFFFFF,
FFFFFF,
FFFFFF,
FFFFFF,
FFFFFF,
FFFFFF,
FFFEFF,
FFFFFF,
FEFFFF,
FDFEFE,
FEFEFD,
FFFCFB,
FFFFFF,
A29898,
392900,
3F2E24,
002815,
00260D,
46210B,
3C2010,
A99F95,
FFFFFF,
FFFFFF,
FFFFFF,
FFFFFF,
FFFFFF,
FFFFFF,
FFFFFF,
FFFFFF,
FFFFFF,
FFFFFF,
FFFFFF,
FFFFFF,
FFFFFF,
FFFFFF,
FFFFFF,
FFFFFF,
FFFFFF,
FFFFFF,
FFFFFF,
FFFFFF,
FFFFFF,
FFFFFF,
FFFFFF,
FFFFFF,
FFFFFF,
FFFFFF,
FF00FF,
FFFFFF,
FFFFFF,
FFFFFF,
FFFFFF,
FFFFFF,
FFFFFF,
FFFFFF,
FFFFFF,
FFFFFF,
FFFFFF,
FFFFFF,
FFFFFF,
FFFFFF,
00FFFF,
FEFEFE,
FEFEFE,
FEFEFE,
FEFEFE,
FFFFFF,
FFFFFF,
FFFFFF,
FFFFFF,
FFFFFF,
FFFFFF,
FFFFFF,
FFFFFF,
FFFFFF,
FFFFFF,
FFFFFF,
FFFFFF,
FFFFFF,
FFFFFF,
FFFFFF,
FFFFFF,
FEFEFE,
FEFEFE,
FFFEFE,
FEFEFE,
FFFFFF,
FFFFFF,
FFFFFF,
FFFFFF,
FFFFFF,
FFFFFF,
FFFFFF,
FFFFFF,
FF00FF,
FFFF00,
FFFFFF,
FFFFFF,
FFFFFF,
FFFFFF,
FFFFFF,
FFFFFF,
FFFFFF,
FFFFFF,
FFFFFF,
FFFFFF,
FFFFFF,
FFFFFF,
FFFFFF,
FFFFFF,
FFFFFF,
FFFFFF,
FFFFFF,
FFFFFF,
FFFFFF,
FFFFFF,
FFFFFF,
FFFFFF,
FFFFFF,
FFFFFF,
FFFFFF,
FFFFFF,
FFFFFF,
FFFFFF,
FFFFFF,
FFFFFF,
FFFFFF,
FFFFFF,
FFFFFF,
FFFFFF,
FFFFFF,
FFFFFF,
FFFFFF,
FFFFFF,
FFFFFF,
FFFFFF,
FFFFFF,
FFFFFF,
FFFFFF,
FFFFFF,
FFFFFF,
FFFFFF,
FFFFFF,
FFFFFF,
FFFFFF,
00FFFF,
FFFFFF,
FFFFFF,
FFFFFF,
FFFFFF,
FFFFFF,
FFFFFF,
FFFFFF,
FFFFFF,
FFFFFF,
FFFFFF,
FFFFFF,
FFFFFF,
FFFFFF,
FFFFFF,
FFFFFF,
FFFFFF,
FFFFFF,
FFFF00,
FFFFFF,
FFFFFF,
FFFFFF,
FFFFFF,
FFFFFF,
FFFFFF,
FFFFFF,
FFFFFF,
FFFFFF,
FFFFFF,
FFFFFF,
FFFFFF,
FFFFFF,
FFFFFF,
FFFFFF,
00FFFF,
FFFFFF,
FFFFFF,
9E8A00,
53311D,
5C3721,
5A3625,
593829,
5C3726,
603724,
5A3323,
6A5149,
F6F1F0,
FDFEFE,
FFFFFE,
FFFFFA,
FFFF00,
FEFFFE,
FFFEFF,
FFFEFF,
FFFEFF,
FFFFFF,
FFFFFF,
FFFFFF,
FFFFFF,
FFFFFF,
FFFFFF,
FFFFFF,
FEFFFF,
FEFFFF,
FEFFFF,
FEFFFF,
FEFFFF,
FEFFFF,
FEFFFF,
FEFFFF,
FEFFFF,
FEFFFF,
FEFFFF,
FEFFFF,
FFFFFF,
FFFFFF,
FFFFFF,
EEE8FF,
5D4A46,
472C24,
4B2E23,
462E24,
4D3C36,
897F7C,
FFFFFE,
FFFFFF,
FFFDFF,
FFFEFF,
FCFFFE,
FFFFFD,
FFD7CF,
927972,
573626,
552F1A,
562E1F,
47FF1B,
AFA097,
FFFFFD,
FAFBF7,
FEFDFD,
FEFCFD,
FFFEFF,
FFFEFF,
FFFFFF,
FFFFFF,
FFFFFF,
FFFFFF,
FFFFFF,
FFFFFF,
FFFFFF,
FFFFFF,
FFFFFF,
FFFFFF,
FFFFFF,
FFFFFF,
FFFFFF,
FFFFFF,
FFFFFF,
FFFFFF,
FFFFFF,
FEFEFE,
FDFEFD,
FDFCFD,
FFFFFF,
FFB0AE,
3F2C00,
402C25,
002517,
482811,
47230A,
3B1F0C,
988C84,
FFFFFF,
FFFFFF,
FFFFFF,
FFFFFF,
FFFFFF,
FFFF00,
00FFFF,
FFFFFF,
FFFFFF,
FFFFFF,
FFFFFF,
FFFFFF,
FFFFFF,
FFFFFF,
FFFFFF,
FFFFFF,
00FFFF,
FFFFFF,
00FFFF,
FFFFFF,
FFFFFF,
FFFFFF,
FFFFFF,
FFFFFF,
FFFFFF,
FFFFFF,
FFFFFF,
FFFFFF,
FFFFFF,
FFFFFF,
FFFFFF,
FFFFFF,
FF00FF,
FFFFFF,
FFFFFF,
00FF00,
FFFFFF,
FFFFFF,
FFFF00,
FFFFFF,
FFFFFF,
FFFFFF,
FFFFFF,
FFFFFF,
FFFFFF,
FFFFFF,
FFFFFF,
FFFFFF,
FFFFFF,
FFFFFF,
FFFFFF,
FFFFFF,
FFFFFF,
FFFFFF,
FFFFFF,
FFFF00,
FFFFFF,
FFFFFF,
FFFFFF,
FFFFFF,
FFFF00,
FFFFFF,
FFFFFF,
FFFFFF,
FFFFFF,
FFFFFF,
FFFFFF,
FFFF00,
FFFFFF,
FFFFFF,
FFFFFF,
FFFFFF,
FFFFFF,
FFFFFF,
FFFFFF,
FFFFFF,
FFFFFF,
FFFFFF,
FFFF00,
FFFFFF,
FFFFFF,
FFFFFF,
FFFFFF,
FFFFFF,
FFFFFF,
FFFFFF,
FFFFFF,
FFFFFF,
FFFFFF,
FFFF00,
FFFFFF,
FFFFFF,
FFFFFF,
FFFFFF,
FFFFFF,
FFFFFF,
FFFFFF,
FFFFFF,
FFFFFF,
FFFFFF,
FFFFFF,
FFFFFF,
FFFFFF,
FFFFFF,
FFFFFF,
FFFFFF,
FFFFFF,
FFFFFF,
FFFFFF,
FFFFFF,
FFFFFF,
FFFFFF,
FFFFFF,
FFFFFF,
FFFFFF,
FFFFFF,
FFFFFF,
00FFFF,
FFFFFF,
FFFFFF,
FFFFFF,
FFFF00,
FFFFFF,
FFFFFF,
FFFFFF,
FFFFFF,
00FFFF,
FFFFFF,
FFFFFF,
FFFFFF,
FFFFFF,
FFFFFF,
FFFFFF,
FFFFFF,
FFFFFF,
FFFFFF,
FFFFFF,
FFFFFF,
FFFFFF,
FFFFFF,
FFFFFF,
FFFFFF,
FFFFFF,
FFFFFF,
FFFFFF,
FFFFFF,
FFFFFF,
FFFFFF,
FFFFFF,
FFFFFF,
FFFFFF,
FFFFFF,
FFFFFF,
FFFFFF,
FFFFFF,
FFFFFF,
FFFFFF,
FFFFFF,
FFFFFF,
FFFFFF,
FFFFFE,
9A8578,
53321C,
5A3620,
583624,
593800,
5C3726,
613925,
593121,
776059,
FDF8F9,
FCFFFF,
FEFFFC,
FFFFFA,
FFFFFC,
FEFFFF,
FFFFFF,
FF00FF,
FFFFFF,
FFFFFF,
FFFFFF,
FFFFFF,
FFFFFF,
FFFFFF,
FFFFFF,
FFFFFF,
FFFFFF,
FFFFFF,
FFFFFF,
FFFFFF,
FFFFFF,
FFFFFF,
FFFFFF,
FFFFFF,
FFFFFF,
FFFFFF,
FFFFFF,
FFFFFF,
FFFFFF,
FFFFFF,
FFFFFF,
EDE8E6,
5D4A46,
472C25,
4B2E24,
462D25,
4E3D36,
8B81FF,
FFFFFE,
FFFFFF,
FFFEFF,
FFFEFF,
FCFFFD,
FFFF00,
E1DAD3,
927C00,
583828,
562F1B,
562E1F,
48281C,
AB9C93,
FFFFFC,
FAFCF9,
FEFDFE,
FEFDFE,
FFFFFF,
FFFFFF,
FFFFFF,
FFFFFF,
FFFFFF,
FFFFFF,
FFFFFF,
FFFFFF,
FFFFFF,
FFFFFF,
FFFFFF,
FFFFFF,
FFFFFF,
FFFFFF,
FFFFFF,
00FFFF,
FFFFFF,
00FFFF,
FFFFFF,
FEFEFF,
FEFEFE,
FDFDFD,
FFFFFF,
C5BEBB,
46322D,
422F28,
3E271A,
452510,
48240B,
3A1D0A,
897C73,
FFFFFF,
FFFFFF,
FFFFFF,
FFFFFF,
FFFFFF,
FFFFFF,
FFFFFF,
FFFFFF,
FFFFFF,
FFFFFF,
FFFFFF,
FFFFFF,
FFFFFF,
FFFFFF,
FFFFFF,
FFFFFF,
FFFFFF,
FFFFFF,
FFFFFF,
FFFFFF,
FFFFFF,
FFFFFF,
FFFFFF,
FFFFFF,
FFFFFF,
FFFFFF,
FFFFFF,
FFFFFF,
FFFFFF,
FFFFFF,
FFFFFF,
FFFFFF,
FFFFFF,
00FFFF,
FFFFFF,
FFFFFF,
FFFFFF,
FFFFFF,
FFFFFF,
FFFFFF,
FFFFFF,
FFFFFF,
FFFFFF,
FFFFFF,
FFFFFF,
FFFFFF,
FFFFFF,
FFFF00,
FFFFFF,
FFFFFF,
FFFFFF,
FFFFFF,
FFFFFF,
FFFFFF,
FFFFFF,
FFFFFF,
FFFFFF,
FFFFFF,
FFFFFF,
FFFFFF,
FFFFFF,
FFFFFF,
FFFFFF,
FFFFFF,
FFFFFF,
FFFFFF,
FFFFFF,
FFFFFF,
FFFFFF,
FFFFFF,
FFFFFF,
FFFFFF,
FFFFFF,
FFFFFF,
00FFFF,
00FFFF,
FFFFFF,
FFFFFF,
FF00FF,
FF00FF,
FFFFFF,
FFFFFF,
FFFFFF,
FFFFFF,
FFFFFF,
FFFFFF,
FFFFFF,
FFFFFF,
FFFFFF,
FFFFFF,
FFFFFF,
FFFFFF,
FFFFFF,
FFFFFF,
FFFFFF,
FFFFFF,
FFFFFF,
FFFFFF,
FFFFFF,
FFFFFF,
FFFFFF,
FFFFFF,
FFFFFF,
FFFFFF,
FFFFFF,
FFFFFF,
FFFFFF,
FFFF00,
FFFFFF,
FFFFFF,
FFFFFF,
FFFFFF,
FFFF00,
FFFFFF,
FF00FF,
FFFFFF,
FFFFFF,
FFFFFF,
FFFFFF,
FFFFFF,
FFFFFF,
FFFFFF,
FFFFFF,
FFFFFF,
FFFFFF,
FFFFFF,
FFFFFF,
FFFFFF,
FFFFFF,
FFFFFF,
FFFFFF,
FFFFFF,
FFFFFF,
FFFFFF,
FF00FF,
FFFFFF,
FFFFFF,
FFFFFF,
FFFFFF,
FFFFFF,
FF00FF,
FFFFFF,
FFFFFF,
FFFFFF,
FFFFFF,
FFFFFF,
FFFFFF,
FFFFFF,
FFFFFF,
FFFF00,
FFFFFF,
FFFFFF,
FFFFFF,
FFFFFF,
FFFFFF,
FFFFFF,
FFFFFF,
FFFFFF,
FFFFFF,
FFFFFF,
FFFEFF,
FF7C70,
54321D,
59351F,
583524,
583829,
5C3827,
623B26,
573121,
85716A,
FFFDFD,
FB00FE,
FEFFFC,
FFFFFA,
FFFFFF,
FFFF00,
FFFFFF,
FFFFFF,
FFFFFF,
FFFFFF,
FFFFFF,
FFFFFF,
FFFFFF,
FFFFFF,
FFFFFF,
FFFFFF,
FFFFFF,
FFFFFF,
FFFFFF,
FFFFFF,
FFFFFF,
FFFFFF,
FFFFFF,
FFFFFF,
FFFFFF,
FFFFFF,
FFFFFF,
FFFFFF,
FFFFFF,
FFFFFF,
FFFFFF,
EDE7E5,
5C4945,
472C25,
002F24,
462D25,
4E3D36,
8E8481,
FFFFFF,
00FFFF,
FFFEFF,
FFFEFF,
FC00FD,
FFFFFD,
E5DED7,
968079,
573727,
532D19,
53FF1D,
47271B,
A4958B,
FFFFFC,
FCFDFA,
FEFDFF,
FFFEFF,
FFFFFF,
FFFFFF,
FFFFFF,
FFFFFF,
FFFFFF,
FFFFFF,
FFFFFF,
FFFFFF,
FFFFFF,
FFFFFF,
FFFFFF,
FFFFFF,
FFFFFF,
FFFFFF,
FFFFFF,
FFFFFF,
FF00FF,
FFFFFF,
FFFFFF,
FEFFFE,
FEFEFE,
FDFDFD,
FFFFFF,
D6D0FF,
4B3833,
412E28,
40281D,
4222FF,
48240B,
3BFF09,
796B62,
FFFFFF,
FFFFFF,
FFFFFF,
FFFFFF,
FFFFFF,
FFFFFF,
FFFFFF,
FFFFFF,
FFFFFF,
FFFFFF,
FFFF00,
FFFFFF,
FFFFFF,
FFFFFF,
FFFFFF,
FFFFFF,
FFFFFF,
FFFFFF,
FFFF00,
00FFFF,
FFFFFF,
FFFFFF,
FFFFFF,
FFFFFF,
FFFFFF,
FFFFFF,
FFFFFF,
FFFFFF,
FFFFFF,
FFFFFF,
FFFFFF,
FFFFFF,
FFFFFF,
FFFFFF,
FFFFFF,
FFFFFF,
FFFFFF,
FFFFFF,
FFFFFF,
FFFFFF,
FFFFFF,
FFFFFF,
FFFFFF,
FFFFFF,
FFFFFF,
FFFFFF,
FFFFFF,
FFFFFF,
FFFFFF,
FFFFFF,
FFFFFF,
FFFFFF,
FFFFFF,
FFFFFF,
FFFFFF,
FFFFFF,
FFFFFF,
FFFFFF,
00FFFF,
FFFFFF,
FFFFFF,
FFFFFF,
FFFFFF,
FFFFFF,
FFFFFF,
FFFFFF,
FFFFFF,
FFFFFF,
FFFFFF,
FFFFFF,
FFFFFF,
FFFFFF,
FFFFFF,
FFFFFF,
FFFFFF,
FFFFFF,
FFFF00,
00FFFF,
FFFFFF,
FFFFFF,
FFFFFF,
FFFFFF,
FFFFFF,
FFFFFF,
FFFFFF,
FFFFFF,
FFFFFF,
FFFFFF,
FFFFFF,
FFFFFF,
FFFFFF,
FFFFFF,
FFFFFF,
FFFFFF,
FFFFFF,
FFFFFF,
FFFFFF,
FFFFFF,
FFFFFF,
FFFFFF,
FFFFFF,
FFFFFF,
FFFFFF,
FFFFFF,
FFFFFF,
FFFFFF,
FFFFFF,
FFFFFF,
FFFFFF,
FFFFFF,
FFFFFF,
FFFFFF,
FFFF00,
FFFFFF,
FFFFFF,
FFFFFF,
FFFFFF,
FFFFFF,
FFFFFF,
FFFFFF,
FFFFFF,
FFFFFF,
FFFFFF,
FFFFFF,
FFFFFF,
FFFFFF,
FFFFFF,
FFFFFF,
FFFFFF,
FFFFFF,
FFFFFF,
FFFFFF,
FFFFFF,
FFFFFF,
FFFFFF,
FFFFFF,
FFFFFF,
FFFFFF,
FFFFFF,
FFFFFF,
FFFFFF,
FFFFFF,
FFFFFF,
FFFFFF,
FFFFFF,
FFFFFF,
FFFFFF,
FFFFFF,
FFFFFF,
FFFFFF,
FFFFFF,
FFFFFF,
FFFFFF,
FFFFFF,
FF00FF,
FFFFFF,
FFFFFF,
FFFFFF,
FF0000,
FFFF00,
FFFBF9,
897367,
54321D,
58341E,
573524,
583829,
5D3827,
633A27,
543021,
97837C,
FFFEFE,
FCFEFF,
FEFFFE,
FFFFFF,
FFFFFC,
FFFFFF,
FFFFFF,
FFFFFF,
FFFFFF,
FFFFFF,
FFFFFF,
FFFFFF,
FFFFFF,
FFFFFF,
FFFFFF,
FFFFFF,
FFFFFF,
FFFFFF,
FFFFFF,
FFFFFF,
FF00FF,
FFFFFF,
00FFFF,
FFFFFF,
FFFFFF,
FFFFFF,
FFFFFF,
FFFFFF,
FFFFFF,
FFFFFF,
00FFFF,
ECE6E4,
5B4844,
472C25,
4B2EFF,
462D25,
4F3E38,
008784,
FFFFFF,
FFFFFF,
FFFFFF,
FFFEFF,
FCFFFD,
00FFFC,
E9E1DA,
9A847E,
573727,
532C18,
5129FF,
47261B,
9D8E84,
FFFFFF,
FEFFFC,
FDFCFE,
FFFEFF,
FFFFFF,
00FFFF,
FFFFFF,
FFFFFF,
FFFFFF,
FFFFFF,
FFFFFF,
FFFFFF,
FFFFFF,
FFFFFF,
00FFFF,
FFFFFF,
FFFF00,
FFFFFF,
FFFFFF,
FFFFFF,
FFFFFF,
00FFFF,
FFFFFF,
FFFFFF,
FFFFFF,
FEFEFE,
FFFFFF,
E2DEDA,
53423C,
3F2D27,
422A20,
422210,
47210A,
3D1F0B,
6E5E53,
FEFDF9,
FFFFFF,
FFFFFF,
FFFFFF,
FFFFFF,
FFFFFF,
FFFFFF,
00FFFF,
FFFFFF,
FFFFFF,
FFFFFF,
FFFFFF,
FFFFFF,
FFFFFF,
FFFFFF,
FFFFFF,
00FFFF,
FFFFFF,
FFFFFF,
FFFFFF,
FFFFFF,
FFFFFF,
FFFFFF,
FFFFFF,
FFFF00,
FFFFFF,
FFFFFF,
FFFFFF,
FFFFFF,
FFFFFF,
FFFFFF,
FFFFFF,
FFFFFF,
FFFFFF,
FFFFFF,
FFFFFF,
FFFFFF,
FFFFFF,
FFFFFF,
FFFFFF,
FFFFFF,
FFFFFF,
FFFFFF,
FFFFFF,
FFFFFF,
FFFFFF,
FFFFFF,
FFFFFF,
FFFFFF,
FFFFFF,
FFFFFF,
FFFFFF,
FFFFFF,
FFFFFF,
FFFFFF,
FFFFFF,
FFFFFF,
FFFFFF,
FFFFFF,
FFFFFF,
FFFFFF,
FFFFFF,
FFFFFF,
FFFFFF,
FFFFFF,
FFFFFF,
FFFFFF,
FFFFFF,
FFFFFF,
FFFFFF,
FF00FF,
FFFFFF,
FFFFFF,
FFFFFF,
FFFFFF,
FFFFFF,
FFFFFF,
FFFFFF,
FFFFFF,
FFFFFF,
FFFFFF,
FFFFFF,
FFFFFF,
FFFFFF,
FFFFFF,
FFFFFF,
FFFFFF,
FFFFFF,
FFFFFF,
FFFFFF,
FFFFFF,
FFFFFF,
FFFFFF,
FFFFFF,
FFFFFF,
FFFFFF,
FFFFFF,
FFFFFF,
FFFFFF,
FFFFFF,
FFFFFF,
FFFFFF,
FFFFFF,
FFFFFF,
FFFFFF,
FFFFFF,
FFFFFF,
FFFFFF,
FFFFFF,
FFFFFF,
FFFFFF,
FFFFFF,
FFFFFF,
FFFFFF,
FFFFFF,
FFFFFF,
FFFFFF,
FFFFFF,
FFFFFF,
FFFFFF,
FFFFFF,
FFFFFF,
FFFFFF,
FFFFFF,
FFFFFF,
FFFFFF,
FFFFFF,
FFFFFF,
FFFFFF,
FFFFFF,
FFFFFF,
FFFFFF,
FFFFFF,
FFFFFF,
FFFFFF,
FFFFFF,
FFFFFF,
FFFFFF,
FFFFFF,
FFFFFF,
FFFFFF,
FFFFFF,
FFFFFF,
FFFFFF,
FFFFFF,
FFFFFF,
FFFFFF,
FFFFFF,
FFFFFF,
FFFFFF,
FFFFFF,
FFFFFF,
FFFFFF,
FFFFFF,
FFFFFF,
FFFFFF,
FFFFFF,
FFFFFF,
FFFFFF,
FFFF00,
FEFAF8,
820061,
54321D,
57331D,
573523,
583829,
5D3827,
613A27,
533021,
AA9791,
FFFFFF,
FBFFFF,
FEFFFE,
FFFF00,
FFFFFF,
FFFFFF,
FFFFFF,
FFFFFF,
FFFFFF,
FFFFFF,
FFFFFF,
FFFFFF,
FFFFFF,
FFFFFF,
FFFFFF,
FFFFFF,
FFFFFF,
FFFFFF,
FFFFFF,
FFFFFF,
FFFFFF,
FFFFFF,
FFFFFF,
FFFFFF,
FFFFFF,
FFFFFF,
FFFFFF,
FFFFFF,
FFFFFF,
FFFFFF,
FFFFFF,
EBE5E3,
5B4843,
472C24,
002F24,
452D25,
4F3E38,
008885,
FFFFFF,
FFFFFF,
FFFFFF,
FFFEFF,
FBFFFC,
FEFFFC,
EBE400,
9D8780,
5A3A2A,
562F1B,
542C1D,
4A291E,
998A80,
FFFFFA,
FEFFFD,
FCFBFD,
FFFEFF,
FF00FF,
FFFFFF,
FFFFFF,
FFFFFF,
FFFFFF,
FFFFFF,
FFFFFF,
FFFFFF,
FFFFFF,
FFFFFF,
FFFFFF,
FFFFFF,
FFFFFF,
FFFFFF,
FFFFFF,
00FFFF,
FFFFFF,
FF00FF,
FFFFFF,
FFFFFF,
FEFEFE,
FEFEFE,
FFFFFF,
EEE8E4,
60514A,
002F29,
422B00,
442312,
47210C,
3F200B,
630045,
F7F3EF,
FFFFFF,
00FFFF,
FFFFFF,
FFFFFF,
FFFFFF,
FFFFFF,
FFFFFF,
FFFFFF,
FFFFFF,
FFFFFF,
FFFFFF,
FFFFFF,
FFFFFF,
FFFFFF,
FFFFFF,
FFFFFF,
FFFFFF,
FFFFFF,
FFFFFF,
FFFFFF,
FFFFFF,
FFFFFF,
FFFF00,
FFFFFF,
FFFFFF,
FFFFFF,
FFFF00,
FFFFFF,
FFFFFF,
FFFFFF,
FFFFFF,
FFFFFF,
FFFFFF,
FFFFFF,
FFFFFF,
FFFFFF,
FFFFFF,
FFFFFF,
FFFFFF,
FFFFFF,
FFFFFF,
FFFFFF,
FFFFFF,
FFFFFF,
00FFFF,
FFFF00,
FFFFFF,
FFFF00,
FFFFFF,
FFFFFF,
FFFFFF,
FFFFFF,
FFFFFF,
FFFFFF,
FFFFFF,
FFFFFF,
FFFFFF,
FFFFFF,
FFFFFF,
FF00FF,
FFFFFF,
FFFFFF,
FFFFFF,
FFFFFF,
FFFFFF,
FFFFFF,
FFFFFF,
FFFFFF,
FFFFFF,
FFFF00,
FFFFFF,
FFFFFF,
FFFFFF,
FFFFFF,
FFFFFF,
FFFFFF,
FFFFFF,
FFFFFF,
FFFFFF,
FFFFFF,
FFFFFF,
FFFFFF,
FFFFFF,
FFFFFF,
FFFFFF,
FFFFFF,
FFFFFF,
FFFFFF,
FFFFFF,
FFFFFF,
FFFFFF,
FFFFFF,
FFFFFF,
FFFFFF,
FFFFFF,
FFFFFF,
FFFFFF,
FFFFFF,
00FFFF,
FFFFFF,
FFFFFF,
FFFFFF,
FFFFFF,
FFFFFF,
FFFFFF,
FFFFFF,
FFFFFF,
FF00FF,
FFFFFF,
FFFFFF,
FFFFFF,
FFFFFF,
FFFFFF,
FFFFFF,
FFFFFF,
FFFFFF,
FFFFFF,
FFFFFF,
FFFFFF,
FFFFFF,
FFFFFF,
FFFFFF,
FFFFFF,
FFFFFF,
FFFFFF,
FFFFFF,
00FFFF,
FFFFFF,
FFFFFF,
FFFFFF,
FFFFFF,
FFFFFF,
FFFFFF,
FFFFFF,
FFFFFF,
FFFFFF,
FFFFFF,
FFFFFF,
FFFFFF,
FFFFFF,
FFFFFF,
FFFFFF,
FFFFFF,
FFFFFF,
FFFFFF,
FFFFFF,
FFFFFF,
FFFFFF,
FFFFFF,
FFFFFF,
FFFFFF,
FFFFFF,
FFFFFF,
FFFFFF,
FFFFFF,
FFFFFF,
FFFFFF,
FFFFFF,
FFFFFF,
FAF6F4,
7D675B,
54321D,
58331E,
563423,
5737FF,
FF3827,
5F3926,
523323,
FFA9A2,
FFFFFF,
F9FEFF,
FFFFFF,
FFFFFC,
FFFEFE,
FFFFFF,
FFFFFF,
FFFFFF,
FFFFFF,
FFFFFF,
FFFFFF,
FFFFFF,
FF00FF,
FFFFFF,
FFFFFF,
FFFFFF,
FF00FF,
FFFFFF,
FFFF00,
FFFFFF,
FFFFFF,
FFFFFF,
FFFFFF,
FFFFFF,
FFFFFF,
FFFFFF,
FFFFFF,
FFFFFF,
FFFFFF,
FFFFFF,
FFFFFF,
E9E3E1,
594700,
482D25,
4A0024,
442C24,
4E3E37,
978D8A,
FFFFFF,
FFFFFF,
FFFEFF,
FFFEFF,
FBFFFD,
FEFFFC,
F0E8E1,
9F8982,
5A3A2A,
562F1B,
542C1D,
4B2A1F,
908177,
FFFFFA,
FEFFFD,
FDFDFE,
FFFEFF,
FF00FF,
FFFFFF,
FFFFFF,
FFFFFF,
FFFFFF,
FFFFFF,
FFFFFF,
FFFFFF,
FF0000,
FFFFFF,
FFFFFF,
FFFFFF,
FFFF00,
FFFFFF,
FFFFFF,
FFFFFF,
FFFFFF,
00FFFF,
FFFFFF,
FFFFFF,
FEFEFE,
FFFFFF,
FFFFFF,
FAF5F1,
685952,
3E2F29,
402A24,
442315,
47210B,
41210B,
5A4839,
EFEBE4,
FFFFFF,
FFFFFF,
FF00FF,
FFFFFF,
FFFFFF,
FFFFFF,
FFFFFF,
FFFFFF,
FFFFFF,
FFFFFF,
FFFFFF,
FFFFFF,
FFFFFF,
FFFFFF,
FFFFFF,
FFFFFF,
FFFFFF,
FFFFFF,
FFFFFF,
FFFFFF,
FFFFFF,
FFFFFF,
FFFFFF,
FFFFFF,
FFFFFF,
FFFFFF,
FFFF00,
FFFFFF,
FFFFFF,
FFFFFF,
FFFFFF,
FFFFFF,
FFFFFF,
FFFFFF,
FF00FF,
FFFFFF,
FFFFFF,
FFFFFF,
FFFFFF,
FFFFFF,
FFFFFF,
FFFFFF,
FFFFFF,
FFFFFF,
FFFFFF,
FFFFFF,
FFFFFF,
FFFFFF,
FFFFFF,
FFFFFF,
FFFFFF,
FF00FF,
00FFFF,
FFFFFF,
FFFFFF,
FFFFFF,
FFFFFF,
FFFFFF,
FFFFFF,
FFFFFF,
FFFFFF,
FFFFFF,
FFFFFF,
FFFFFF,
FFFFFF,
FFFFFF,
FFFFFF,
FFFFFF,
FFFFFF,
FFFFFF,
FFFFFF,
FFFFFF,
FFFFFF,
FFFFFF,
FFFFFF,
FFFFFF,
FFFFFF,
FFFFFF,
FFFFFF,
FFFFFF,
FFFFFF,
FFFFFF,
FFFFFF,
00FFFF,
FFFFFF,
FFFFFF,
FFFFFF,
FFFFFF,
FFFFFF,
FFFFFF,
FFFF00,
FFFFFF,
FFFFFF,
FFFFFF,
FFFFFF,
FFFFFF,
FFFFFF,
FFFFFF,
FFFFFF,
FFFFFF,
FFFFFF,
FFFFFF,
FFFFFF,
FFFFFF,
FFFFFF,
FFFFFF,
FFFFFF,
FFFFFF,
FFFFFF,
FFFFFF,
FFFFFF,
FFFFFF,
FFFFFF,
FFFFFF,
FFFFFF,
FFFFFF,
FFFFFF,
FFFFFF,
FFFFFF,
FFFFFF,
FFFFFF,
FFFFFF,
FFFFFF,
FFFFFF,
FFFFFF,
FFFFFF,
FFFFFF,
FFFFFF,
FFFFFF,
FFFFFF,
FFFFFF,
FFFFFF,
FFFFFF,
FFFFFF,
FFFFFF,
FFFF00,
FFFF00,
FFFFFF,
FFFFFF,
FFFFFF,
FFFFFF,
FFFFFF,
FF00FF,
FFFFFF,
FFFFFF,
FFFFFF,
FFFFFF,
FFFFFF,
FFFFFF,
FFFFFF,
FFFFFF,
FFFFFF,
FFFFFF,
FFFFFF,
FFFFFF,
FFFFFF,
FFFFFF,
FFFFFF,
FFFFFF,
F6F2F0,
776155,
53311C,
58341E,
563423,
573627,
5D3827,
5F3926,
543627,
C5B7FF,
FFFFFF,
F8FEFF,
FD00FF,
FFFEFD,
FFFEFF,
FFFEFF,
FFFFFF,
FFFFFF,
FFFFFF,
FFFFFF,
FFFFFF,
FFFFFF,
FFFFFF,
FFFFFF,
FFFFFF,
FFFFFF,
FFFFFF,
FFFFFF,
FFFFFF,
FFFFFF,
FFFFFF,
FFFFFF,
FFFFFF,
FFFFFF,
FFFFFF,
FFFFFF,
FFFFFF,
FFFFFF,
FFFFFF,
FFFFFF,
FFFFFF,
E8E3E1,
584641,
482D26,
4A2E24,
432B23,
4F3E37,
9A908D,
FFFFFF,
FFFFFF,
FFFEFF,
FFFEFF,
FCFF00,
FEFFFC,
F2EAE3,
A28C85,
5AFF2A,
55FF1A,
532B1C,
4A291E,
88796F,
FFFFF8,
FDFFFC,
FEFEFF,
FFFFFF,
FFFFFF,
FFFFFF,
FFFFFF,
FFFFFF,
FFFFFF,
FFFFFF,
FFFFFF,
FFFFFF,
FFFFFF,
FFFFFF,
FFFFFF,
FFFFFF,
FFFFFF,
00FFFF,
FFFFFF,
FFFFFF,
FFFFFF,
FFFFFF,
FFFFFF,
FFFFFF,
FFFFFF,
FFFFFF,
FFFFFF,
FFFCF8,
74665F,
3E302B,
422D28,
422315,
48220D,
41210B,
4F3C2A,
E7E4DA,
FFFFFF,
FFFFFF,
FFFFFF,
FFFFFF,
FFFFFF,
FFFFFF,
FFFFFF,
FFFFFF,
FFFFFF,
FFFFFF,
FFFFFF,
FFFFFF,
FFFFFF,
FFFFFF,
FFFFFF,
FFFFFF,
FFFFFF,
FFFFFF,
FFFFFF,
FFFFFF,
FFFFFF,
FFFFFF,
FFFFFF,
FFFFFF,
FFFFFF,
FFFFFF,
FFFFFF,
FFFFFF,
FFFFFF,
FFFFFF,
FFFFFF,
FFFFFF,
FFFFFF,
FFFFFF,
FFFF00,
00FFFF,
FFFFFF,
FFFFFF,
FFFFFF,
FFFFFF,
FFFFFF,
FF00FF,
FFFFFF,
FFFFFF,
FFFFFF,
FFFFFF,
FFFFFF,
FFFFFF,
FFFFFF,
FFFFFF,
FFFFFF,
FFFFFF,
FFFFFF,
FFFFFF,
FFFFFF,
FFFFFF,
FFFFFF,
FFFFFF,
FFFFFF,
FFFFFF,
FFFFFF,
FFFFFF,
FFFF00,
FFFFFF,
FFFFFF,
FFFFFF,
FFFFFF,
FFFFFF,
FFFFFF,
FFFFFF,
FFFFFF,
FFFFFF,
FFFFFF,
FFFFFF,
FFFFFF,
FFFFFF,
FFFFFF,
FFFFFF,
FFFFFF,
FFFFFF,
FFFFFF,
FFFFFF,
FFFFFF,
FFFFFF,
FFFFFF,
FFFFFF,
FFFFFF,
FFFFFF,
FFFFFF,
FFFFFF,
FFFFFF,
FFFFFF,
FFFFFF,
FFFFFF,
FFFFFF,
FFFFFF,
00FFFF,
00FFFF,
FFFFFF,
00FFFF,
FFFFFF,
FFFFFF,
FFFFFF,
FFFFFF,
FFFFFF,
FFFFFF,
00FFFF,
FFFFFF,
FFFFFF,
FFFFFF,
FFFFFF,
FFFFFF,
FFFFFF,
FFFFFF,
FFFFFF,
FFFFFF,
FFFFFF,
FFFFFF,
FFFFFF,
FFFFFF,
FFFFFF,
FFFFFF,
FFFFFF,
FFFFFF,
00FFFF,
FFFFFF,
FFFFFF,
FFFFFF,
FFFFFF,
FFFFFF,
FFFFFF,
FFFFFF,
FFFFFF,
FFFFFF,
FFFFFF,
FFFFFF,
00FFFF,
FFFFFF,
FFFFFF,
FFFFFF,
FFFFFF,
FFFF00,
00FFFF,
FFFFFF,
FFFFFF,
FFFFFF,
FFFFFF,
FFFFFF,
FFFFFF,
FFFFFF,
FFFFFF,
FFFFFF,
FFFFFF,
FFFFFF,
FFFFFF,
FFFFFF,
FFFFFF,
FFFFFF,
FFFFFF,
F2ED00,
71FF4F,
54321D,
00331E,
560023,
573627,
5DFF27,
5D3724,
583C2C,
D2C8C2,
FFFFFF,
00FFFF,
FDFFFF,
FFFEFE,
FFFEFF,
FFFEFF,
FFFFFF,
FFFFFF,
FFFF00,
FFFFFF,
FFFFFF,
FFFFFF,
FFFFFF,
FFFFFF,
FFFFFF,
FFFFFF,
FFFFFF,
FFFFFF,
FFFFFF,
FFFFFF,
FFFFFF,
FFFFFF,
FFFFFF,
FFFFFF,
FFFFFF,
FFFFFF,
FFFFFF,
00FFFF,
FFFFFF,
FFFFFF,
FFFFFF,
E7E2E0,
574540,
492D26,
4AFF24,
442C24,
4F3E37,
9D938F,
FFFFFF,
FFFFFF,
FFFEFF,
FFFEFF,
FCFFFD,
FDFFFB,
F4ECE5,
A58F88,
5B3B2B,
532D19,
522A1C,
4A2A1E,
827369,
FFFFF7,
FDFFFC,
FEFEFF,
FFFEFF,
FFFFFF,
FFFFFF,
FFFFFF,
FFFFFF,
FFFFFF,
FFFFFF,
FFFFFF,
FFFFFF,
FFFFFF,
FFFFFF,
FFFFFF,
FFFFFF,
FFFFFF,
FFFFFF,
FFFFFF,
FFFFFF,
FFFFFF,
FFFFFF,
FFFF00,
FFFFFF,
FFFFFF,
FFFFFF,
FFFFFF,
FFFFFC,
857971,
3E2F2C,
44302B,
410016,
49230F,
43220C,
43301D,
DEDAD0,
FFFFFF,
FFFF00,
FFFFFF,
FFFFFF,
FFFFFF,
FFFFFF,
FFFFFF,
FFFFFF,
FFFFFF,
FFFFFF,
FFFFFF,
FFFFFF,
FFFFFF,
FFFFFF,
FFFFFF,
FFFFFF,
FFFFFF,
FFFFFF,
FFFFFF,
FFFFFF,
FFFFFF,
FFFFFF,
FFFFFF,
FFFFFF,
FFFFFF,
FFFFFF,
FFFFFF,
FFFFFF,
FFFFFF,
FFFFFF,
FFFFFF,
FFFFFF,
FFFFFF,
00FFFF,
FFFFFF,
FFFFFF,
FFFFFF,
FFFFFF,
FFFFFF,
FFFFFF,
FFFFFF,
FFFF00,
FFFFFF,
00FFFF,
FFFFFF,
FFFFFF,
FFFFFF,
FFFFFF,
FFFFFF,
00FFFF,
FFFFFF,
FFFFFF,
FFFFFF,
FFFF00,
FFFFFF,
FFFFFF,
FFFFFF,
FFFFFF,
FFFFFF,
FFFFFF,
FF00FF,
FFFFFF,
FFFFFF,
FFFFFF,
FFFFFF,
00FFFF,
FFFFFF,
FFFFFF,
FFFFFF,
FFFFFF,
FFFFFF,
FFFFFF,
FFFFFF,
FFFFFF,
FFFFFF,
FFFFFF,
FFFFFF,
FFFFFF,
FFFFFF,
FFFFFF,
FFFFFF,
FFFFFF,
FFFFFF,
FFFFFF,
FFFFFF,
FFFFFF,
FFFFFF,
FFFFFF,
FFFFFF,
FFFFFF,
FFFFFF,
FFFFFF,
FFFFFF,
FFFFFF,
FFFFFF,
FFFFFF,
FFFFFF,
FFFFFF,
FFFF00,
FFFFFF,
FFFFFF,
FFFFFF,
FFFFFF,
FFFFFF,
FFFFFF,
FFFFFF,
FFFFFF,
FFFFFF,
FFFFFF,
FFFFFF,
FFFFFF,
FFFFFF,
FFFFFF,
FFFFFF,
FFFFFF,
FFFFFF,
FFFFFF,
FFFFFF,
FFFFFF,
FFFFFF,
FFFFFF,
FFFFFF,
FFFFFF,
FFFFFF,
FFFFFF,
FFFFFF,
FF00FF,
FFFFFF,
FF00FF,
FFFFFF,
FFFFFF,
FFFFFF,
FFFFFF,
FFFFFF,
FFFFFF,
FFFFFF,
FFFFFF,
FFFFFF,
FFFFFF,
FFFFFF,
FFFFFF,
FFFFFF,
00FF00,
FFFFFF,
FFFFFF,
FFFFFF,
FFFFFF,
FFFFFF,
FFFFFF,
FFFFFF,
FFFFFF,
FFFFFF,
FFFFFF,
00FF00,
FFFFFF,
FFFFFF,
FFFFFF,
FF00FF,
FFFFFF,
EDE7E6,
6C564A,
5735FF,
5A351F,
563423,
573627,
5D3827,
5B3623,
5E4435,
E1D9D3,
FEFFFF,
F9FFFF,
FDFFFF,
FFFEFE,
FFFEFF,
FF00FF,
FFFFFF,
FFFFFF,
FFFFFF,
FFFFFF,
FFFFFF,
00FFFF,
FFFFFF,
FFFFFF,
FFFFFF,
FFFFFF,
FFFFFF,
FFFFFF,
FFFFFF,
FFFFFF,
FFFFFF,
FFFFFF,
FFFFFF,
FFFFFF,
FFFFFF,
FFFFFF,
FF0000,
FFFFFF,
FFFFFF,
FFFFFF,
FFFFFF,
E6E0DE,
574440,
492D26,
4A2E23,
452C24,
4F3E37,
A19793,
FFFFFF,
FFFFFF,
00FEFF,
FFFEFF,
FCFFFD,
FDFFFA,
F5EFE8,
A993FF,
5C3C2C,
542EFF,
522A1C,
4B2A1F,
7D6E64,
FFFFF8,
FEFFFD,
FEFEFF,
FEFDFF,
FFFFFF,
FFFFFF,
FFFFFF,
FFFFFF,
FFFFFF,
FFFFFF,
FFFFFF,
FFFFFF,
FFFFFF,
FFFFFF,
FFFFFF,
FFFFFF,
FFFFFF,
FFFFFF,
FFFFFF,
00FFFF,
FFFFFF,
FFFFFF,
FFFFFF,
FFFFFF,
FFFFFF,
FFFFFF,
FFFFFF,
FFFFFD,
968C84,
3A2D29,
45312D,
432319,
47210E,
47250F,
3E2914,
D600C2,
FFFFFF,
FFFFFF,
FFFFFF,
FFFFFF,
FFFFFF,
FFFFFF,
FFFFFF,
FFFFFF,
FFFFFF,
FFFFFF,
FFFFFF,
FFFFFF,
FFFFFF,
FFFFFF,
FFFFFF,
FFFFFF,
FFFFFF,
FFFFFF,
FFFFFF,
FFFFFF,
FFFFFF,
FFFFFF,
FFFFFF,
FFFFFF,
FFFFFF,
FFFFFF,
FFFFFF,
FFFFFF,
FFFFFF,
00FFFF,
FFFFFF,
FFFFFF,
FFFFFF,
FFFFFF,
FFFFFF,
FFFFFF,
FFFFFF,
FFFFFF,
FFFFFF,
FFFFFF,
FFFFFF,
FFFFFF,
FFFFFF,
FFFFFF,
FFFF00,
FFFFFF,
FFFFFF,
FF00FF,
FFFFFF,
FFFFFF,
FFFFFF,
FFFFFF,
FFFFFF,
FFFFFF,
FFFFFF,
FFFFFF,
00FFFF,
FFFFFF,
FFFFFF,
FFFFFF,
FFFFFF,
FFFFFF,
FFFFFF,
FFFFFF,
FFFFFF,
FFFFFF,
FFFFFF,
FFFFFF,
FFFF00,
FFFFFF,
FFFFFF,
FFFFFF,
FFFFFF,
FFFFFF,
FF00FF,
FFFFFF,
FFFFFF,
FFFFFF,
FF00FF,
FFFFFF,
FFFFFF,
FFFFFF,
FFFFFF,
FFFFFF,
FFFFFF,
FFFFFF,
FFFFFF,
FFFFFF,
FFFFFF,
FFFFFF,
FFFFFF,
FFFFFF,
FFFFFF,
FFFFFF,
FFFFFF,
FFFFFF,
FFFFFF,
FFFFFF,
FFFF00,
FFFFFF,
FFFFFF,
FFFFFF,
FFFFFF,
FFFF00,
FFFFFF,
FFFFFF,
FFFFFF,
FFFFFF,
FFFFFF,
FFFFFF,
FFFFFF,
FFFFFF,
FFFFFF,
FF00FF,
FFFFFF,
FFFFFF,
FFFFFF,
FFFFFF,
FFFF00,
FFFFFF,
FFFFFF,
FFFFFF,
FFFFFF,
FFFFFF,
FFFFFF,
FFFFFF,
FFFFFF,
FFFFFF,
FFFFFF,
FFFFFF,
FFFFFF,
FFFFFF,
FFFFFF,
FFFFFF,
FFFFFF,
FF0000,
FFFFFF,
FFFFFF,
FFFFFF,
FFFFFF,
FFFFFF,
FFFFFF,
FFFFFF,
FFFFFF,
FFFFFF,
FFFFFF,
FFFFFF,
FFFFFF,
FFFFFF,
FFFFFF,
FFFFFF,
FFFFFF,
FFFFFF,
FFFFFF,
FFFFFF,
FFFFFF,
FFFFFF,
FFFFFF,
FFFFFF,
E9E2E0,
665144,
583621,
5A3520,
563422,
570027,
5D3827,
003623,
664D3E,
EDE7E1,
FBFFFF,
F8FFFF,
FDFFFF,
FFFEFE,
FFFDFF,
FFFDFF,
FFFFFF,
FFFFFF,
FFFFFF,
FFFFFF,
FFFFFF,
FFFFFF,
FFFFFF,
FFFFFF,
FFFFFF,
FFFFFF,
FFFF00,
FFFFFF,
FFFFFF,
FFFFFF,
FFFFFF,
FFFFFF,
FFFFFF,
FFFFFF,
FFFFFF,
FFFFFF,
FFFFFF,
FFFFFF,
FFFFFF,
FFFFFF,
FFFFFF,
E5DEDC,
56443F,
492E27,
4A2E23,
452D25,
4F3E37,
A39996,
FFFFFF,
FF00FF,
FFFEFF,
FFFEFF,
FCFFFD,
FCFFF9,
F6F1EA,
AC968F,
5E3E2D,
563000,
542C1E,
4D2C21,
78685E,
FEFDF6,
FFFFFD,
FEFEFF,
FFFDFF,
FFFFFF,
FFFFFF,
FFFFFF,
FFFFFF,
FFFFFF,
FFFFFF,
FFFFFF,
FFFFFF,
FFFFFF,
FFFFFF,
FF00FF,
FFFFFF,
FFFFFF,
FFFFFF,
FFFFFF,
FFFFFF,
FFFFFF,
FFFFFF,
FFFFFF,
FFFFFF,
FFFF00,
FFFFFF,
FFFFFF,
FFFFFF,
A8FF97,
3A2E2B,
44302D,
45251B,
451F0C,
47250F,
3B2611,
C7C0B4,
FFFFFF,
FFFFFF,
FFFFFF,
FFFFFF,
FFFFFF,
FFFFFF,
FFFFFF,
00FFFF,
FFFFFF,
FFFFFF,
FFFFFF,
FFFFFF,
00FFFF,
FFFFFF,
FFFFFF,
FFFFFF,
FFFFFF,
FFFFFF,
FFFFFF,
FFFFFF,
FFFFFF,
FFFFFF,
FFFFFF,
FFFFFF,
FFFFFF,
FFFFFF,
FFFFFF,
FFFFFF,
FFFFFF,
FFFFFF,
FFFFFF,
FFFFFF,
FF00FF,
FFFFFF,
FFFFFF,
FFFFFF,
FFFFFF,
FFFFFF,
FFFFFF,
FFFFFF,
FFFFFF,
FFFFFF,
FFFFFF,
FFFFFF,
FFFFFF,
FFFF00,
FFFFFF,
FFFFFF,
FFFFFF,
FFFFFF,
FFFFFF,
FFFFFF,
FFFFFF,
FFFFFF,
FFFFFF,
FFFFFF,
FFFFFF,
FFFFFF,
FFFFFF,
FFFFFF,
FFFFFF,
FFFFFF,
FFFFFF,
FFFFFF,
FFFFFF,
FFFFFF,
FFFFFF,
FFFFFF,
FFFFFF,
FFFFFF,
FFFFFF,
FFFFFF,
FFFFFF,
FFFFFF,
FFFFFF,
FFFFFF,
FFFFFF,
FFFFFF,
FFFFFF,
FFFFFF,
FFFFFF,
FFFFFF,
FFFFFF,
FFFFFF,
FFFFFF,
FF00FF,
FFFFFF,
FFFFFF,
FFFFFF,
FFFFFF,
FFFFFF,
FFFFFF,
FFFFFF,
FFFFFF,
00FFFF,
FFFFFF,
FFFFFF,
FFFFFF,
FFFFFF,
FFFFFF,
FFFFFF,
00FFFF,
00FFFF,
FFFFFF,
FFFFFF,
FFFFFF,
FFFFFF,
FFFFFF,
FFFF00,
FFFFFF,
FFFFFF,
FFFFFF,
FFFFFF,
FFFFFF,
FFFFFF,
FFFFFF,
FFFFFF,
FFFFFF,
FFFFFF,
FFFFFF,
00FFFF,
FFFFFF,
FFFFFF,
FFFFFF,
FFFFFF,
FFFFFF,
FFFFFF,
00FFFF,
FFFFFF,
FFFFFF,
FFFFFF,
FFFFFF,
FFFFFF,
FFFFFF,
FFFFFF,
FFFFFF,
FFFFFF,
FFFFFF,
FFFFFF,
FFFFFF,
FFFFFF,
FFFFFF,
FFFFFF,
FFFFFF,
FFFFFF,
FFFFFF,
FFFFFF,
FFFFFF,
FFFFFF,
FFFFFF,
FFFF00,
FFFFFF,
FFFFFF,
FFFFFF,
FFFFFF,
FFFFFF,
FFFFFF,
FFFFFF,
FFFFFF,
E5DED9,
624B3F,
583424,
5A3421,
563423,
573727,
5D3A28,
5A3524,
6E564C,
FFEF00,
FDFEFF,
FAFEFF,
FDFFFF,
FFFEFF,
FFFDFF,
FFFEFF,
FFFFFF,
00FFFF,
FFFFFF,
FFFFFF,
FFFFFF,
FFFFFF,
FFFFFF,
FFFFFF,
FFFFFF,
FFFF00,
FFFFFF,
FFFFFF,
FFFFFF,
FFFFFF,
FFFF00,
FFFFFF,
00FFFF,
FFFFFF,
FFFFFF,
FFFFFF,
FFFFFF,
FFFFFF,
FFFFFF,
FFFFFF,
FFFFFF,
E4DEDA,
56443E,
4A2E26,
4B2D23,
462D23,
4F3F37,
A59E98,
FFFFFF,
FFFFFE,
FFFEFF,
FEFFFF,
FCFEFE,
FDFFFB,
F5FFEC,
AC9A94,
5F4233,
56311E,
552E20,
502D22,
726056,
FBF9F1,
FEFFFD,
FEFEFE,
FEFDFF,
FFFFFF,
FFFFFF,
FFFFFF,
FFFFFF,
FFFFFF,
FFFFFF,
FFFFFF,
FF00FF,
FFFFFF,
FFFFFF,
FFFFFF,
FFFFFF,
FFFFFF,
FFFFFF,
FFFFFF,
FFFFFF,
FFFFFF,
FFFFFF,
FFFFFF,
00FFFF,
FFFFFF,
FFFFFF,
FFFFFF,
00FFFF,
B9B2AA,
3E312D,
44302B,
45271C,
442010,
442512,
37210F,
B7ADA2,
FFFFFF,
FFFFFF,
FE00FE,
FFFFFF,
FFFFFF,
FFFFFF,
FFFFFF,
FFFFFF,
FFFFFF,
FFFFFF,
FFFFFF,
FFFFFF,
FFFFFF,
FFFFFF,
FFFFFF,
FFFFFF,
FFFFFF,
FFFFFF,
FFFFFF,
FFFFFF,
FFFFFF,
FFFFFF,
FFFFFF,
FFFFFF,
FFFFFF,
FFFFFF,
FFFFFF,
FFFFFF,
FFFFFF,
FFFFFF,
FFFFFF,
FFFFFF,
FFFFFF,
FFFFFF,
FFFFFF,
FFFFFF,
FFFFFF,
FFFFFF,
FFFFFF,
FF00FF,
FFFFFF,
FFFFFF,
FFFFFF,
FFFFFF,
FFFFFF,
FFFFFF,
FFFFFF,
FFFFFF,
FFFF00,
FFFFFF,
FFFFFF,
FFFFFF,
FFFFFF,
FFFFFF,
FFFFFF,
FFFFFF,
FFFFFF,
FFFFFF,
FFFFFF,
FFFFFF,
FFFFFF,
FFFFFF,
FFFFFF,
FF00FF,
FFFFFF,
FFFFFF,
FFFFFF,
FFFF00,
FFFFFF,
FFFFFF,
FFFFFF,
FFFFFF,
FFFFFF,
FFFFFF,
FFFFFF,
FFFFFF,
FFFFFF,
FFFFFF,
FFFFFF,
FFFFFF,
FFFFFF,
FFFFFF,
FFFFFF,
FFFFFF,
FFFFFF,
FFFFFF,
FFFF00,
FFFFFF,
FFFFFF,
FFFFFF,
FFFFFF,
FFFFFF,
FFFFFF,
FFFFFF,
FFFFFF,
FFFFFF,
FFFFFF,
FFFFFF,
FFFFFF,
FFFFFF,
FFFFFF,
FFFFFF,
FFFFFF,
FFFFFF,
FFFFFF,
FFFFFF,
FFFFFF,
FFFFFF,
FFFFFF,
FFFFFF,
FFFFFF,
FFFFFF,
FFFFFF,
FFFFFF,
FFFFFF,
FFFFFF,
FFFFFF,
FFFFFF,
FEFEFE,
FEFEFE,
FEFEFE,
FEFEFE,
FFFFFF,
FFFFFF,
FFFFFF,
FFFFFF,
FFFFFF,
FFFFFF,
FFFFFF,
FFFFFF,
FFFFFF,
FFFFFF,
FFFFFF,
FFFFFF,
FFFFFF,
FFFFFF,
FFFFFF,
FFFFFF,
FFFFFF,
00FFFF,
FFFFFF,
FFFFFF,
FFFFFF,
FFFF00,
FFFFFF,
FFFFFF,
FFFFFF,
FFFF00,
FFFFFF,
FFFFFF,
FFFFFF,
FF00FF,
FFFFFF,
FFFFFF,
FFFFFF,
FEFEFE,
FEFEFE,
FEFEFE,
FFFFFE,
E300D0,
5E453A,
583227,
5A3223,
573522,
593927,
603C2B,
573426,
78615E,
FFF6F5,
FFFDFE,
FBFDFE,
FBFFFF,
FEFFFF,
FFFFFE,
FFFEFC,
FFFFFF,
FFFFFF,
FFFFFF,
FFFFFF,
FFFFFF,
FFFFFF,
FFFFFF,
FFFFFF,
FEFEFE,
FEFEFE,
FEFEFE,
FEFEFE,
FFFFFF,
FFFFFF,
FFFFFF,
FFFFFF,
FEFEFE,
FEFEFE,
FEFEFE,
FEFEFE,
FFFFFF,
FFFFFF,
FFFFFF,
FFFFFF,
FFFFFF,
E200D7,
55433C,
4A2D24,
4C2B21,
472D23,
504038,
AAA39D,
FFFFFF,
FDFFFB,
FDFEFE,
FDFEFF,
FDFDFF,
FFFEFE,
F6F2EF,
ACA29C,
5F483A,
533220,
552E20,
512D22,
6F5A4E,
FBF7FF,
FFFFFD,
FDFDFE,
FEFDFF,
FFFFFF,
FFFFFF,
FFFFFF,
FF00FF,
FFFFFF,
FFFFFF,
FFFFFF,
FFFFFF,
FFFFFF,
FFFFFF,
FFFFFF,
FFFFFF,
FFFFFF,
FFFFFF,
FF00FF,
FFFFFF,
FEFEFE,
FEFEFE,
FEFEFE,
FEFEFE,
FEFEFE,
FEFEFE,
FEFEFE,
FFFFFF,
C8C2BD,
41362E,
48332A,
44291D,
432517,
FF2416,
381E11,
A89A90,
FFFFFF,
FFFFFF,
FDFDFD,
FEFEFE,
FFFFFF,
FFFFFF,
FFFFFF,
FFFFFF,
FFFFFF,
FFFFFF,
FFFFFF,
FFFFFF,
FFFFFF,
FFFFFF,
FF00FF,
FFFFFF,
FFFFFF,
FFFFFF,
FFFFFF,
FFFFFF,
FFFFFF,
FFFFFF,
FFFFFF,
FFFFFF,
FFFFFF,
FFFFFF,
FFFFFF,
FFFFFF,
FF00FF,
FFFFFF,
FFFFFF,
FFFFFF,
FFFFFF,
FFFFFF,
FFFFFF,
FFFFFF,
FF00FF,
FFFFFF,
FFFFFF,
FFFFFF,
FF00FF,
FFFFFF,
FFFFFF,
00FFFF,
FFFFFF,
FFFFFF,
FFFFFF,
FFFFFF,
FFFFFF,
FFFFFF,
FFFFFF,
FFFFFF,
FFFFFF,
FFFFFF,
FFFFFF,
FFFFFF,
FFFFFF,
FFFFFF,
FFFF00,
FFFFFF,
FFFFFF,
FFFFFF,
FF00FF,
FFFFFF,
FFFFFF,
FFFFFF,
FFFFFF,
FFFFFF,
FFFFFF,
FFFFFF,
FFFFFF,
FFFFFF,
FFFFFF,
FFFFFF,
FFFFFF,
FFFFFF,
FFFFFF,
FFFFFF,
FFFFFF,
FFFFFF,
FFFFFF,
00FFFF,
FFFFFF,
FFFFFF,
FFFF00,
FFFFFF,
FFFFFF,
FFFFFF,
FFFFFF,
FFFFFF,
FFFFFF,
FFFFFF,
FFFFFF,
FFFFFF,
FFFFFF,
FFFFFF,
FFFFFF,
FF00FF,
FFFFFF,
FFFFFF,
FFFFFF,
FFFFFF,
FFFFFF,
FFFFFF,
FFFFFF,
FFFFFF,
FFFFFF,
FFFFFF,
FFFFFF,
FFFF00,
FFFFFF,
FFFFFF,
FF00FF,
FFFFFF,
FFFFFF,
FFFFFF,
FFFFFF,
FFFFFF,
FEFEFE,
FEFEFF,
FEFEFE,
FEFEFE,
FFFFFF,
FFFFFF,
FFFFFF,
FFFFFF,
FFFFFF,
FFFFFF,
FFFFFF,
FFFFFF,
FFFFFF,
FFFFFF,
FFFFFF,
FFFFFF,
FFFFFF,
FFFFFF,
FFFFFF,
FFFF00,
FFFFFF,
FFFFFF,
FFFFFF,
FFFFFF,
FFFFFF,
FFFFFF,
FFFFFF,
FFFFFF,
FFFFFF,
FFFFFF,
FFFFFF,
FFFFFF,
FFFFFF,
FFFFFF,
FFFFFF,
FFFFFF,
FFFFFF,
FEFEFE,
FEFEFE,
FEFEFF,
FFFFFF,
DDD3C8,
5B4137,
563026,
593122,
573522,
583825,
5E3B2A,
003327,
887471,
FFF9F9,
FFFDFD,
FCFDFE,
00FF00,
FDFFFF,
FFFFFE,
FFFEFB,
FFFFFF,
FFFFFF,
FFFFFF,
FFFFFF,
FFFFFF,
FFFFFF,
FFFFFF,
FFFFFF,
FEFEFE,
FEFEFE,
FEFEFE,
FEFEFE,
FFFFFF,
FFFFFF,
FFFFFF,
FFFFFF,
FEFEFE,
FEFEFE,
FE00FE,
FEFEFE,
FFFFFF,
FFFFFF,
FFFFFF,
FFFFFF,
FF00FF,
E2DC00,
FF433C,
FF2D25,
4C2C21,
472D24,
504038,
ABA59E,
FFFFFF,
FDFFFB,
FDFEFE,
FDFEFF,
FDFEFF,
FFFFFF,
F8F4F1,
AEA5A0,
5F493B,
533120,
542E20,
512D22,
6A554A,
F8F3EA,
FFFFFD,
FEFEFF,
FFFEFF,
FFFFFF,
FFFFFF,
FFFFFF,
FFFFFF,
FFFFFF,
FFFFFF,
FFFFFF,
FFFFFF,
FFFFFF,
FFFFFF,
FFFFFF,
FFFFFF,
00FFFF,
FFFFFF,
FFFFFF,
FFFFFF,
FEFEFE,
FFFEFE,
FEFEFE,
FEFEFE,
FEFEFE,
FEFEFE,
FEFEFE,
FFFFFF,
D5D0CB,
4B4037,
473228,
44291E,
412417,
412416,
391F10,
998A80,
FFFFFF,
FFFFFF,
FFFFFF,
FFFFFF,
FFFFFF,
FFFFFF,
FFFFFF,
FFFFFF,
FFFFFF,
FFFFFF,
FFFFFF,
FFFFFF,
FFFFFF,
FFFFFF,
FFFFFF,
FFFFFF,
FFFFFF,
00FFFF,
FFFFFF,
FFFFFF,
FFFFFF,
FFFFFF,
FFFFFF,
FFFFFF,
FFFFFF,
FFFFFF,
FFFFFF,
FFFFFF,
FFFFFF,
FFFFFF,
FFFFFF,
FFFFFF,
FFFFFF,
FFFFFF,
FFFFFF,
FFFFFF,
FFFFFF,
FFFFFF,
FF00FF,
FFFFFF,
FFFFFF,
FFFFFF,
FFFF00,
FFFFFF,
FFFFFF,
FFFFFF,
FFFFFF,
FF00FF,
FFFFFF,
FFFFFF,
FFFFFF,
FFFFFF,
FFFFFF,
FFFFFF,
FFFF00,
FFFFFF,
FFFFFF,
FFFFFF,
FFFFFF,
FFFFFF,
FFFFFF,
FFFFFF,
FFFFFF,
FFFFFF,
FFFFFF,
FFFFFF,
FFFFFF,
FFFFFF,
FFFFFF,
FFFFFF,
FFFFFF,
FFFFFF,
FFFFFF,
FFFFFF,
FFFFFF,
FFFFFF,
FFFFFF,
FFFFFF,
FFFFFF,
FFFFFF,
FFFFFF,
FFFFFF,
FFFFFF,
FFFFFF,
FFFFFF,
FFFFFF,
FFFFFF,
FFFFFF,
FFFFFF,
FFFFFF,
FFFFFF,
FFFFFF,
FFFFFF,
FFFFFF,
FF0000,
FF00FF,
FFFFFF,
FFFFFF,
FFFFFF,
FFFFFF,
FFFFFF,
FFFFFF,
FFFFFF,
FFFFFF,
FFFFFF,
FFFFFF,
FFFFFF,
FFFFFF,
FFFFFF,
FFFFFF,
FFFFFF,
FFFFFF,
FFFFFF,
FFFFFF,
FFFFFF,
FFFFFF,
FFFFFF,
FFFFFF,
FEFEFE,
FEFEFE,
FEFEFE,
FEFEFE,
FFFFFF,
FFFFFF,
FFFFFF,
FFFFFF,
FFFFFF,
FFFFFF,
FFFFFF,
FFFFFF,
FFFFFF,
FFFFFF,
FFFFFF,
FFFFFF,
FFFFFF,
FFFFFF,
FFFFFF,
FFFFFF,
FFFFFF,
FFFFFF,
FFFFFF,
FFFFFF,
FFFFFF,
FFFFFF,
FFFFFF,
FFFFFF,
FFFFFF,
FFFFFF,
FFFFFF,
FFFFFF,
FFFFFF,
FFFFFF,
FFFFFF,
FFFFFF,
FFFFFF,
FEFEFE,
FEFEFE,
FEFEFE,
FF00FF,
D6CCC1,
593F35,
583227,
5A3223,
583623,
593926,
5E3A29,
533124,
988581,
FFFCFB,
FEFDFC,
FEFFFF,
FCFFFF,
FEFFFF,
FFFFFE,
FFFEFB,
FFFFFF,
FFFFFF,
FFFFFF,
FFFFFF,
FFFFFF,
FFFFFF,
FFFFFF,
FFFFFF,
FEFEFE,
FEFEFE,
FEFEFE,
FEFEFE,
FFFFFF,
FFFFFF,
FFFFFF,
FFFFFF,
FEFEFE,
FEFEFE,
FEFEFF,
FEFE00,
FFFF00,
FFFFFF,
FFFFFF,
FFFFFF,
FFFFFF,
E0DB00,
54423B,
4C2E26,
4DFF22,
492F25,
FF4139,
ADA7A0,
FFFFFF,
FDFFFB,
FDFEFE,
FDFEFF,
FEFFFF,
FFFFFF,
FBF7F4,
B4AAA5,
624B3D,
51301F,
542D1F,
502D22,
675246,
F6F1E8,
FFFFFD,
FDFDFD,
FEFDFF,
FFFFFF,
FFFFFF,
FFFFFF,
FFFFFF,
FFFFFF,
FFFFFF,
FFFFFF,
FFFFFF,
FFFFFF,
FFFFFF,
FFFFFF,
FFFFFF,
FFFFFF,
FFFFFF,
FFFFFF,
FFFFFF,
FEFEFE,
FEFEFE,
FEFEFE,
FEFEFE,
FEFEFE,
FEFEFE,
FEFEFE,
FFFFFE,
E1DED9,
534942,
463329,
462B20,
412316,
412517,
391E0F,
86756B,
FFFF00,
FEFEFE,
FEFEFF,
FEFEFE,
FF00FF,
FFFFFF,
FFFFFF,
FFFFFF,
FFFFFF,
FFFFFF,
FFFFFF,
FFFFFF,
FFFFFF,
FFFFFF,
FFFFFF,
FFFFFF,
FFFFFF,
FFFFFF,
FFFFFF,
FFFFFF,
FFFFFF,
FFFFFF,
FFFFFF,
FFFFFF,
FFFFFF,
00FFFF,
FFFFFF,
FFFFFF,
FFFFFF,
FFFF00,
FFFFFF,
FFFFFF,
FFFFFF,
FFFFFF,
FFFFFF,
FFFFFF,
FFFFFF,
FFFFFF,
FFFFFF,
FFFFFF,
FFFFFF,
FFFFFF,
FFFFFF,
FFFFFF,
FFFFFF,
FFFFFF,
FFFFFF,
FFFFFF,
FFFFFF,
FFFFFF,
FFFFFF,
FFFFFF,
FFFFFF,
FFFFFF,
FFFFFF,
FFFFFF,
FFFFFF,
FFFFFF,
FFFFFF,
FFFFFF,
FFFFFF,
FFFFFF,
00FFFF,
FFFFFF,
FFFFFF,
00FFFF,
FFFFFF,
FFFFFF,
FFFFFF,
FFFFFF,
FFFFFF,
FFFFFF,
FFFFFF,
FFFFFF,
FFFFFF,
FFFFFF,
FFFFFF,
FFFFFF,
FFFFFF,
FFFFFF,
FFFFFF,
FFFFFF,
FFFFFF,
FFFFFF,
FFFFFF,
FFFFFF,
FFFFFF,
FFFFFF,
FFFFFF,
FFFFFF,
FFFFFF,
FFFFFF,
FFFFFF,
FFFFFF,
FF00FF,
FFFFFF,
FFFFFF,
FF00FF,
FFFFFF,
FFFFFF,
FFFFFF,
FFFFFF,
FFFFFF,
FFFFFF,
FFFFFF,
FFFFFF,
FFFFFF,
FFFFFF,
FFFFFF,
FFFFFF,
FFFFFF,
FFFFFF,
FFFFFF,
FFFFFF,
FFFFFF,
FFFFFF,
FFFFFF,
FFFFFF,
FEFEFE,
FEFEFE,
00FEFE,
FEFEFE,
FFFFFF,
FFFFFF,
FFFFFF,
FFFFFF,
FF00FF,
FFFFFF,
FFFFFF,
FFFFFF,
FFFFFF,
FFFFFF,
FFFFFF,
FFFFFF,
FFFFFF,
FFFFFF,
FFFFFF,
FFFFFF,
FFFFFF,
FFFFFF,
FFFFFF,
FFFFFF,
FFFFFF,
FFFFFF,
FFFFFF,
FFFFFF,
FFFFFF,
FFFFFF,
FFFFFF,
FFFFFF,
FFFFFF,
FFFFFF,
FFFFFF,
FFFFFF,
FFFFFF,
FEFEFE,
FEFEFE,
FEFEFF,
FFFFFF,
CEC4BA,
573D33,
573127,
5B3324,
593724,
5A3A27,
5F3B2A,
533125,
A79893,
FFFFFD,
FEFCFB,
FEFFFF,
FCFFFF,
FEFFFF,
FFFEFE,
FFFE00,
FFFFFF,
FFFFFF,
FFFFFF,
FFFFFF,
FFFFFF,
FFFFFF,
FFFFFF,
FFFFFF,
FEFEFE,
FEFEFE,
FEFEFE,
FEFEFE,
FFFFFF,
FFFFFF,
FFFFFF,
FFFFFF,
FEFEFE,
FEFEFE,
FEFEFE,
FEFEFE,
FFFFFF,
FFFFFF,
FFFFFF,
FFFFFF,
FFFFFF,
E0DAD6,
53003B,
4D2F27,
4D2D22,
4A3027,
524239,
B0AAA3,
FFFFFF,
FDFFFB,
FDFEFE,
FDFEFF,
FEFFFF,
FFFFFF,
FDF9F6,
B8AEA9,
644D3F,
51FF1E,
532C1F,
502D22,
634E42,
F5F0E6,
FFFFFC,
FCFCFD,
FEFEFF,
FFFFFF,
FF00FF,
FFFFFF,
FFFFFF,
FFFFFF,
FFFFFF,
FFFFFF,
FFFFFF,
FFFFFF,
FFFFFF,
FFFFFF,
FFFFFF,
FFFFFF,
FFFFFF,
FFFFFF,
FFFFFF,
FEFEFE,
FEFEFE,
FEFEFE,
FEFEFE,
FEFEFE,
00FEFE,
FEFEFE,
FFFEFE,
EEEC00,
5C004C,
463329,
482C21,
422417,
422516,
3A1D0E,
766459,
FE00FE,
FEFEFE,
FEFEFE,
FEFEFE,
FFFF00,
FFFFFF,
FFFFFF,
FFFFFF,
FFFFFF,
FFFFFF,
FFFFFF,
FFFFFF,
FFFF00,
FF00FF,
FFFFFF,
FFFFFF,
FFFFFF,
FFFFFF,
FFFFFF,
FF00FF,
FFFFFF,
00FFFF,
FFFFFF,
FFFFFF,
FFFFFF,
FFFFFF,
FFFFFF,
FFFFFF,
FFFF00,
FFFFFF,
FFFFFF,
FFFFFF,
FFFFFF,
FFFFFF,
FFFFFF,
FF00FF,
FFFFFF,
FF00FF,
FFFFFF,
FFFFFF,
FFFFFF,
FFFFFF,
FFFFFF,
FFFFFF,
FFFFFF,
FFFFFF,
FFFFFF,
FFFFFF,
FFFFFF,
FFFFFF,
FFFFFF,
FFFFFF,
FFFFFF,
FFFF00,
FFFFFF,
FFFFFF,
FFFFFF,
00FFFF,
FF00FF,
FFFFFF,
FFFFFF,
FFFFFF,
FFFFFF,
FFFFFF,
FFFFFF,
FFFF00,
FFFFFF,
FFFFFF,
FFFFFF,
FFFFFF,
FFFFFF,
FFFFFF,
FFFFFF,
FFFFFF,
FFFFFF,
FFFFFF,
FFFFFF,
FFFFFF,
FFFFFF,
FFFFFF,
FFFFFF,
FFFFFF,
FFFFFF,
FFFFFF,
FFFFFF,
FFFFFF,
FFFFFF,
FFFFFF,
FFFFFF,
FFFFFF,
FFFFFF,
FF00FF,
FFFFFF,
00FFFF,
FFFFFF,
FFFFFF,
FFFFFF,
FFFFFF,
FFFFFF,
FFFFFF,
FFFFFF,
FFFFFF,
FFFFFF,
FFFFFF,
FFFFFF,
FFFFFF,
00FFFF,
FFFFFF,
FFFFFF,
FFFFFF,
FFFFFF,
FFFFFF,
FFFFFF,
FFFFFF,
FFFFFF,
FFFFFF,
FFFFFF,
FFFFFF,
FEFEFE,
FEFEFE,
FEFEFE,
FEFEFE,
FFFFFF,
00FFFF,
FFFFFF,
FFFFFF,
FFFFFF,
FFFFFF,
FFFFFF,
FFFFFF,
FFFFFF,
FFFFFF,
FFFFFF,
FFFFFF,
FFFFFF,
FFFFFF,
FFFFFF,
FFFFFF,
FFFFFF,
FFFFFF,
FFFFFF,
FFFFFF,
FFFFFF,
FF00FF,
FFFFFF,
FFFFFF,
FFFFFF,
FFFFFF,
FFFFFF,
FFFFFF,
FFFFFF,
FFFF00,
FFFFFF,
FFFFFF,
FFFFFF,
FEFEFE,
FEFEFE,
FEFEFE,
FFFFFF,
C8BEB3,
543A30,
563025,
593123,
5C3A27,
5C3C29,
603D2C,
543326,
B4A9A2,
FFFFFF,
FEFDFB,
FEFEFF,
FDFFFF,
FEFFFF,
FFFEFE,
FFFFFB,
FFFFFF,
FFFFFF,
FFFFFF,
FFFFFF,
FFFFFF,
FFFFFF,
FFFFFF,
FFFFFF,
FEFEFE,
FEFEFE,
FEFEFE,
FEFEFE,
FFFFFF,
FFFFFF,
FFFFFF,
FFFFFF,
FEFEFE,
FEFEFE,
FEFEFE,
FEFEFE,
FFFFFF,
FFFFFF,
FFFFFF,
FFFFFF,
FFFFFF,
E0DAD5,
53423B,
4E3028,
4E2E23,
4B0028,
52423A,
00AC00,
FFFFFF,
FDFFFB,
FDFEFE,
FDFEFF,
FEFFFF,
FFFFFF,
FEF9F6,
BBB1AC,
65FF41,
502F1D,
002C1E,
502D22,
5E493D,
F2ECE3,
00FFFD,
FDFEFE,
FFFFFF,
FFFFFF,
FFFFFF,
FFFFFF,
FFFFFF,
FFFFFF,
FFFFFF,
FFFFFF,
FFFFFF,
FFFFFF,
FFFFFF,
FFFFFF,
FFFFFF,
FFFFFF,
FFFFFF,
FFFFFF,
FFFFFF,
FFFEFE,
FEFEFE,
FEFEFE,
FEFEFE,
FEFEFE,
FEFEFE,
FEFEFE,
FFFFFF,
F7F6F4,
645B55,
453228,
482C20,
452518,
442515,
3B1D0D,
6D5B4F,
FAF9F9,
FFFFFF,
FDFDFD,
FFFFFF,
00FFFF,
FFFFFF,
FFFFFF,
FFFFFF,
FFFFFF,
FFFFFF,
FFFFFF,
FFFFFF,
FFFFFF,
FFFFFF,
FFFFFF,
FFFFFF,
FFFFFF,
FFFFFF,
FFFFFF,
FFFFFF,
FFFFFF,
FFFFFF,
00FFFF,
FFFFFF,
FFFFFF,
FFFFFF,
FFFFFF,
FFFFFF,
FFFFFF,
FFFFFF,
FFFFFF,
FFFFFF,
FFFFFF,
FFFFFF,
FFFFFF,
FFFFFF,
FFFFFF,
FFFFFF,
FFFFFF,
FFFFFF,
FFFFFF,
FFFFFF,
FFFFFF,
FFFFFF,
FFFFFF,
FFFFFF,
FFFFFF,
FFFFFF,
FFFFFF,
FFFFFF,
FFFFFF,
FFFFFF,
FF00FF,
FFFFFF,
FFFFFF,
FFFFFF,
FFFFFF,
FFFFFF,
FF00FF,
FFFFFF,
FFFFFF,
FFFFFF,
FFFFFF,
FFFFFF,
FFFFFF,
FFFFFF,
FFFFFF,
FFFFFF,
FFFFFF,
FFFFFF,
FFFFFF,
FFFFFF,
FFFFFF,
FFFFFF,
FFFFFF,
FFFFFF,
FFFFFF,
FFFFFF,
FFFFFF,
FFFFFF,
FFFFFF,
FFFFFF,
FFFFFF,
FFFFFF,
FFFFFF,
FFFFFF,
FFFFFF,
FFFFFF,
FFFFFF,
FFFFFF,
FFFFFF,
FF00FF,
FFFFFF,
FFFFFF,
00FFFF,
FFFFFF,
FFFFFF,
FFFFFF,
FFFFFF,
FFFFFF,
FFFFFF,
FFFFFF,
FFFFFF,
FFFFFF,
FFFFFF,
FFFFFF,
FFFFFF,
FFFFFF,
FFFFFF,
FFFFFF,
FFFFFF,
FFFFFF,
FFFFFF,
FFFFFF,
FFFFFF,
FFFFFF,
FFFFFF,
FFFFFF,
FFFFFF,
FFFFFF,
FF00FF,
FFFFFF,
FFFFFF,
FFFFFF,
FFFFFF,
FFFFFF,
FFFFFF,
FFFFFF,
FFFFFF,
FFFFFF,
FFFF00,
FFFFFF,
FFFFFF,
FFFFFF,
FFFFFF,
FFFFFF,
FFFFFF,
FFFFFF,
FFFFFF,
FFFFFF,
FFFFFF,
FFFFFF,
FFFFFF,
FFFFFF,
FFFFFF,
FFFFFF,
FFFFFF,
FFFF00,
FFFFFF,
FFFFFF,
FFFFFF,
FFFFFF,
FFFFFF,
FFFFFF,
FFFFFF,
FEFEFE,
FEFEFE,
FFFEFE,
FFFFFF,
C1B7AC,
543A2F,
583127,
5A3224,
5900FF,
5E3E2B,
603C2B,
57372A,
C3BCFF,
FF00FE,
FEFCFB,
FDFEFF,
FEFFFF,
FFFFFF,
FFFFFE,
FFFFFB,
FFFFFF,
FFFFFF,
FFFFFF,
FFFFFF,
FFFFFF,
FFFFFF,
FFFFFF,
FFFFFF,
FFFFFF,
FFFFFF,
FFFFFF,
FFFF00,
FFFFFF,
FFFFFF,
00FFFF,
FFFFFF,
FFFFFF,
FFFFFF,
FFFFFF,
FFFFFF,
FFFF00,
FFFFFF,
FFFFFF,
FFFFFF,
FFFFFF,
DEDAD5,
55443D,
4E3028,
503025,
4A3026,
52423A,
FFB3AC,
FFFFFE,
FEFFFD,
FEFFFF,
FEFFFF,
FEFFFF,
FFFDFD,
FFFDFA,
C1B6B1,
654E00,
4F2D1C,
522C1E,
4E2A1F,
574200,
EDE7DE,
FEFEFB,
FEFDFF,
FFFEFF,
FFFFFF,
FFFFFF,
00FFFF,
FFFFFF,
FFFFFF,
FFFFFF,
FFFFFF,
FFFFFF,
FFFFFF,
FFFFFF,
FFFFFF,
FFFFFF,
FF00FF,
FFFFFF,
FFFF00,
FFFFFF,
FFFFFF,
FFFFFF,
FFFFFF,
FFFFFF,
FFFFFF,
FFFFFF,
FFFFFF,
FFFFFF,
FDFDFB,
726965,
433028,
FF2E23,
002417,
442513,
3D1E0C,
604C41,
F5F4F4,
FDFDFF,
FEFEFE,
FFFFFF,
FFFFFF,
FFFFFF,
FFFFFF,
FFFFFF,
FFFFFF,
FFFFFF,
FFFFFF,
FFFFFF,
FFFFFF,
FFFFFF,
FFFFFF,
FFFFFF,
FFFFFF,
FFFFFF,
FFFFFF,
FFFFFF,
FFFFFF,
FFFFFF,
FFFFFF,
FFFFFF,
FFFFFF,
FFFFFF,
FFFFFF,
FFFFFF,
FFFFFF,
FFFFFF,
FFFFFF,
FFFFFF,
FFFFFF,
FFFFFF,
FFFFFF,
FFFFFF,
FFFFFF,
FFFFFF,
FFFFFF,
FFFFFF,
00FFFF,
FFFFFF,
FFFFFF,
FFFFFF,
FFFFFF,
FFFFFF,
FFFFFF,
FFFF00,
FFFFFF,
FFFFFF,
FFFFFF,
FFFFFF,
FFFFFF,
FFFFFF,
FFFFFF,
FF00FF,
FFFFFF,
FFFFFF,
FFFFFF,
FFFFFF,
FFFFFF,
FFFFFF,
FFFFFF,
FFFFFF,
FFFFFF,
FFFFFF,
FFFFFF,
FFFFFF,
FFFFFF,
00FFFF,
FFFFFF,
FFFFFF,
FFFFFF,
FFFFFF,
FFFFFF,
FFFFFF,
FFFFFF,
FF00FF,
FFFFFF,
FFFFFF,
FFFFFF,
FFFFFF,
FFFFFF,
FFFFFF,
FFFFFF,
FFFFFF,
FFFFFF,
FFFFFF,
FF00FF,
FFFFFF,
FFFFFF,
FFFFFF,
FFFFFF,
FFFFFF,
FFFFFF,
00FFFF,
FFFFFF,
FFFFFF,
FFFFFF,
FF00FF,
FFFFFF,
FFFFFF,
FFFFFF,
FFFFFF,
FFFFFF,
FFFFFF,
FFFFFF,
FFFFFF,
FFFFFF,
FFFFFF,
FFFFFF,
FFFFFF,
FFFFFF,
FFFFFF,
FFFFFF,
FFFFFF,
FFFFFF,
FFFFFF,
FFFFFF,
FFFFFF,
FFFFFF,
FFFFFF,
FFFFFF,
FFFFFF,
FFFFFF,
FFFF00,
00FFFF,
FFFFFF,
FFFFFF,
FFFFFF,
FFFFFF,
FFFFFF,
FFFFFF,
FFFFFF,
FFFFFF,
FFFFFF,
FFFFFF,
FFFFFF,
FFFFFF,
FFFFFF,
FF00FF,
FFFFFF,
FFFFFF,
FFFFFF,
FFFFFF,
FFFFFF,
FFFFFF,
FFFFFF,
FFFFFF,
FF00FF,
FFFFFF,
FFFFFF,
FFFFFF,
FFFFFF,
FFFFFF,
FEFEFE,
FEFEFE,
FEFEFE,
FF00FF,
BBB1FF,
52382E,
573127,
5B3324,
583623,
5C3C29,
5F3C2B,
5A3C2E,
CFCAC2,
FFFFFF,
FCFCFA,
FCFCFD,
FFFFFF,
FFFFFF,
FFFFFE,
FFFFFB,
FFFFFF,
FFFFFF,
FFFFFF,
FFFFFF,
FFFFFF,
FFFFFF,
FFFFFF,
FFFFFF,
FFFFFF,
FFFFFF,
FFFFFF,
FFFF00,
FFFFFF,
FFFFFF,
FFFF00,
FFFFFF,
FFFFFF,
FFFFFF,
00FFFF,
FFFF00,
FFFFFF,
FFFFFF,
FFFFFF,
FFFFFF,
FFFFFF,
DEDAD5,
55433C,
4F3129,
00FF26,
4B3127,
53443B,
BCB6AE,
FFFFFE,
FEFFFD,
FEFFFF,
FEFFFF,
FFFFFF,
FFFDFD,
FFFFFB,
C3B9B4,
675042,
4E2E1D,
522B1E,
4E2B1F,
554035,
E9E4DA,
FFFFFD,
FEFFFF,
FFFEFF,
FFFFFF,
FFFFFF,
FFFFFF,
FFFFFF,
FFFFFF,
FFFFFF,
FFFFFF,
FFFFFF,
FFFFFF,
FFFFFF,
00FFFF,
FFFFFF,
FFFFFF,
FFFFFF,
FFFFFF,
FFFFFF,
FFFFFF,
FFFFFF,
FFFFFF,
FFFFFF,
FFFFFF,
FFFFFF,
FFFFFF,
FFFFFF,
FFFFFF,
837AFF,
43302A,
492E23,
452516,
462513,
40210C,
574235,
EBEAE9,
FFFFFF,
FFFFFF,
FEFEFE,
00FFFF,
FFFFFF,
FFFFFF,
FFFFFF,
FFFFFF,
FFFFFF,
FFFFFF,
FFFFFF,
FFFFFF,
FFFFFF,
FFFFFF,
FFFFFF,
FFFFFF,
FFFF00,
FFFFFF,
FF00FF,
FFFFFF,
FFFFFF,
FFFFFF,
FFFFFF,
FFFFFF,
FFFFFF,
FFFFFF,
FFFFFF,
FFFFFF,
FFFFFF,
FF00FF,
FFFFFF,
FFFFFF,
00FFFF,
FFFFFF,
FFFFFF,
FFFFFF,
FFFFFF,
FFFFFF,
FFFFFF,
FFFFFF,
FFFFFF,
FFFFFF,
FFFFFF,
FFFFFF,
FFFFFF,
FFFFFF,
FFFFFF,
FF00FF,
FFFF00,
FFFFFF,
FFFFFF,
FFFFFF,
00FFFF,
FFFFFF,
FFFFFF,
FFFFFF,
FFFFFF,
FFFF00,
FFFFFF,
FFFFFF,
FFFFFF,
00FFFF,
FFFFFF,
FFFFFF,
FFFFFF,
FFFFFF,
FFFFFF,
FFFFFF,
FFFFFF,
FFFFFF,
FFFFFF,
FFFFFF,
FFFF00,
FFFFFF,
FFFFFF,
FFFFFF,
FFFFFF,
FFFFFF,
FFFFFF,
FFFFFF,
FFFFFF,
FFFFFF,
FFFFFF,
FF00FF,
FFFFFF,
FFFFFF,
FFFFFF,
FFFFFF,
FFFFFF,
FFFFFF,
FFFFFF,
FFFFFF,
00FFFF,
FFFFFF,
FFFFFF,
FFFFFF,
FFFFFF,
FFFFFF,
FFFFFF,
FFFFFF,
FFFFFF,
FFFFFF,
FFFFFF,
FFFFFF,
FFFFFF,
FFFFFF,
FFFFFF,
FFFFFF,
FFFFFF,
FFFFFF,
FFFFFF,
FFFFFF,
FFFFFF,
FFFFFF,
FFFFFF,
FFFFFF,
FFFFFF,
FFFFFF,
FFFFFF,
FFFFFF,
FFFFFF,
FFFFFF,
FFFFFF,
FFFFFF,
FFFFFF,
FFFF00,
FFFFFF,
FFFFFF,
FFFFFF,
FFFFFF,
FFFFFF,
FFFFFF,
FFFFFF,
FFFFFF,
FFFFFF,
FFFFFF,
FFFFFF,
FFFFFF,
FFFFFF,
FFFFFF,
FFFFFF,
FFFFFF,
FFFFFF,
FFFF00,
FFFFFF,
FFFFFF,
FFFFFF,
FFFFFF,
FFFFFF,
FFFFFF,
FFFFFF,
FFFFFF,
FFFFFF,
FFFFFF,
FEFEFE,
FEFEFE,
FEFEFE,
FFFFFF,
B1A69B,
51382D,
583227,
5B0024,
573522,
5A3A27,
5F3B2B,
624537,
DEDBD2,
FFFFFE,
FDFDFC,
FEFEFF,
FFFFFF,
FFFFFF,
FFFFFE,
FFFFFB,
FFFFFF,
FF00FF,
FFFFFF,
FFFFFF,
FFFFFF,
FFFFFF,
FFFFFF,
FFFFFF,
FFFFFF,
FFFFFF,
FFFFFF,
FFFFFF,
FFFFFF,
FFFFFF,
FFFFFF,
FFFFFF,
FFFFFF,
FFFFFF,
FFFFFF,
FFFFFF,
FFFFFF,
FFFFFF,
FFFFFF,
FFFFFF,
FFFFFF,
00DA00,
55433C,
4F3129,
513126,
4C3228,
54453C,
BFB9B2,
FFFFFE,
FEFFFD,
FEFFFF,
FEFFFF,
FFFFFF,
FFFDFD,
FFFEFC,
C8BEB9,
6B5446,
4F2E1D,
522B1D,
4E2B20,
533E33,
E2DEFF,
FFFFFE,
FEFEFF,
FF00FF,
FFFFFF,
FFFFFF,
FFFFFF,
FFFFFF,
FFFFFF,
00FFFF,
FFFFFF,
FFFFFF,
FF00FF,
FFFF00,
FFFFFF,
FFFFFF,
FFFFFF,
FFFFFF,
FFFFFF,
FFFFFF,
FFFFFF,
FFFF00,
FFFFFF,
FFFFFF,
FFFFFF,
FFFFFF,
FFFFFF,
FEFFFF,
FFFFFF,
958F8B,
402E28,
4AFF24,
462617,
47FF14,
43220E,
4D382A,
DFDFDE,
FFFFFF,
FDFDFD,
FEFEFE,
FFFFFF,
FFFFFF,
FFFFFF,
FFFFFF,
FFFFFF,
FFFFFF,
FFFFFF,
FFFFFF,
FFFFFF,
FFFFFF,
FFFFFF,
FFFFFF,
FFFFFF,
FFFFFF,
FFFFFF,
00FFFF,
FFFFFF,
FFFFFF,
FFFFFF,
FFFFFF,
FFFFFF,
FFFFFF,
FFFFFF,
FFFFFF,
FFFFFF,
FFFFFF,
FFFFFF,
FFFFFF,
FFFFFF,
FFFFFF,
FFFFFF,
FFFFFF,
FFFFFF,
FFFFFF,
FFFFFF,
FFFFFF,
FFFFFF,
FFFFFF,
FFFFFF,
FFFFFF,
FFFFFF,
FFFFFF,
FFFFFF,
FF00FF,
FFFFFF,
FFFFFF,
FFFFFF,
FFFFFF,
FFFFFF,
FFFFFF,
FFFFFF,
FFFFFF,
00FFFF,
FFFFFF,
FFFFFF,
FFFFFF,
FFFFFF,
FFFFFF,
FFFFFF,
FFFFFF,
FFFFFF,
FFFFFF,
FFFFFF,
FFFFFF,
FFFFFF,
FFFFFF,
FFFFFF,
FFFFFF,
FFFFFF,
FFFFFF,
FFFFFF,
FFFFFF,
FFFFFF,
FFFFFF,
FFFFFF,
FFFFFF,
FFFFFF,
FF00FF,
FFFFFF,
00FFFF,
FFFFFF,
FFFFFF,
FFFFFF,
FFFFFF,
FFFFFF,
FFFFFF,
FFFFFF,
FFFFFF,
FFFFFF,
FFFFFF,
FFFFFF,
FFFFFF,
FFFFFF,
FFFFFF,
FFFFFF,
FFFFFF,
FFFFFF,
FFFFFF,
FFFFFF,
FFFFFF,
FFFFFF,
FFFF00,
FFFFFF,
FFFFFF,
FFFFFF,
00FFFF,
FFFFFF,
FFFFFF,
FFFFFF,
FFFFFF,
FF00FF,
FFFFFF,
FFFFFF,
FFFFFF,
FFFFFF,
FFFFFF,
FFFFFF,
FFFFFF,
FFFFFF,
FFFFFF,
FFFFFF,
FFFFFF,
FFFFFF,
FFFFFF,
FFFFFF,
FFFFFF,
FFFFFF,
00FFFF,
FFFFFF,
FFFFFF,
FFFFFF,
FFFFFF,
FFFFFF,
FFFFFF,
FFFFFF,
FFFFFF,
FFFFFF,
FFFFFF,
FF00FF,
FFFFFF,
FFFFFF,
FFFFFF,
FFFFFF,
FFFFFF,
FFFFFF,
FFFFFF,
FFFFFF,
FF00FF,
FFFFFF,
FFFFFF,
FFFFFF,
FEFEFE,
FEFEFE,
FEFEFE,
FFFFFF,
A79B91,
50362C,
59FF28,
5B3324,
593724,
5B3B28,
5D3929,
6C4F41,
FFE9DF,
FEFFFB,
FEFEFD,
FFFFFF,
FFFFFF,
FFFFFF,
FFFFFE,
FFFFFB,
FFFFFF,
FFFFFF,
FF00FF,
FFFFFF,
FFFFFF,
FFFFFF,
FFFFFF,
FFFFFF,
FFFFFF,
FFFFFF,
FFFFFF,
FFFFFF,
FFFFFF,
FFFFFF,
FFFFFF,
FFFFFF,
FFFFFF,
FFFFFF,
FFFFFF,
FFFFFF,
FFFFFF,
FFFFFF,
FFFFFF,
FFFFFF,
FFFFFF,
DDD8D4,
54423B,
51332B,
523227,
4E342A,
56463E,
C3BDB6,
FFFFFF,
FEFFFD,
FEFFFF,
FEFFFF,
FFFFFF,
FEFFFC,
FFFFFD,
CDC3BE,
6F584A,
502F1D,
512A1D,
4F2B20,
503C30,
DCD8CF,
FFFFFF,
FEFEFF,
FFFEFF,
FFFFFF,
FF0000,
FFFFFF,
FFFFFF,
FFFFFF,
FFFF00,
FFFFFF,
FFFFFF,
FFFFFF,
FFFFFF,
FFFFFF,
FFFFFF,
FFFFFF,
FFFFFF,
FFFFFF,
FFFFFF,
FFFFFF,
FFFFFF,
FFFFFF,
FFFFFF,
FFFFFF,
FFFFFF,
FFFFFF,
FDFFFF,
FFFFFF,
A6A19E,
3E2D26,
4B3025,
480018,
492614,
FF2410,
443021,
D8D7D6,
FFFFFF,
FB00FB,
FFFFFF,
FFFFFF,
FFFFFF,
FFFFFF,
FFFFFF,
FFFFFF,
FFFFFF,
FFFFFF,
FFFFFF,
FFFFFF,
FFFFFF,
FFFFFF,
FFFFFF,
FFFFFF,
FFFFFF,
FFFFFF,
FFFFFF,
FFFFFF,
00FFFF,
FFFFFF,
FFFFFF,
FFFFFF,
FFFFFF,
FFFFFF,
FFFFFF,
FFFFFF,
FFFFFF,
FFFFFF,
FFFFFF,
FFFFFF,
FFFFFF,
FFFFFF,
FFFFFF,
FFFFFF,
FFFFFF,
FFFFFF,
FFFFFF,
FFFFFF,
FFFFFF,
FFFFFF,
FFFFFF,
FFFFFF,
FFFFFF,
FFFFFF,
FFFFFF,
FFFF00,
FFFFFF,
FFFFFF,
FFFFFF,
FFFFFF,
FFFFFF,
FFFFFF,
FFFFFF,
FFFFFF,
FFFFFF,
FFFFFF,
FFFFFF,
FFFFFF,
FFFFFF,
FFFFFF,
FFFFFF,
FFFFFF,
FFFFFF,
FFFFFF,
FFFFFF,
FFFFFF,
FFFFFF,
FFFFFF,
FFFFFF,
FFFFFF,
FFFFFF,
FFFFFF,
FFFFFF,
FFFFFF,
FFFFFF,
FFFFFF,
FFFFFF,
FFFFFF,
FFFFFF,
FFFFFF,
FFFFFF,
FFFFFF,
FFFFFF,
FFFFFF,
FFFFFF,
FF00FF,
FFFFFF,
FFFFFF,
FF00FF,
FFFFFF,
FFFFFF,
FFFFFF,
FFFFFF,
FF00FF,
FFFFFF,
00FFFF,
00FFFF,
FFFFFF,
FFFFFF,
FFFFFF,
FFFFFF,
FFFFFF,
FFFFFF,
FFFFFF,
FFFFFF,
FFFFFF,
FFFFFF,
FFFFFF,
FFFFFF,
FFFFFF,
FFFFFF,
FF00FF,
FFFFFF,
FFFFFF,
FFFFFF,
FFFFFF,
FFFFFF,
FFFFFF,
FFFFFF,
FFFFFF,
FFFFFF,
FFFFFF,
FFFFFF,
FFFFFF,
FFFFFF,
FFFFFF,
FFFFFF,
FFFFFF,
FFFFFF,
FFFFFF,
FFFFFF,
FFFFFF,
FFFFFF,
FFFFFF,
FFFFFF,
FFFF00,
FFFFFF,
FFFF00,
FFFFFF,
FFFFFF,
FFFFFF,
FFFFFF,
FFFFFF,
FFFFFF,
FFFFFF,
FFFFFF,
FFFFFF,
FFFFFF,
00FFFF,
FFFFFF,
FFFFFF,
FFFFFF,
FEFEFE,
FEFEFF,
FEFEFE,
FFFFFF,
9E9388,
4F352B,
583228,
5A3223,
5A3800,
5E3E2B,
FFFF27,
75594A,
F2F3E9,
FAFEF9,
00FEFC,
FEFEFE,
FFFFFF,
FFFEFF,
FFFFFE,
FFFFFB,
FFFFFF,
FFFFFF,
FFFFFF,
FFFFFF,
FFFFFF,
FFFFFF,
FFFFFF,
FFFFFF,
FFFFFF,
FFFFFF,
FFFFFF,
00FFFF,
FFFFFF,
FFFFFF,
FFFFFF,
FFFFFF,
FFFFFF,
FFFFFF,
FFFFFF,
FFFFFF,
FFFFFF,
FFFFFF,
FFFFFF,
FFFFFF,
FFFFFF,
DDD8D4,
54423B,
51332B,
523227,
4E342B,
57473F,
C6C0B9,
FFFFFF,
FEFFFD,
FEFFFF,
FEFFFF,
FFFFFF,
FDFBFB,
FFFFFD,
D1C7C2,
715B4D,
512F1E,
FF2A1D,
4F2C21,
4F3A2E,
D7D3CA,
00FFFF,
FEFEFF,
FFFEFF,
FFFFFF,
FFFFFF,
FFFFFF,
FFFFFF,
FFFFFF,
00FFFF,
FFFFFF,
FFFFFF,
FFFFFF,
FFFFFF,
FFFFFF,
FFFFFF,
FFFFFF,
FFFFFF,
FFFFFF,
FFFFFF,
FFFFFF,
FFFFFF,
FF00FF,
FFFFFF,
00FFFF,
FFFFFF,
FFFFFF,
FDFFFF,
FFFFFF,
B9B3B1,
43332C,
4B3000,
490018,
4A2800,
472711,
3D2718,
CCCBC9,
FFFFFF,
FCFCFC,
FFFFFF,
FFFFFF,
FFFFFF,
FFFFFF,
FFFFFF,
FFFFFF,
FFFFFF,
FFFFFF,
FFFFFF,
FFFFFF,
FFFFFF,
FFFFFF,
FFFFFF,
FFFFFF,
FFFFFF,
FFFFFF,
FFFFFF,
FFFFFF,
FFFFFF,
FFFFFF,
FFFFFF,
FFFFFF,
FFFFFF,
FFFFFF,
FFFFFF,
FFFFFF,
FFFFFF,
FFFFFF,
FFFFFF,
FFFFFF,
FFFFFF,
FFFFFF,
FFFFFF,
FFFFFF,
FFFFFF,
FFFFFF,
FFFFFF,
FFFFFF,
FFFFFF,
FFFFFF,
FFFFFF,
FFFFFF,
FFFFFF,
FFFF00,
FFFFFF,
FFFFFF,
FFFFFF,
FFFFFF,
FFFFFF,
FFFFFF,
FFFFFF,
FFFFFF,
FFFFFF,
FFFFFF,
FFFF00,
FFFFFF,
00FFFF,
FFFFFF,
FFFFFF,
FFFFFF,
FFFFFF,
FFFFFF,
FFFFFF,
FFFFFF,
FFFFFF,
FFFFFF,
00FFFF,
FFFFFF,
FFFFFF,
FFFFFF,
FF00FF,
FFFFFF,
FFFFFF,
FFFFFF,
FFFFFF,
FFFFFF,
FFFFFF,
FFFFFF,
FF00FF,
FFFFFF,
FFFFFF,
FF00FF,
FFFFFF,
FFFFFF,
FFFFFF,
FFFFFF,
FFFFFF,
FFFFFF,
FFFFFF,
FFFFFF,
FFFFFF,
FFFFFF,
FFFFFF,
FFFFFF,
FFFFFF,
FFFFFF,
FFFFFF,
FFFFFF,
FFFFFF,
FFFFFF,
FFFFFF,
FFFFFF,
FFFFFF,
FFFFFF,
FFFFFF,
FFFFFF,
FFFFFF,
FFFFFF,
FFFFFF,
FFFFFF,
FFFFFF,
FFFFFF,
FFFFFF,
FFFFFF,
FF00FF,
FEFEFE,
FEFEFE,
FEFEFF,
FE00FE,
FF00FF,
FFFFFF,
FFFFFF,
FFFFFF,
FFFF00,
FFFFFF,
FFFFFF,
FFFFFF,
0000FF,
00FFFF,
FFFFFF,
FFFF00,
FFFFFF,
FFFFFF,
FFFFFF,
FFFFFF,
FFFFFF,
FFFFFF,
FFFFFF,
FFFFFF,
FFFFFF,
FFFFFF,
FFFFFF,
FFFFFF,
FFFFFF,
FFFFFF,
FFFFFF,
FFFFFF,
FFFFFF,
FFFFFF,
FFFFFF,
FFFF00,
FFFFFF,
FEFEFE,
FEFEFE,
FEFEFF,
FFFFFF,
99877D,
503529,
573326,
5B3424,
003800,
60002B,
583624,
000054,
FBFCF6,
FDFFFF,
FEFEFE,
00FEFE,
FFFFFF,
FFFFFF,
FFFFFF,
FFFFFE,
FFFF00,
FFFFFF,
FFFFFF,
FFFFFF,
FFFFFF,
FFFFFF,
FFFFFF,
FFFFFF,
FEFEFE,
00FEFE,
FEFEFE,
FEFEFE,
FFFFFF,
FFFFFF,
FFFFFF,
FFFFFF,
FFFFFF,
FFFFFF,
FFFFFF,
FFFFFF,
FFFFFF,
FFFFFF,
FFFFFF,
FFFFFF,
FFFFFF,
DBD6D2,
554039,
513329,
543327,
4F3429,
594841,
C8C3BE,
FFFFFF,
FFFEFE,
FDFFFE,
FDFFFE,
00FEFE,
FCFAFB,
FFFEFE,
D2C9C8,
755E52,
522F1E,
502B1C,
502D22,
4E362C,
D3CCC4,
FFFFFF,
FDFFFE,
FDFFFF,
FFFFFF,
FFFFFF,
FFFFFF,
FFFFFF,
FFFFFF,
FFFFFF,
FFFFFF,
FFFFFF,
FFFFFF,
FFFFFF,
FFFFFF,
FFFFFF,
FFFFFF,
FFFFFF,
FFFFFF,
FFFFFF,
FEFEFE,
FEFEFE,
FEFEFE,
FEFEFE,
FFFFFF,
FFFFFF,
FFFFFF,
FEFFFF,
FF00FF,
C8C3C0,
463732,
493128,
472A1C,
472716,
482813,
3C2312,
C0B9B2,
FFFFFF,
FAFEFE,
FBFFFE,
FFFFFC,
FFFFFC,
FFFFFE,
FEFFFF,
FFFFFF,
FFFFFF,
FFFFFF,
FFFFFF,
FFFFFF,
FFFFFF,
FFFFFF,
FFFFFF,
FFFFFF,
FFFFFF,
FFFFFF,
FFFFFF,
FEFEFE,
FEFEFE,
FEFEFE,
FEFEFE,
FFFFFF,
FFFFFF,
FFFFFF,
FFFFFF,
FFFFFF,
FFFFFF,
FFFFFF,
FFFFFF,
FFFFFF,
FFFFFF,
FFFFFF,
FFFFFF,
FFFFFF,
FFFFFF,
FFFFFF,
FFFFFF,
FEFEFE,
FEFEFE,
FEFEFE,
FEFEFE,
FFFFFF,
FFFFFF,
FFFFFF,
FFFFFF,
FFFFFF,
FFFFFF,
FFFFFF,
FFFFFF,
FEFEFE,
FEFEFE,
FEFEFE,
FEFEFE,
FFFFFF,
FFFFFF,
FFFFFF,
FFFFFF,
FFFFFF,
FFFFFF,
FFFFFF,
FFFFFF,
FFFFFF,
FFFFFF,
FFFFFF,
FFFFFF,
FFFFFF,
FFFFFF,
FFFF00,
FFFFFF,
FFFFFF,
FFFFFF,
FFFFFF,
FFFFFF,
FFFFFF,
FFFFFF,
00FFFF,
FFFF00,
FFFFFF,
FFFFFF,
FFFFFF,
FFFFFF,
FFFFFF,
FFFFFF,
FFFFFF,
FFFFFF,
FFFFFF,
FFFFFF,
FFFFFF,
FFFFFF,
FFFFFF,
FFFFFF,
FFFFFF,
FFFFFF,
FFFF00,
FFFFFF,
FFFFFF,
FF00FF,
FFFFFF,
FFFFFF,
FFFFFF,
FFFFFF,
FFFFFF,
FFFFFF,
FFFFFF,
FFFFFF,
FFFFFF,
FFFFFF,
FFFFFF,
FFFFFF,
FFFFFF,
FFFFFF,
FFFFFF,
FFFFFF,
FFFFFF,
FFFFFF,
FEFEFE,
FEFEFE,
FEFEFE,
FEFEFE,
00FFFF,
FFFFFF,
00FFFF,
FFFFFF,
FFFFFF,
FFFFFF,
FFFFFF,
FFFFFF,
FFFFFF,
FFFFFF,
FFFFFF,
FFFFFF,
FFFFFF,
FFFFFF,
FFFFFF,
FFFFFF,
FFFFFF,
FFFFFF,
FFFFFF,
FFFFFF,
FFFFFF,
FFFFFF,
FFFFFF,
FFFFFF,
FFFFFF,
FFFFFF,
FFFFFF,
00FFFF,
FFFFFF,
FFFFFF,
FFFFFF,
FFFFFF,
FFFFFF,
FEFEFE,
FEFEFE,
FEFF00,
FFFFFC,
957E73,
513427,
563324,
FF3726,
5F3926,
5F3B28,
543621,
887665,
FFFFFC,
FFFFFF,
FF00FF,
FFFFFF,
FFFFFF,
FFFFFF,
00FFFF,
FFFFFF,
FFFFFF,
FFFFFF,
FFFFFF,
FFFFFF,
FFFFFF,
FFFFFF,
FFFFFF,
FFFFFF,
FE00FE,
FEFEFE,
FEFEFE,
FEFEFE,
FFFFFF,
FFFFFF,
FFFFFF,
FFFFFF,
FFFFFF,
FFFFFF,
FFFFFF,
FFFFFF,
FFFFFF,
FFFFFF,
FFFFFF,
FFFFFF,
FFFFFF,
DAD4D1,
563F37,
533326,
563526,
4F3429,
584843,
CAC5C3,
FFFFFF,
FF00FE,
FEFEFE,
FDFFFE,
FDFEFE,
FBFBFB,
FFFEFF,
D3CBCE,
790000,
532F1F,
4F2B1C,
4F2E22,
4F332A,
D000BF,
FFFFFF,
FBFFFE,
FCFFFF,
FFFFFF,
FFFFFF,
FFFFFF,
FFFFFF,
FFFFFF,
FFFFFF,
FFFFFF,
FFFFFF,
FFFFFF,
FFFFFF,
FFFFFF,
FFFFFF,
FFFFFF,
FFFFFF,
FFFFFF,
FFFFFF,
FEFEFE,
FEFEFE,
FEFFFE,
FEFEFE,
FFFFFF,
FFFFFF,
FFFFFF,
FEFFFF,
FF00FF,
D5D0CE,
4B3D3A,
47322B,
472B21,
452718,
482715,
3E220E,
B5A89A,
FFFFFF,
F7FEFE,
F9FFFE,
FEFFFB,
FFFFFA,
FFFFFE,
FEFFFF,
FFFFFF,
FFFFFF,
FFFFFF,
FFFFFF,
FFFFFF,
FFFFFF,
FFFFFF,
FFFFFF,
FFFFFF,
FFFFFF,
FFFFFF,
FFFFFF,
FEFEFE,
FEFEFE,
FEFEFE,
FFFEFE,
FFFFFF,
FFFFFF,
FFFFFF,
FFFFFF,
FFFFFF,
FFFFFF,
FFFFFF,
FFFFFF,
FFFFFF,
FFFFFF,
FFFFFF,
FFFFFF,
FFFFFF,
FFFFFF,
FFFFFF,
FFFFFF,
FEFEFE,
FEFEFE,
FEFEFF,
FEFEFE,
FFFFFF,
FFFFFF,
FFFFFF,
FFFFFF,
FFFFFF,
FFFFFF,
FFFFFF,
FFFFFF,
FEFEFE,
FEFEFE,
FEFEFE,
FEFEFE,
FFFFFF,
FFFFFF,
FF00FF,
FFFFFF,
FFFFFF,
FFFFFF,
FFFFFF,
FFFFFF,
FFFFFF,
00FFFF,
FFFFFF,
FFFFFF,
FFFFFF,
FFFFFF,
FFFFFF,
FFFFFF,
FFFFFF,
FFFFFF,
FFFFFF,
FFFFFF,
FFFFFF,
FFFFFF,
FFFFFF,
FFFFFF,
FFFFFF,
FF00FF,
FFFFFF,
FFFFFF,
FFFFFF,
FFFFFF,
FFFFFF,
FFFFFF,
FFFF00,
FFFFFF,
FFFFFF,
FFFFFF,
FFFFFF,
FFFFFF,
FFFFFF,
FFFFFF,
FFFFFF,
FFFFFF,
FFFFFF,
FFFFFF,
FFFFFF,
FFFFFF,
FFFFFF,
FFFFFF,
FFFFFF,
FFFFFF,
FFFFFF,
FFFFFF,
FFFFFF,
FFFFFF,
FFFFFF,
FFFFFF,
FFFFFF,
FFFFFF,
FFFFFF,
FFFFFF,
FFFFFF,
FFFFFF,
FEFEFE,
FEFEFE,
FEFEFE,
FEFEFE,
FFFFFF,
FFFFFF,
FFFFFF,
FFFFFF,
FFFFFF,
FFFFFF,
FFFFFF,
FFFFFF,
FFFFFF,
FFFFFF,
FFFFFF,
FFFFFF,
FFFFFF,
FFFFFF,
FFFFFF,
FFFF00,
FFFFFF,
FFFFFF,
FFFFFF,
FFFFFF,
FFFFFF,
FFFFFF,
FFFFFF,
FFFFFF,
FFFFFF,
FFFFFF,
FFFFFF,
FFFFFF,
FFFFFF,
FFFFFF,
FFFFFF,
FFFFFF,
FFFFFF,
FEFEFE,
FEFEFE,
FEFFFF,
FFFDFA,
90796D,
523427,
573525,
5C3625,
5F3926,
5E3D28,
003520,
9D8A7B,
FFFFFE,
FFFFFF,
FFFFFF,
FFFFFF,
FFFFFF,
FFFFFF,
FFFFFF,
FFFF00,
FFFFFF,
FFFFFF,
FFFFFF,
FFFFFF,
FFFFFF,
FFFFFF,
FF00FF,
FFFFFF,
FEFEFE,
FEFFFE,
FEFEFE,
FEFEFE,
FFFFFF,
FFFFFF,
FFFFFF,
FFFFFF,
FFFFFF,
FFFFFF,
FFFFFF,
FFFFFF,
FFFFFF,
FFFF00,
FFFFFF,
FFFFFF,
FFFFFF,
DAD3D0,
563F37,
543427,
553525,
4F352A,
584844,
CBC6C4,
FFFFFF,
FFFDFE,
FEFEFE,
FDFFFE,
FDFEFE,
FCFBFD,
FFFFFF,
D8D0D2,
7D635B,
542F1F,
4F2D1D,
4F2D22,
4D3128,
CBC0BB,
FFFFFF,
FBFFFF,
FDFFFF,
00FFFF,
FFFFFF,
FFFFFF,
FFFFFF,
FFFFFF,
FF00FF,
FFFFFF,
FFFFFF,
FFFFFF,
FFFFFF,
FFFFFF,
FFFFFF,
FFFFFF,
FFFFFF,
FFFFFF,
FFFF00,
FEFEFE,
FEFEFE,
FEFEFE,
FEFEFE,
FFFFFF,
FFFFFF,
FFFFFF,
FEFFFE,
FFFFFF,
E2DDDB,
004846,
46312B,
482C23,
46291A,
48FF15,
3D210D,
A69789,
FFFFFE,
F9FFFF,
F9FFFF,
FEFFFB,
FFFFFA,
FFFFFE,
FE00FF,
FFFFFF,
FFFFFF,
FFFFFF,
FFFFFF,
FFFFFF,
FFFFFF,
FFFFFF,
FFFF00,
FFFFFF,
FFFFFF,
FFFFFF,
FFFFFF,
FEFEFE,
FEFEFE,
FEFEFE,
FEFEFE,
FFFFFF,
FFFFFF,
00FFFF,
FFFFFF,
FFFFFF,
FFFFFF,
FFFFFF,
FFFFFF,
FFFFFF,
FFFFFF,
FFFFFF,
FFFFFF,
FFFFFF,
FFFFFF,
FFFFFF,
FFFFFF,
FEFEFE,
FEFEFE,
FEFEFE,
FEFEFE,
FFFFFF,
FFFFFF,
FFFFFF,
FFFFFF,
FFFFFF,
FFFFFF,
FFFFFF,
FFFFFF,
FE00FE,
FEFEFE,
FEFEFF,
FEFEFE,
FFFFFF,
FFFFFF,
FFFFFF,
FFFFFF,
FFFFFF,
FFFFFF,
FFFFFF,
FFFF00,
FFFFFF,
FFFFFF,
FFFFFF,
FFFFFF,
FFFFFF,
FFFFFF,
FFFFFF,
FFFFFF,
FFFF00,
FFFFFF,
FFFFFF,
FFFFFF,
FFFFFF,
FFFFFF,
FFFFFF,
FFFFFF,
FFFFFF,
FFFFFF,
FFFFFF,
FFFFFF,
FFFFFF,
FFFFFF,
FFFFFF,
00FFFF,
FFFFFF,
FFFFFF,
FFFFFF,
FFFFFF,
FFFFFF,
FFFFFF,
FFFFFF,
FFFFFF,
FFFFFF,
FF00FF,
FFFFFF,
FFFFFF,
FFFFFF,
FFFFFF,
FFFFFF,
FFFFFF,
FFFFFF,
00FFFF,
FFFFFF,
FFFFFF,
FFFFFF,
FFFFFF,
FFFFFF,
FFFFFF,
FFFFFF,
FFFFFF,
FFFF00,
FFFF00,
FFFFFF,
FFFFFF,
FEFEFE,
FEFEFE,
FEFEFE,
FEFEFE,
FFFFFF,
FFFFFF,
FFFFFF,
FFFFFF,
FFFFFF,
FFFFFF,
FF00FF,
FFFFFF,
FFFFFF,
FFFFFF,
FFFFFF,
FFFFFF,
FFFFFF,
FFFFFF,
FFFFFF,
FF00FF,
FFFFFF,
FFFFFF,
FFFFFF,
FFFFFF,
FFFFFF,
FFFFFF,
FFFFFF,
FFFFFF,
FFFFFF,
FFFFFF,
FFFFFF,
FFFFFF,
FFFFFF,
FFFFFF,
FFFFFF,
FFFFFF,
FFFFFF,
FEFEFE,
FEFEFE,
FFFFFF,
FFFAF7,
877065,
5236FF,
583526,
5C3524,
5D3825,
5F3F2B,
4F3220,
AC99FF,
FFFFFF,
FFFFFF,
FFFFFF,
FFFFFF,
FFFFFF,
FFFFFF,
FFFFFF,
FFFFFF,
FFFFFF,
FFFFFF,
FFFFFF,
FFFFFF,
00FFFF,
FFFFFF,
FFFFFF,
FFFFFF,
FEFEFE,
FEFEFE,
FEFEFE,
FEFEFE,
FFFFFF,
FFFFFF,
FFFFFF,
FFFFFF,
FFFFFF,
FFFFFF,
FFFFFF,
FFFFFF,
FFFFFF,
FFFFFF,
FFFFFF,
FFFFFF,
FFFFFF,
D9D1CE,
56FF37,
553628,
563426,
50362B,
594800,
CDC8C6,
FFFFFF,
FFFDFE,
FEFEFE,
FDFFFE,
FDFEFE,
FDFDFD,
FFFFFF,
00D5D8,
81685F,
553120,
512E1F,
4E2DFF,
4A2E25,
C5B8B3,
FFFFFF,
FAFEFF,
FC00FF,
FFFFFF,
FFFFFF,
FFFFFF,
FFFFFF,
FFFFFF,
FFFFFF,
FFFFFF,
FFFFFF,
FFFFFF,
FFFFFF,
FF00FF,
FFFFFF,
FFFFFF,
FFFFFF,
FFFFFF,
FFFFFF,
FEFEFE,
FEFEFE,
FEFEFE,
FEFEFE,
FFFFFF,
FFFFFF,
FFFFFF,
FFFFFF,
FFFFFF,
ED00E6,
60524F,
48332C,
4B2F25,
482A1B,
492916,
3E220F,
978679,
FFFFFE,
FAFFFF,
F9FFFE,
FEFFFB,
FFFFFA,
FFFFFE,
FEFFFF,
FFFFFF,
FFFFFF,
FFFFFF,
FFFFFF,
FFFFFF,
FFFFFF,
FFFFFF,
FFFFFF,
FFFFFF,
FFFFFF,
FFFFFF,
FFFFFF,
FEFEFE,
FEFEFE,
FEFEFE,
FEFEFE,
FFFFFF,
00FFFF,
FFFFFF,
FFFFFF,
FFFFFF,
FFFFFF,
FFFFFF,
FFFFFF,
FFFFFF,
FFFFFF,
FFFFFF,
FFFFFF,
FFFFFF,
FFFFFF,
FFFFFF,
FFFFFF,
FEFEFE,
FEFEFE,
FEFEFE,
FEFEFE,
FFFFFF,
FFFFFF,
FFFFFF,
FFFFFF,
FFFFFF,
FFFFFF,
FFFFFF,
FFFFFF,
FEFEFE,
FEFEFE,
FEFEFE,
FEFEFE,
FFFFFF,
FFFFFF,
FFFFFF,
FFFFFF,
FFFFFF,
FFFFFF,
FFFFFF,
FFFFFF,
FFFFFF,
FFFFFF,
FFFFFF,
FFFFFF,
FFFFFF,
FFFFFF,
FFFFFF,
FFFFFF,
FFFFFF,
FFFFFF,
FFFFFF,
FFFFFF,
FFFFFF,
FFFFFF,
FFFFFF,
FFFFFF,
FFFFFF,
FFFFFF,
FFFFFF,
FFFFFF,
FFFFFF,
FFFFFF,
FFFFFF,
FFFFFF,
FFFFFF,
FFFFFF,
00FFFF,
FFFFFF,
FFFFFF,
FFFFFF,
FFFFFF,
FFFFFF,
FFFFFF,
FFFFFF,
FFFFFF,
FFFFFF,
FFFFFF,
FFFFFF,
FFFFFF,
FFFFFF,
FFFFFF,
FFFFFF,
FFFFFF,
00FFFF,
FFFFFF,
FFFFFF,
FFFFFF,
FFFFFF,
FFFFFF,
FFFFFF,
FFFFFF,
FFFFFF,
FFFFFF,
FFFFFF,
FEFEFE,
FEFEFE,
00FEFE,
FEFEFE,
FFFFFF,
FFFFFF,
FFFFFF,
FFFFFF,
FFFFFF,
FFFFFF,
FFFF00,
FFFFFF,
FFFFFF,
FFFFFF,
FFFFFF,
00FFFF,
FFFFFF,
FFFFFF,
FFFFFF,
FFFFFF,
FFFFFF,
FFFFFF,
FFFFFF,
FFFFFF,
FFFFFF,
FFFFFF,
FFFFFF,
FFFFFF,
FFFFFF,
FFFFFF,
FFFF00,
FFFFFF,
FF00FF,
FFFFFF,
FFFF00,
FFFFFF,
FFFFFF,
FEFEFE,
FEFEFE,
FFFFFF,
FCF7F4,
80685E,
533600,
593627,
5C3724,
5DFF25,
5C3D2B,
4F3423,
BDAC9F,
FFFFFF,
FFFFFF,
FFFFFF,
FFFFFF,
FFFFFF,
FFFFFF,
FFFFFF,
FFFFFF,
FFFFFF,
FFFFFF,
FFFFFF,
FFFFFF,
FFFFFF,
FFFFFF,
FFFFFF,
FFFFFF,
FEFEFE,
FEFEFE,
FEFFFE,
FEFEFE,
FFFFFF,
FFFFFF,
FFFFFF,
FFFFFF,
FFFF00,
FFFF00,
FFFFFF,
FFFFFF,
FFFFFF,
FFFFFF,
FFFFFF,
FFFFFF,
FFFFFF,
D9CFCC,
564038,
563729,
553425,
51362B,
594844,
CFCAC7,
FFFFFF,
FFFDFE,
FEFEFE,
FDFFFE,
FDFFFE,
FEFEFE,
FFFFFF,
E4DBDD,
856C63,
553120,
532F20,
4D2C20,
482C23,
BFB1AC,
FFFFFF,
F9FCFD,
FCFFFF,
FFFFFF,
FFFFFF,
FFFFFF,
FFFFFF,
FFFFFF,
FFFFFF,
FFFFFF,
FFFFFF,
FFFFFF,
FFFFFF,
FFFFFF,
FFFFFF,
FFFFFF,
FFFFFF,
FFFFFF,
FFFFFF,
FEFEFE,
FEFEFE,
FEFEFF,
FEFEFE,
FFFFFF,
FFFFFF,
FFFFFF,
FFFF00,
FDFEFC,
FAF4F2,
6A0059,
48332C,
4DFF27,
492B1C,
492917,
41220F,
877266,
FFFFFD,
FAFFFF,
F9FFFE,
FE00FB,
FFFFFA,
FFFFFE,
FEFFFF,
FFFFFF,
FFFFFF,
FFFFFF,
FFFFFF,
FFFFFF,
FFFFFF,
FFFFFF,
FFFFFF,
FFFFFF,
FFFFFF,
FFFFFF,
FFFFFF,
FEFEFE,
FEFEFE,
FEFEFE,
FEFEFE,
FFFFFF,
FFFFFF,
FFFFFF,
FFFFFF,
FFFFFF,
FFFFFF,
FFFFFF,
FFFFFF,
FFFFFF,
FFFFFF,
FFFFFF,
FFFFFF,
FFFFFF,
FFFFFF,
FFFFFF,
FFFFFF,
FEFEFE,
FEFEFE,
FEFEFE,
FEFEFE,
FFFFFF,
FF00FF,
FFFF00,
FFFFFF,
FFFFFF,
FFFFFF,
FFFFFF,
FFFFFF,
FEFEFE,
FEFEFE,
FEFEFE,
FEFEFE,
FFFFFF,
FFFFFF,
00FF00,
FFFF00,
FFFFFF,
FFFFFF,
FFFFFF,
FFFFFF,
FFFFFF,
FFFFFF,
FFFFFF,
FFFFFF,
FFFFFF,
FFFFFF,
FFFFFF,
FFFFFF,
FFFFFF,
FFFFFF,
FFFFFF,
FFFFFF,
FFFFFF,
FFFFFF,
FFFFFF,
FFFFFF,
FFFFFF,
FFFFFF,
FFFFFF,
FFFFFF,
FFFFFF,
FFFFFF,
FFFFFF,
FFFFFF,
FFFFFF,
FFFFFF,
FFFFFF,
FFFFFF,
FFFF00,
FFFFFF,
FFFFFF,
FFFFFF,
FFFFFF,
FFFFFF,
FFFFFF,
FFFFFF,
FFFFFF,
FFFFFF,
FFFFFF,
FFFFFF,
FFFFFF,
FFFFFF,
FFFFFF,
FFFFFF,
FFFFFF,
FFFFFF,
FFFFFF,
00FFFF,
FFFFFF,
FFFFFF,
FFFFFF,
FFFFFF,
FFFFFF,
FFFFFF,
FEFEFF,
FEFEFE,
FEFEFE,
FFFEFE,
FFFFFF,
FFFFFF,
FFFFFF,
FFFFFF,
FFFFFF,
FFFFFF,
FFFFFF,
FFFFFF,
FFFFFF,
FFFFFF,
FFFFFF,
FFFFFF,
FFFFFF,
FFFFFF,
FFFFFF,
FFFFFF,
FFFFFF,
FFFFFF,
FFFFFF,
FFFFFF,
FFFFFF,
FFFFFF,
FFFFFF,
FFFFFF,
FFFFFF,
FFFFFF,
FFFFFF,
FFFFFF,
FFFFFF,
FFFFFF,
FFFFFF,
FFFFFF,
FFFFFF,
FEFEFE,
00FEFE,
FFFFFF,
00F5F2,
7C6357,
533628,
583728,
FF3826,
5B3926,
573A29,
51392A,
C9BDB1,
FFFFFF,
FFFFFF,
FFFFFF,
FFFFFF,
FFFFFF,
FFFFFF,
FFFFFF,
FFFFFF,
FFFFFF,
FFFFFF,
FFFFFF,
FFFFFF,
FFFFFF,
FFFFFF,
FFFFFF,
FFFFFF,
FEFEFE,
FEFEFE,
FEFEFE,
FEFEFE,
FFFFFF,
FFFFFF,
FFFFFF,
FFFFFF,
FFFFFF,
FFFFFF,
FFFF00,
FFFFFF,
FF00FF,
FFFFFF,
FFFFFF,
FFFF00,
FFFFFF,
D8CFCC,
563F37,
57372A,
553425,
51372C,
594844,
D1CBFF,
FF00FF,
FFFDFE,
FEFE00,
FDFFFE,
FCFFFE,
FDFDFD,
FFFEFF,
E7DEE0,
876D65,
563322,
532F00,
4E2C20,
462A21,
BCAEA9,
FFFFFF,
F9FCFD,
FCFFFF,
FFFFFF,
FFFFFF,
FFFFFF,
FFFFFF,
FFFFFF,
FFFFFF,
FFFFFF,
FFFFFF,
FFFFFF,
FFFFFF,
FFFFFF,
FFFFFF,
FFFFFF,
FFFFFF,
FFFFFF,
FFFFFF,
FEFEFE,
FEFEFE,
FEFEFE,
FEFEFE,
FFFFFF,
FFFFFF,
FFFFFF,
FEFFFE,
FDFEFD,
FFFEFC,
006764,
47002C,
4D3227,
4A2B1C,
4A2A17,
3F200D,
796358,
FFFEFB,
FCFFFF,
FBFFFF,
FFFFFB,
FFFFFA,
FFFFFE,
FDFFFF,
FFFFFF,
FFFFFF,
FFFFFF,
FFFFFF,
FFFFFF,
FFFFFF,
FFFFFF,
FFFFFF,
FFFFFF,
FFFFFF,
FFFFFF,
FFFFFF,
FEFEFE,
FEFEFE,
FEFEFF,
FEFFFE,
FFFFFF,
FF00FF,
FFFFFF,
FFFFFF,
FFFFFF,
FFFFFF,
FFFFFF,
FFFFFF,
FFFFFF,
FFFFFF,
FFFFFF,
FFFFFF,
FFFFFF,
FFFFFF,
FFFF00,
FF00FF,
FEFEFE,
FEFEFE,
FEFEFE,
FEFEFE,
FFFFFF,
FFFFFF,
FFFFFF,
FF00FF,
FFFFFF,
FFFFFF,
FFFFFF,
FFFFFF,
FEFEFE,
FEFEFE,
FEFEFE,
FEFEFE,
FFFFFF,
FFFFFF,
FFFFFF,
FFFFFF,
FFFFFF,
FF0000,
FFFFFF,
FFFFFF,
FFFFFF,
FFFFFF,
FF0000,
FFFFFF,
FFFFFF,
FFFFFF,
FFFFFF,
FFFFFF,
FFFFFF,
FFFFFF,
FFFFFF,
FFFFFF,
00FF00,
FFFFFF,
FFFFFF,
FFFFFF,
FFFFFF,
FFFFFF,
FFFFFF,
FFFFFF,
FFFFFF,
FFFFFF,
FFFFFF,
FFFFFF,
FFFFFF,
FFFFFF,
FFFFFF,
FFFFFF,
FFFFFF,
FFFFFF,
FFFFFF,
FFFFFF,
FFFFFF,
FFFFFF,
FFFFFF,
FFFFFF,
FFFFFF,
FFFFFF,
FFFFFF,
FFFFFF,
FFFFFF,
FFFFFF,
FFFFFF,
FFFFFF,
FFFFFF,
FFFFFF,
FFFFFF,
FFFFFF,
FFFFFF,
FFFFFF,
FFFFFF,
FFFFFF,
FFFFFF,
FFFFFF,
FFFFFF,
FFFFFF,
FFFFFF,
FFFFFF,
FFFFFF,
FFFFFF,
FFFFFF,
FFFFFF,
FFFFFF,
FFFFFF,
FFFFFF,
FFFFFF,
FFFFFF,
FFFFFF,
FFFFFF,
FFFF00,
FFFFFF,
FFFFFF,
FFFFFF,
FFFFFF,
FFFFFF,
FFFFFF,
FFFFFF,
FFFFFF,
00FFFF,
FFFFFF,
FFFFFF,
FFFFFF,
FFFFFF,
FFFFFF,
FFFFFF,
FFFFFF,
FFFFFF,
FFFFFF,
FFFFFF,
FFFFFF,
FEFEFE,
FFFDFD,
FFFFFF,
FFFFFF,
F6F1ED,
73FF4E,
520027,
573627,
5A3626,
583626,
563A2A,
554031,
D5CBC0,
FFFFFF,
FEFEFE,
FEFEFE,
FEFEFE,
FFFFFF,
FFFFFF,
FFFFFF,
FFFFFF,
FFFFFF,
FFFFFF,
FFFFFF,
FFFFFF,
FFFFFF,
FFFFFF,
FFFF00,
FFFFFF,
FFFFFF,
FFFFFF,
FFFFFF,
FFFFFF,
FFFFFF,
FFFF00,
00FFFF,
FFFFFF,
FFFFFF,
FFFFFF,
FFFFFF,
FFFFFF,
FFFFFF,
FFFFFF,
FFFFFF,
FFFFFF,
FFFFFF,
D7D0CD,
553D36,
553528,
573527,
52372C,
5C4C46,
FFCFCD,
FFFFFF,
FFFEFF,
FFFFFF,
FEFFFF,
FEFFFF,
FDFDFD,
FFFFFF,
EAE3E6,
8A7167,
5A3625,
53FF20,
4E2D21,
42261D,
B8FFA4,
FFFFFF,
FBFFFE,
FCFFFF,
FFFFFF,
FFFFFF,
FFFFFF,
FFFFFF,
FFFFFF,
FFFFFF,
FFFFFF,
FFFFFF,
FFFFFF,
FFFFFF,
FFFFFF,
FFFFFF,
FFFFFF,
FFFFFF,
FFFFFF,
FFFFFF,
FFFFFF,
FFFFFF,
FFFFFF,
FFFFFF,
FFFFFF,
FFFFFF,
FFFFFF,
FFFFFF,
FEFFFE,
FFFEFB,
887A77,
48332C,
4F3429,
482A1B,
4A2916,
41220F,
70574C,
FFF7F4,
FEFFFF,
FCFFFF,
FFFFFB,
FFFFFA,
FFFFFE,
FDFFFF,
FFFFFF,
FFFFFF,
FFFFFF,
FFFFFF,
FFFFFF,
0000FF,
FFFFFF,
00FFFF,
FFFFFF,
FFFF00,
FFFFFF,
FFFFFF,
FF00FF,
FFFFFF,
FFFFFF,
FFFFFF,
FFFFFF,
FFFFFF,
FFFFFF,
FFFFFF,
FFFFFF,
FFFFFF,
FFFFFF,
FFFFFF,
FFFFFF,
FFFFFF,
FFFFFF,
FFFFFF,
FFFFFF,
FFFFFF,
FFFFFF,
FFFFFF,
FFFFFF,
FFFFFF,
FFFFFF,
FFFFFF,
FFFFFF,
FFFFFF,
FFFFFF,
FFFFFF,
FFFFFF,
FFFFFF,
FFFFFF,
FFFFFF,
FFFFFF,
FFFFFF,
FFFFFF,
FFFFFF,
FFFFFF,
FFFFFF,
FFFFFF,
FFFFFF,
FFFFFF,
FFFFFF,
FFFFFF,
FFFFFF,
FFFFFF,
FFFFFF,
FFFFFF,
FFFFFF,
FFFFFF,
FFFFFF,
FFFFFF,
FFFFFF,
FFFFFF,
FFFFFF,
FFFFFF,
FFFFFF,
FFFFFF,
FFFFFF,
FFFFFF,
FFFFFF,
FFFFFF,
FFFFFF,
FFFFFF,
FFFFFF,
FFFFFF,
FFFFFF,
FFFFFF,
FFFFFF,
FFFFFF,
FFFFFF,
FFFFFF,
FFFFFF,
FFFFFF,
FFFFFF,
FFFFFF,
FFFFFF,
FFFFFF,
FFFFFF,
FFFFFF,
FFFFFF,
FFFFFF,
FFFFFF,
FFFFFF,
FFFFFF,
FFFFFF,
FFFFFF,
FFFFFF,
FFFFFF,
FFFFFF,
FFFFFF,
FFFFFF,
FFFF00,
FFFFFF,
FFFFFF,
FFFFFF,
FFFFFF,
FFFFFF,
FFFFFF,
FFFFFF,
FF00FF,
FFFFFF,
FFFFFF,
FFFFFF,
FFFFFF,
FFFFFF,
FFFFFF,
FFFFFF,
FFFFFF,
FFFFFF,
FFFFFF,
FFFFFF,
FFFFFF,
FF00FF,
FFFFFF,
FFFFFF,
FF00FF,
FF00FF,
00FFFF,
FFFFFF,
FFFFFF,
FFFFFF,
FFFFFF,
FF00FF,
FFFFFF,
FFFFFF,
FFFFFF,
FFFFFF,
FFFFFF,
FFFFFF,
FFFFFF,
FFFFFF,
FFFFFF,
FFFFFF,
FFFFFF,
FEFEFE,
FEFEFE,
FFFFFF,
FFFFFF,
F3EDEA,
70574B,
533527,
573627,
593525,
583728,
543A00,
5B473A,
DFD8CE,
FFFFFF,
FEFEFE,
FEFFFE,
FE00FE,
FFFFFF,
FFFFFF,
FFFFFF,
FFFFFF,
FFFFFF,
FFFFFF,
FFFFFF,
FFFFFF,
FFFFFF,
FFFFFF,
FFFFFF,
FFFFFF,
FFFFFF,
FFFFFF,
FFFFFF,
00FFFF,
FFFFFF,
FFFFFF,
FFFFFF,
FFFFFF,
FFFFFF,
FFFFFF,
00FFFF,
FFFFFF,
FFFFFF,
FFFFFF,
FFFFFF,
FFFFFF,
FFFF00,
D6CECB,
543D35,
553528,
563526,
52372C,
5D4C48,
D7D1CF,
FFFFFF,
FF00FF,
FFFFFF,
FEFFFF,
FEFFFF,
FDFDFD,
FFFFFF,
EDE5E7,
8D756B,
593525,
532F20,
4E2C21,
42271E,
B4A3FF,
FFFFFF,
FFFFFE,
FCFFFF,
FFFFFF,
FFFFFF,
FFFFFF,
FFFFFF,
FFFFFF,
FFFFFF,
FFFF00,
FFFFFF,
FFFFFF,
FFFFFF,
FFFFFF,
FFFFFF,
FFFFFF,
FFFFFF,
FFFFFF,
FFFFFF,
FFFFFF,
FFFFFF,
FFFFFF,
FFFFFF,
FFFFFF,
FFFFFF,
FFFFFF,
FEFFFE,
FFFEFD,
FFFFFF,
988B88,
4B3630,
50342A,
492A1C,
492A17,
432110,
684D43,
00EFEC,
FEFEFF,
FBFEFD,
FFFFFB,
FFFFFA,
FFFFFE,
FCFFFF,
FFFFFF,
FFFFFF,
FFFFFF,
FFFFFF,
FFFFFF,
FFFFFF,
FFFFFF,
FFFFFF,
FFFFFF,
FFFFFF,
FFFFFF,
FFFFFF,
FFFFFF,
FFFFFF,
FFFFFF,
FFFFFF,
FFFFFF,
FFFFFF,
FF00FF,
FFFFFF,
FFFFFF,
FFFFFF,
FFFFFF,
FFFFFF,
FFFFFF,
FFFFFF,
FFFFFF,
FFFFFF,
FFFFFF,
FFFFFF,
FFFFFF,
FFFFFF,
FFFFFF,
FFFFFF,
FFFFFF,
FFFFFF,
FFFFFF,
FFFFFF,
FFFFFF,
FFFFFF,
FFFFFF,
FFFFFF,
FFFFFF,
FFFFFF,
FFFFFF,
FFFFFF,
FFFFFF,
FFFFFF,
FFFFFF,
FFFFFF,
FFFFFF,
FFFFFF,
FFFFFF,
FFFFFF,
FFFFFF,
FFFFFF,
FFFFFF,
FFFFFF,
FFFFFF,
FF00FF,
FFFFFF,
FFFFFF,
FFFFFF,
FFFFFF,
FFFFFF,
FFFFFF,
FFFFFF,
FFFFFF,
FFFFFF,
FFFFFF,
FFFFFF,
FFFFFF,
FFFFFF,
FFFFFF,
FFFFFF,
FF00FF,
FFFFFF,
FFFFFF,
FFFFFF,
FFFFFF,
FFFFFF,
FFFFFF,
FFFFFF,
FFFFFF,
FFFFFF,
FFFFFF,
FFFFFF,
FFFFFF,
FFFFFF,
FFFFFF,
FFFFFF,
FFFFFF,
FFFFFF,
FFFFFF,
FFFFFF,
FFFFFF,
00FFFF,
FFFFFF,
FFFFFF,
FFFFFF,
FFFFFF,
FFFFFF,
FFFFFF,
FFFFFF,
FFFFFF,
FFFFFF,
FFFFFF,
FFFFFF,
FFFFFF,
FFFFFF,
FFFFFF,
FFFFFF,
FFFFFF,
FFFFFF,
FFFFFF,
FFFFFF,
FFFFFF,
FFFFFF,
FFFFFF,
FFFFFF,
FFFFFF,
FFFFFF,
FFFFFF,
FFFFFF,
FFFFFF,
FFFFFF,
FFFFFF,
00FFFF,
FFFFFF,
FFFFFF,
FFFFFF,
FFFFFF,
FFFFFF,
FFFFFF,
FFFFFF,
FFFFFF,
FFFFFF,
FFFFFF,
FFFFFF,
FFFFFF,
FFFFFF,
00FFFF,
FFFFFF,
FFFFFF,
FFFFFF,
FFFFFF,
FFFFFF,
FEFEFE,
FFFFFF,
FFFFFF,
EEE8E5,
6B5246,
533527,
573527,
583526,
59392A,
51372B,
624E44,
EC00DD,
00FFFF,
FEFEFE,
FEFEFE,
FEFEFE,
FFFFFF,
FFFFFF,
FFFFFF,
FFFFFF,
FFFFFF,
FFFFFF,
FFFFFF,
FFFFFF,
FFFFFF,
FFFFFF,
FFFFFF,
FFFFFF,
FFFFFF,
FFFFFF,
FFFFFF,
FFFFFF,
FFFFFF,
FFFF00,
FFFFFF,
FFFFFF,
FFFFFF,
FFFFFF,
FFFFFF,
FFFFFF,
FFFFFF,
FFFFFF,
FFFFFF,
FFFFFF,
FFFFFF,
D6CBC8,
533D34,
563629,
563526,
51372C,
5E4D49,
DAD5D3,
FFFFFF,
FFFEFF,
FFFFFF,
FEFFFF,
FDFFFF,
FEFDFD,
FFFEFF,
F0E7EA,
937A71,
583524,
522FFF,
4D2C00,
43281F,
AC9B96,
FFFFFF,
FBFFFE,
FCFFFF,
FFFFFF,
FFFFFF,
FF00FF,
FFFFFF,
FFFFFF,
FFFFFF,
FFFFFF,
FFFFFF,
FFFFFF,
FFFFFF,
FFFFFF,
FFFFFF,
FFFFFF,
FFFFFF,
FFFFFF,
FFFFFF,
FFFFFF,
FFFFFF,
FFFFFF,
FFFFFF,
FFFFFF,
FFFFFF,
FFFFFF,
FEFFFE,
FCFEFD,
FFFFFF,
AC9E00,
4B362F,
51352B,
492B1C,
492A17,
442311,
FF4137,
EEE4E2,
FFFFFF,
FD00FE,
FFFFFB,
FFFFFA,
FEFF00,
FCFFFF,
FFFFFF,
FFFFFF,
FFFFFF,
FFFFFF,
FFFFFF,
FFFFFF,
FFFFFF,
FFFFFF,
FFFFFF,
FFFFFF,
FFFFFF,
FFFFFF,
FFFFFF,
FFFFFF,
FFFFFF,
FFFF00,
FFFFFF,
FFFFFF,
FF00FF,
FFFFFF,
FFFFFF,
FFFFFF,
FFFFFF,
FFFFFF,
FFFFFF,
FFFFFF,
FFFFFF,
FFFFFF,
FF00FF,
FFFFFF,
FFFFFF,
FF00FF,
FFFFFF,
FFFFFF,
FFFFFF,
FFFFFF,
FFFFFF,
FFFFFF,
FFFFFF,
FFFFFF,
FFFFFF,
FFFFFF,
FFFFFF,
FFFFFF,
FFFFFF,
FFFFFF,
FFFF00,
FFFFFF,
FFFFFF,
FFFFFF,
FF00FF,
FFFFFF,
FFFFFF,
FFFF00,
FFFFFF,
FFFFFF,
FFFFFF,
FFFFFF,
FFFFFF,
FFFFFF,
FFFFFF,
FFFFFF,
FFFFFF,
FFFFFF,
FFFFFF,
FFFFFF,
FFFFFF,
FFFFFF,
FFFFFF,
FFFFFF,
FFFFFF,
FFFFFF,
FFFFFF,
FFFFFF,
FFFFFF,
FFFFFF,
FFFFFF,
00FFFF,
FFFFFF,
FFFFFF,
FFFFFF,
FFFFFF,
FFFFFF,
00FFFF,
FFFFFF,
FFFFFF,
FFFFFF,
FFFFFF,
FFFFFF,
FFFFFF,
FFFFFF,
FFFFFF,
FFFFFF,
FFFFFF,
FFFFFF,
FFFFFF,
FF00FF,
FFFFFF,
FFFFFF,
FFFFFF,
FFFFFF,
FFFFFF,
FFFFFF,
FFFFFF,
FFFFFF,
FFFFFF,
FFFFFF,
FF00FF,
FFFFFF,
FFFFFF,
FFFFFF,
FFFFFF,
FFFFFF,
FFFFFF,
FFFFFF,
FFFFFF,
FFFFFF,
FFFFFF,
FFFFFF,
FFFFFF,
FFFFFF,
FFFFFF,
FFFFFF,
FFFFFF,
FFFFFF,
FFFF00,
FFFFFF,
FFFFFF,
FFFFFF,
FFFFFF,
FFFFFF,
FFFFFF,
FFFFFF,
FFFFFF,
FF00FF,
FFFFFF,
FFFFFF,
FFFFFF,
FFFFFF,
FFFFFF,
FFFFFF,
FFFFFF,
FFFFFF,
FFFFFF,
FFFFFF,
FFFF00,
FFFFFF,
FFFFFF,
FFFFFF,
FFFFFF,
E900DF,
004D41,
543627,
573526,
593627,
5A3A2D,
4E3529,
6B5A4F,
F800EA,
FFFFFE,
FEFEFE,
00FEFE,
FEFEFE,
FFFFFF,
FFFFFF,
FFFFFF,
FFFFFF,
FFFFFF,
FFFFFF,
FFFFFF,
FFFFFF,
FFFFFF,
FFFFFF,
FFFFFF,
FFFFFF,
FFFFFF,
FFFFFF,
FFFFFF,
FFFFFF,
FFFFFF,
FFFFFF,
FFFFFF,
00FFFF,
FFFFFF,
FFFFFF,
FFFFFF,
FFFFFF,
FFFFFF,
FFFFFF,
FFFFFF,
FFFFFF,
FFFFFF,
D3C9C6,
523C34,
00372A,
56FF26,
51FF2C,
604F4B,
DDD8D6,
FFFFFF,
FFFEFF,
FFFFFF,
FEFFFF,
FDFFFF,
FEFFFD,
FFFEFF,
F3EB00,
998077,
583423,
532F00,
FF2B1F,
44291F,
A4938E,
FFFFFF,
FCFFFF,
FCFFFF,
FFFFFF,
FFFFFF,
FFFFFF,
FFFFFF,
FFFFFF,
FFFFFF,
FFFFFF,
FFFFFF,
FFFFFF,
FFFFFF,
FFFFFF,
FFFFFF,
00FFFF,
FFFFFF,
FF00FF,
FFFFFF,
FFFFFF,
FFFFFF,
FFFFFF,
FFFFFF,
FFFFFF,
FFFFFF,
FFFFFF,
FFFFFF,
FDFEFD,
FFFFFF,
BEB1AE,
4A352F,
53372D,
4A2C1D,
492A17,
462413,
54352C,
E4DBD9,
FFFFFF,
FEFFFE,
FFFFFB,
FFFFFA,
00FFFE,
FCFFFF,
FFFFFF,
FFFFFF,
FFFFFF,
FFFFFF,
FF00FF,
FFFFFF,
FFFFFF,
FFFFFF,
FFFFFF,
FFFFFF,
FFFFFF,
FFFFFF,
FFFFFF,
FFFFFF,
FFFFFF,
FFFFFF,
FFFFFF,
FFFFFF,
FFFFFF,
FFFFFF,
FFFFFF,
FFFFFF,
FFFFFF,
FFFFFF,
FFFFFF,
FFFFFF,
FFFFFF,
FFFFFF,
FFFFFF,
FFFFFF,
FFFFFF,
FFFFFF,
FFFFFF,
FFFFFF,
00FFFF,
FFFFFF,
FFFFFF,
FFFFFF,
FFFFFF,
FFFFFF,
FFFFFF,
FFFFFF,
FFFFFF,
FFFFFF,
00FFFF,
FFFFFF,
FFFFFF,
FFFFFF,
FFFFFF,
FFFFFF,
FFFFFF,
FFFFFF,
FFFFFF,
FFFFFF,
FFFFFF,
FFFFFF,
FFFFFF,
FFFFFF,
00FFFF,
FFFFFF,
FFFFFF,
FFFFFF,
FFFFFF,
FFFFFF,
00FFFF,
FFFFFF,
FFFFFF,
FFFFFF,
FFFFFF,
FFFF00,
FFFFFF,
FFFFFF,
FFFFFF,
FFFFFF,
FFFFFF,
00FFFF,
FFFFFF,
FFFFFF,
FFFFFF,
FFFFFF,
FFFFFF,
FFFFFF,
FFFFFF,
FFFFFF,
FFFFFF,
FFFFFF,
FFFFFF,
FFFF00,
FFFFFF,
FFFFFF,
FFFFFF,
FFFFFF,
FFFFFF,
FFFFFF,
FFFFFF,
FFFFFF,
FFFFFF,
FFFFFF,
FFFFFF,
FFFFFF,
FFFFFF,
FFFFFF,
FFFFFF,
FFFFFF,
00FFFF,
FFFFFF,
FFFFFF,
FFFFFF,
FFFFFF,
FFFFFF,
FFFFFF,
FFFFFF,
FFFFFF,
FFFFFF,
FFFFFF,
FFFFFF,
FFFFFF,
FFFFFF,
FFFFFF,
FF00FF,
FFFFFF,
FFFFFF,
FFFFFF,
FFFFFF,
FFFFFF,
FFFFFF,
FFFFFF,
FFFFFF,
FFFFFF,
FFFFFF,
FFFFFF,
FFFFFF,
FFFFFF,
FFFFFF,
FFFFFF,
FFFFFF,
FFFFFF,
FFFFFF,
FFFFFF,
FFFFFF,
FFFFFF,
FFFFFF,
FFFFFF,
FFFFFF,
FFFFFF,
FFFFFF,
FFFFFF,
FFFFFF,
FFFFFF,
FFFFFF,
E7E0DC,
634A3D,
533527,
563426,
FF3528,
58392B,
4C3500,
76FFFF,
FFFC00,
00FEFD,
FEFEFE,
FEFEFE,
FEFEFE,
FF00FF,
FFFFFF,
FFFFFF,
FFFFFF,
FFFF00,
FFFFFF,
FFFFFF,
FFFFFF,
FFFFFF,
FFFFFF,
FFFFFF,
FFFFFF,
FFFFFF,
FFFFFF,
FFFFFF,
FFFFFF,
FFFFFF,
FFFFFF,
FFFFFF,
FFFFFF,
FFFFFF,
FFFFFF,
FFFFFF,
FFFFFF,
FFFFFF,
FFFFFF,
FFFFFF,
FFFFFF,
FFFFFF,
D2FFC5,
533C00,
00372A,
560026,
51372C,
61504B,
DFDAD8,
FFFFFF,
FFFEFF,
FFFFFF,
FEFFFF,
FDFFFF,
FEFDFD,
FFFDFF,
F5EDEF,
9C847B,
003424,
522E1F,
4C2B1E,
452920,
9F8D87,
FFFFFF,
FCFFFF,
FCFFFF,
FFFFFF,
FFFFFF,
FFFFFF,
FFFFFF,
FFFFFF,
FFFFFF,
00FFFF,
FFFFFF,
FFFFFF,
FFFFFF,
FFFFFF,
FFFFFF,
FFFFFF,
FFFF00,
FFFFFF,
FFFFFF,
FFFFFF,
FFFFFF,
FFFFFF,
FFFFFF,
FFFFFF,
FFFFFF,
FFFFFF,
FFFFFF,
FCFEFC,
FFFFFF,
CDC2BE,
FF3AFF,
FF372D,
4A2C1E,
492917,
472513,
4C2B22,
DDD2D0,
FFFFFF,
FDFEFD,
FFFFFB,
FFFFFA,
FEFFFE,
FCFFFF,
FFFFFF,
FFFFFF,
FFFFFF,
FFFFFF,
FFFFFF,
FFFFFF,
FFFFFF,
FFFFFF,
FFFFFF,
FFFFFF,
FFFFFF,
FFFFFF,
FFFFFF,
FFFFFF,
FFFFFF,
FFFFFF,
FFFFFF,
FFFFFF,
FFFFFF,
FFFFFF,
FFFFFF,
FFFFFF,
FFFFFF,
FFFFFF,
FFFFFF,
FFFFFF,
FFFFFF,
FFFFFF,
FFFFFF,
FFFFFF,
FFFFFF,
FFFFFF,
FFFFFF,
FFFFFF,
FFFFFF,
FFFFFF,
FFFFFF,
FFFFFF,
FFFFFF,
FFFFFF,
FFFFFF,
FFFFFF,
FFFFFF,
FFFFFF,
FFFFFF,
FFFFFF,
FFFFFF,
FFFFFF,
FFFFFF,
FFFFFF,
FFFFFF,
FFFFFF,
FFFFFF,
FFFFFF,
FFFFFF,
FFFFFF,
FFFFFF,
FFFFFF,
FFFFFF,
FFFFFF,
FFFFFF,
FFFFFF,
FFFFFF,
FFFFFF,
FFFFFF,
FFFFFF,
FFFFFF,
FFFFFF,
FFFFFF,
FFFFFF,
FFFFFF,
FFFFFF,
FFFFFF,
FFFFFF,
FFFFFF,
FFFFFF,
FFFFFF,
FFFFFF,
FFFFFF,
FFFFFF,
FFFFFF,
FFFFFF,
FFFFFF,
FFFFFF,
FFFFFF,
FFFFFF,
FFFFFF,
FFFFFF,
FFFFFF,
FFFFFF,
FFFFFF,
FFFFFF,
FFFFFF,
FFFFFF,
FFFFFF,
FFFFFF,
FFFFFF,
FFFFFF,
FFFFFF,
FFFFFF,
FFFFFF,
FFFFFF,
FFFFFF,
FFFFFF,
FFFFFF,
FFFFFF,
FFFFFF,
FFFFFF,
00FFFF,
FFFFFF,
FEFEFF,
FEFEFE,
FEFEFE,
FEFEFE,
FFFFFF,
FFFFFF,
FFFFFF,
FFFFFF,
FFFFFF,
FFFFFF,
FFFFFF,
FFFFFF,
FFFFFF,
FFFFFF,
FFFFFF,
FFFFFF,
FFFFFF,
FFFFFF,
FFFFFF,
FFFFFF,
FFFFFF,
FFFFFF,
FFFFFF,
FFFFFF,
FFFFFF,
FFFFFF,
FFFFFF,
00FFFF,
FFFFFF,
FFFFFF,
00FFFF,
FFFFFF,
FFFFFF,
FFFFFF,
FFFFFF,
FFFFFF,
FFFFFF,
FEFEFE,
FEFEFE,
FFFFFF,
E0D8D2,
634635,
553729,
553729,
583726,
5B3927,
4D3224,
FF766F,
FFFFFD,
FFFFFF,
FFFFFF,
FFFFFF,
FFFFFF,
FFFFFF,
FFFFFF,
FFFFFF,
FFFFFF,
FFFFFF,
FFFFFF,
FFFFFF,
FFFFFF,
FFFFFF,
FFFFFF,
FFFFFF,
FFFFFF,
FEFEFE,
FEFEFE,
FEFEFE,
00FEFE,
FFFFFF,
FFFFFF,
FFFFFF,
FFFFFF,
FFFFFF,
FFFFFF,
FFFFFF,
FFFFFF,
FEFEFE,
FEFEFE,
FEFEFE,
FEFEFE,
FFFFFF,
D0C5C2,
520033,
57382A,
563526,
54392E,
6353FF,
E1DDDB,
FFFFFF,
FFFFFF,
FFFFFF,
FFFFFF,
FEFEFE,
FEFEFF,
FFFF00,
F3F0F1,
9F8B84,
553528,
502D1F,
4E2B1D,
432500,
00867E,
FFFFFD,
FCFFFF,
FBFEFE,
FFFFFF,
FFFFFF,
FFFFFF,
FFFFFF,
FFFFFF,
FFFFFF,
FFFFFF,
FFFF00,
FFFFFF,
FFFFFF,
FFFFFF,
FFFFFF,
FFFFFF,
FFFFFF,
FFFFFF,
FFFFFF,
FFFFFF,
00FFFF,
FFFFFF,
FFFFFF,
FFFFFF,
FFFFFF,
FFFFFF,
FFFFFF,
FBFDFC,
FFFFFF,
D7CFCB,
52413A,
51392F,
4E3123,
4D2B1B,
4C2715,
482516,
D4C4BE,
FFFFFF,
FCFDFF,
FFFFFC,
FFFEFB,
FFFFFE,
FEFFFF,
00FFFF,
FFFFFF,
FFFFFF,
FFFFFF,
FFFFFF,
FFFFFF,
FFFFFF,
00FFFF,
FFFFFF,
FFFFFF,
FFFFFF,
FFFFFF,
FFFFFF,
FFFFFF,
00FFFF,
FFFFFF,
FFFFFF,
FFFFFF,
FFFFFF,
FFFFFF,
FFFFFF,
FFFFFF,
FFFFFF,
FFFFFF,
FF00FF,
FFFFFF,
FFFFFF,
FFFFFF,
FF00FF,
FFFFFF,
FFFFFF,
FFFFFF,
FEFEFF,
FEFEFE,
FEFEFE,
FEFEFE,
FFFFFF,
FFFFFF,
FFFFFF,
00FFFF,
FFFFFF,
FFFFFF,
FFFFFF,
FFFFFF,
FFFFFF,
FFFFFF,
FFFFFF,
FFFFFF,
FFFFFF,
FFFFFF,
FFFFFF,
FFFFFF,
FEFEFE,
FEFEFE,
FEFEFE,
FEFEFE,
FFFFFF,
FFFFFF,
FFFFFF,
FFFFFF,
FFFFFF,
FFFFFF,
FFFFFF,
FFFFFF,
FFFFFF,
FFFFFF,
FFFFFF,
FFFFFF,
FFFFFF,
FFFFFF,
FFFFFF,
FFFFFF,
FFFFFF,
FFFFFF,
FFFFFF,
FFFFFF,
FFFFFF,
FFFFFF,
FF00FF,
FFFFFF,
FFFFFF,
FFFFFF,
FFFFFF,
FFFFFF,
FF00FF,
FFFFFF,
FFFFFF,
FFFFFF,
FFFFFF,
FFFFFF,
FFFFFF,
FFFFFF,
FFFFFF,
FFFFFF,
FFFFFF,
FFFFFF,
FFFFFF,
FFFFFF,
FFFFFF,
FFFFFF,
FFFFFF,
FFFFFF,
FFFFFF,
FFFFFF,
FFFFFF,
FFFFFF,
FFFFFF,
FFFFFF,
FFFFFF,
FFFFFF,
FEFEFE,
FEFE00,
FEFEFE,
FEFEFE,
FFFFFF,
FFFFFF,
FFFFFF,
FFFFFF,
FFFFFF,
FFFFFF,
FFFFFF,
FFFFFF,
FFFFFF,
FFFFFF,
FFFFFF,
FFFFFF,
FFFFFF,
FFFFFF,
FFFFFF,
FFFFFF,
FFFFFF,
FFFFFF,
FFFFFF,
FFFFFF,
FFFFFF,
FFFFFF,
FFFFFF,
FFFFFF,
FFFFFF,
FFFFFF,
FFFFFF,
FFFFFF,
FFFFFF,
FFFFFF,
FFFFFF,
FFFFFF,
FFFFFF,
FEFEFE,
FEFEFE,
FFFFFF,
DBD1CB,
624130,
563728,
533629,
573624,
5D3A26,
523526,
978884,
FFFFFF,
FFFFFF,
FFFFFF,
FFFFFF,
FFFFFF,
FFFFFF,
FFFFFF,
FFFF00,
FFFFFF,
FFFFFF,
FFFFFF,
FFFFFF,
FFFFFF,
FFFFFF,
00FFFF,
FFFFFF,
FFFFFF,
FFFEFE,
FEFEFE,
FEFEFE,
FFFEFE,
FFFFFF,
FFFFFF,
FFFFFF,
00FFFF,
FFFFFF,
FFFFFF,
FFFFFF,
FFFFFF,
FEFEFE,
FEFEFE,
FEFEFE,
FEFEFE,
FFFFFF,
CFC5C2,
523C33,
57382A,
563526,
543A2F,
655450,
E2DEDC,
FFFFFF,
FFFFFF,
FFFFFF,
FFFFFF,
FEFEFE,
FEFE00,
FF00FF,
F4F3FF,
A19089,
55372B,
502D20,
4F2B1D,
432417,
938077,
FFFFFB,
FCFFFF,
FCFFFF,
FFFFFF,
FFFFFF,
FFFFFF,
FFFFFF,
FFFFFF,
FFFF00,
FFFFFF,
FFFFFF,
FFFFFF,
FFFFFF,
FFFFFF,
FFFFFF,
FFFFFF,
FFFFFF,
00FFFF,
FFFFFF,
FFFFFF,
FFFFFF,
FFFFFF,
FFFFFF,
FFFFFF,
FFFFFF,
FFFFFF,
FEFFFF,
FFFDFF,
FFFEFE,
E2DCD9,
594A44,
00392F,
503225,
4EFF1D,
502816,
482312,
C5B3AC,
FFFFFF,
00FEFF,
FFFFFD,
FFFEFB,
FFFFFE,
FEFFFF,
FFFFFF,
FFFFFF,
FFFFFF,
FFFFFF,
FFFFFF,
FFFFFF,
FFFFFF,
FFFFFF,
FFFFFF,
FFFFFF,
FFFF00,
FFFFFF,
FFFFFF,
FFFFFF,
FFFFFF,
FFFFFF,
FFFFFF,
00FFFF,
FFFFFF,
FFFFFF,
FFFFFF,
FFFFFF,
FFFFFF,
FFFFFF,
FFFFFF,
00FFFF,
FFFFFF,
FFFFFF,
FFFFFF,
FFFFFF,
FFFFFF,
FFFFFF,
FEFEFE,
FEFEFE,
FEFEFE,
FEFEFE,
FFFFFF,
FFFFFF,
FFFFFF,
00FFFF,
FFFFFF,
FFFFFF,
FFFFFF,
FFFFFF,
FFFFFF,
FFFFFF,
FFFFFF,
FFFFFF,
FFFFFF,
FFFFFF,
FFFFFF,
FFFFFF,
FEFEFE,
FEFEFE,
FEFEFE,
FEFEFE,
FFFFFF,
FFFFFF,
FFFFFF,
FFFFFF,
FFFFFF,
FFFFFF,
FFFFFF,
FFFFFF,
FFFFFF,
FFFFFF,
FFFFFF,
00FFFF,
FFFFFF,
FFFFFF,
FFFFFF,
FFFFFF,
FFFFFF,
FFFFFF,
FFFFFF,
FFFFFF,
FFFFFF,
FFFFFF,
FFFFFF,
FFFFFF,
FFFFFF,
FFFFFF,
FFFFFF,
FFFFFF,
FF00FF,
FFFFFF,
FFFFFF,
FFFFFF,
FFFFFF,
FFFFFF,
FFFFFF,
FFFFFF,
FFFFFF,
FFFFFF,
FFFFFF,
FFFFFF,
FFFFFF,
FFFFFF,
FFFFFF,
FFFFFF,
FFFFFF,
FFFFFF,
FFFFFF,
FFFFFF,
FFFFFF,
FFFFFF,
FFFFFF,
FFFFFF,
FFFFFF,
FFFFFF,
FEFEFE,
FEFEFE,
FEFEFF,
FEFEFE,
FFFFFF,
FFFFFF,
FFFFFF,
FFFFFF,
FFFFFF,
FFFFFF,
FFFFFF,
FF00FF,
FFFFFF,
FFFFFF,
FFFF00,
FFFFFF,
FFFFFF,
FFFFFF,
FFFFFF,
FFFFFF,
FFFFFF,
FFFFFF,
FFFFFF,
FFFFFF,
FFFFFF,
FFFF00,
FFFFFF,
FFFFFF,
FFFFFF,
FFFFFF,
FFFFFF,
FFFFFF,
FFFFFF,
FFFFFF,
FFFFFF,
FFFFFF,
FFFFFF,
FEFEFE,
FEFEFF,
FFFFFF,
D5CAC5,
5F3C2B,
553526,
533528,
553422,
5C3924,
523626,
AC9D98,
FFFFFF,
FFFFFF,
FFFFFF,
FFFFFF,
FFFFFF,
FFFFFF,
FFFFFF,
FFFF00,
FFFFFF,
FFFFFF,
FFFFFF,
00FFFF,
FFFFFF,
FFFFFF,
FFFFFF,
FFFFFF,
FFFFFF,
FEFEFE,
FEFEFE,
FEFEFE,
FEFEFE,
FFFFFF,
FFFFFF,
FFFFFF,
FFFFFF,
FFFFFF,
FFFFFF,
FFFFFF,
FFFFFF,
FEFEFE,
FEFEFE,
FEFEFE,
FEFEFE,
FFFFFF,
CFC5C2,
533C34,
58392B,
563526,
553A2F,
675700,
E3DFDD,
FFFFFF,
FFFFFF,
FFFFFF,
FFFFFF,
FEFEFE,
FEFEFE,
FFFFFF,
F7F6F6,
00958E,
57392D,
502D20,
4F2B1D,
442619,
8C7970,
FFFFFB,
FCFFFF,
FCFFFF,
FFFFFF,
FFFFFF,
FFFFFF,
FFFFFF,
FFFFFF,
FFFFFF,
FFFFFF,
FFFFFF,
FFFFFF,
FFFFFF,
FFFFFF,
FFFFFF,
FFFFFF,
FFFFFF,
FFFFFF,
FFFFFF,
FF00FF,
FFFFFF,
FFFFFF,
FFFFFF,
FFFFFF,
FFFFFF,
FFFFFF,
FDFEFF,
FCFEFE,
FFFDFC,
EEE9E6,
62524C,
00382E,
503325,
4E2C1D,
502A17,
482313,
B5A29B,
FFFFFF,
FBFDFE,
FFFFFD,
FFFEFB,
FFFFFE,
FEFFFF,
FFFFFF,
FFFFFF,
FFFFFF,
FFFFFF,
00FFFF,
FFFFFF,
FFFFFF,
FFFFFF,
FFFFFF,
FFFFFF,
FFFFFF,
FFFFFF,
FFFFFF,
FFFFFF,
FFFFFF,
FFFFFF,
FFFFFF,
FFFFFF,
FFFFFF,
FFFFFF,
FFFFFF,
FFFFFF,
FFFFFF,
FFFFFF,
FFFFFF,
FFFFFF,
FFFFFF,
FFFFFF,
FFFFFF,
FFFFFF,
FFFFFF,
FFFFFF,
FEFEFE,
FEFEFE,
FEFEFE,
FEFEFE,
FFFFFF,
FFFFFF,
FFFFFF,
FFFFFF,
FFFFFF,
FFFF00,
FFFFFF,
FFFFFF,
FFFFFF,
FFFFFF,
FFFFFF,
FFFFFF,
FFFFFF,
FFFFFF,
FFFFFF,
FFFFFF,
FEFEFE,
FEFEFE,
FEFEFE,
FEFEFE,
FFFF00,
FFFFFF,
FFFFFF,
FFFFFF,
FFFFFF,
FFFFFF,
FFFFFF,
FFFFFF,
FFFFFF,
FFFFFF,
FFFFFF,
FFFFFF,
FFFFFF,
FFFFFF,
FFFFFF,
FFFFFF,
FFFFFF,
FFFFFF,
FFFFFF,
FFFFFF,
FFFFFF,
FFFFFF,
FFFFFF,
FFFFFF,
FFFFFF,
FFFFFF,
FFFFFF,
FFFFFF,
FFFFFF,
FFFFFF,
FFFFFF,
FFFFFF,
FFFFFF,
FFFFFF,
FFFFFF,
FFFFFF,
FFFFFF,
FFFFFF,
FFFFFF,
FFFFFF,
FF00FF,
FFFFFF,
FFFFFF,
FFFFFF,
FFFFFF,
FFFFFF,
FFFFFF,
FFFFFF,
FFFFFF,
FFFFFF,
FFFFFF,
FFFFFF,
FFFFFF,
FFFFFF,
FEFEFE,
FEFEFE,
FEFEFE,
FEFEFE,
FFFFFF,
FFFF00,
FFFF00,
FFFFFF,
FFFFFF,
FF00FF,
FFFFFF,
FFFFFF,
FFFFFF,
FFFFFF,
FFFFFF,
FFFFFF,
FF00FF,
FFFFFF,
FFFFFF,
FFFFFF,
FFFFFF,
FFFFFF,
FFFF00,
FFFFFF,
FFFFFF,
FFFFFF,
FFFFFF,
FFFFFF,
FFFFFF,
FFFFFF,
FFFFFF,
FFFFFF,
FFFFFF,
FFFFFF,
FFFFFF,
FFFFFF,
FEFEFE,
FDFDFD,
FEFEFE,
FFFFFF,
CCC1BC,
5C3827,
563527,
533629,
563523,
5B3824,
503324,
BDAF00,
FFFFFF,
FFFFFF,
FFFFFF,
FFFFFF,
FFFFFF,
FFFFFF,
FFFFFF,
FFFFFF,
FFFFFF,
FFFFFF,
FFFFFF,
FFFFFF,
FFFFFF,
FFFFFF,
FFFFFF,
FFFFFF,
FFFFFF,
FEFEFE,
FEFEFE,
FEFEFE,
FEFEFE,
FFFFFF,
FFFFFF,
FFFFFF,
FFFFFF,
FFFFFF,
FFFFFF,
FFFFFF,
FFFFFF,
FEFEFE,
FEFEFE,
FEFEFE,
FEFEFE,
FF00FF,
CFC5C2,
533C00,
59002C,
573527,
553A2F,
695854,
E3E000,
FFFFFF,
FFFFFF,
FFFFFF,
FFFFFF,
FFFFFF,
FEFEFE,
FEFEFF,
F9F8F8,
AB9A94,
593A2E,
502D20,
4F2B1D,
452619,
837068,
00FEFA,
FCFFFF,
FCFFFF,
FFFFFF,
FFFFFF,
FFFFFF,
FFFFFF,
FF00FF,
FFFFFF,
FFFFFF,
FFFFFF,
FFFFFF,
FFFFFF,
FFFFFF,
FFFFFF,
FFFFFF,
FFFFFF,
FFFFFF,
FFFFFF,
FFFFFF,
FFFFFF,
FFFFFF,
FFFFFF,
FFFFFF,
FFFFFF,
FFFFFF,
FCFDFE,
FCFDFE,
FFFFFD,
F9F4F2,
6B5B55,
4F382E,
513326,
4F2D1E,
512A18,
482413,
A5938C,
FFFFFF,
FBFDFE,
FFFFFD,
FFFEFB,
FFFFFE,
FEFFFF,
FFFFFF,
FFFFFF,
FFFFFF,
FFFFFF,
FFFFFF,
FFFFFF,
FFFFFF,
FFFFFF,
FFFFFF,
FFFFFF,
FFFFFF,
FFFFFF,
FFFFFF,
FFFFFF,
FFFFFF,
FFFFFF,
FF00FF,
FFFFFF,
FFFFFF,
FFFFFF,
FFFFFF,
FFFFFF,
FF00FF,
FFFFFF,
FFFFFF,
FFFFFF,
FFFFFF,
FFFFFF,
FFFFFF,
FFFF00,
FFFFFF,
FFFFFF,
FEFEFE,
FEFEFE,
FEFEFE,
FEFEFE,
00FFFF,
FFFFFF,
FFFFFF,
FFFFFF,
FFFFFF,
FFFFFF,
FFFFFF,
FFFFFF,
FFFFFF,
FFFFFF,
FFFFFF,
FFFFFF,
FFFFFF,
FFFFFF,
FFFFFF,
FFFFFF,
FEFEFE,
FEFEFE,
FEFEFE,
FEFEFE,
FFFFFF,
FFFFFF,
FFFFFF,
FFFFFF,
FFFFFF,
FFFFFF,
FFFFFF,
FFFFFF,
FFFFFF,
FFFFFF,
FFFFFF,
FFFF00,
FFFFFF,
FFFFFF,
FFFFFF,
FFFFFF,
FFFFFF,
FFFFFF,
FFFFFF,
FFFFFF,
FFFFFF,
FFFFFF,
FFFFFF,
FFFFFF,
FFFFFF,
FFFFFF,
FFFFFF,
FFFFFF,
FFFFFF,
FFFFFF,
FFFFFF,
FFFFFF,
FFFFFF,
FF00FF,
FFFFFF,
FFFFFF,
FFFFFF,
FFFFFF,
FFFFFF,
FFFFFF,
FFFFFF,
00FFFF,
FF00FF,
FFFF00,
FFFFFF,
FFFFFF,
FFFFFF,
FFFFFF,
FFFFFF,
FFFFFF,
FFFFFF,
FFFF00,
FFFFFF,
FFFFFF,
FEFEFE,
FEFEFE,
FEFEFE,
FEFEFE,
FFFFFF,
FFFFFF,
FFFFFF,
FFFFFF,
FFFFFF,
FFFFFF,
FFFFFF,
FFFFFF,
FFFFFF,
FFFFFF,
FFFFFF,
FFFFFF,
FFFFFF,
FFFFFF,
FFFFFF,
FFFFFF,
FFFFFF,
FFFFFF,
FFFFFF,
FFFFFF,
FFFFFF,
FFFFFF,
FFFFFF,
FFFFFF,
FFFFFF,
FFFFFF,
FFFFFF,
FFFFFF,
FFFFFF,
FFFFFF,
FF00FF,
FFFFFF,
FEFEFE,
FDFDFD,
FDFDFD,
FFFFFF,
C5BAB5,
5B3626,
583628,
56372B,
593826,
5B3A25,
543929,
CB00B9,
FFFF00,
FFFFFF,
FFFFFF,
FFFFFF,
FFFFFF,
FFFFFF,
FFFFFF,
FFFFFF,
FFFFFF,
FFFFFF,
FFFFFF,
FFFFFF,
FFFFFF,
FFFFFF,
FFFFFF,
FFFFFF,
FFFFFF,
FEFEFE,
FEFEFE,
FFFEFE,
FEFEFE,
FFFFFF,
00FFFF,
FFFFFF,
FFFFFF,
FFFFFF,
FFFFFF,
FFFFFF,
FFFFFF,
FEFEFE,
FEFEFE,
FEFEFE,
FEFEFE,
FFFFFF,
CEC5C2,
53FF34,
5A3A2D,
573627,
563C31,
6B5A56,
E5E1DF,
FF00FF,
FFFFFF,
FFFFFF,
FFFFFF,
FFFFFF,
FEFEFE,
FEFEFE,
FA00F9,
B09E98,
5B3C30,
510020,
4FFF1D,
46271B,
7C6A61,
FF00F9,
FCFFFF,
FCFFFF,
FFFFFF,
FFFFFF,
FFFFFF,
FFFF00,
FFFFFF,
FFFFFF,
FFFFFF,
FFFFFF,
FFFFFF,
00FFFF,
FFFFFF,
FFFFFF,
FFFFFF,
FFFFFF,
00FFFF,
FFFFFF,
FFFFFF,
FF00FF,
FFFFFF,
00FFFF,
FFFFFF,
FFFFFF,
FFFFFF,
FEFEFF,
FBFDFD,
FEFEFD,
FFFCFA,
786A63,
4E372D,
513427,
502E1E,
522B19,
482313,
94827B,
FFFFFF,
FAFDFD,
FFFFFD,
FFFEFB,
FF00FE,
FEFFFF,
FFFFFF,
FFFFFF,
FFFFFF,
FFFFFF,
FFFFFF,
FFFFFF,
FFFFFF,
FFFFFF,
FFFF00,
FFFFFF,
FFFFFF,
FFFFFF,
FFFFFF,
FFFFFF,
FFFFFF,
FFFFFF,
FFFFFF,
FFFFFF,
FFFFFF,
FFFFFF,
FFFFFF,
FFFFFF,
FFFFFF,
FFFFFF,
FFFFFF,
FFFFFF,
FFFFFF,
FFFFFF,
FFFFFF,
FFFFFF,
FFFFFF,
FFFFFF,
FEFEFE,
FEFEFE,
FEFEFE,
FEFFFE,
FFFFFF,
00FFFF,
FFFFFF,
FFFFFF,
FFFFFF,
FFFFFF,
FFFFFF,
FFFFFF,
FFFFFF,
FFFFFF,
FFFFFF,
FFFFFF,
FFFFFF,
FFFFFF,
0000FF,
FFFFFF,
FEFEFE,
FEFEFE,
FEFEFE,
FEFEFE,
FFFFFF,
FFFFFF,
FFFFFF,
FFFFFF,
FFFFFF,
FFFFFF,
FFFFFF,
FFFFFF,
FFFFFF,
FFFFFF,
FFFFFF,
FFFFFF,
FFFFFF,
FFFFFF,
FFFF00,
FFFFFF,
FFFFFF,
FFFF00,
FFFFFF,
FFFFFF,
FFFFFF,
FFFFFF,
FFFFFF,
FFFFFF,
FFFFFF,
FFFFFF,
FFFFFF,
FFFFFF,
00FFFF,
FFFFFF,
FFFFFF,
FFFFFF,
FFFFFF,
FFFFFF,
FFFFFF,
FFFFFF,
FFFFFF,
FFFFFF,
FFFFFF,
FFFFFF,
FFFFFF,
FFFFFF,
FF00FF,
FFFFFF,
FFFFFF,
FFFFFF,
FFFFFF,
FF00FF,
FFFFFF,
FFFFFF,
FFFFFF,
FFFFFF,
FFFFFF,
FFFFFF,
FEFEFE,
FEFEFE,
FEFEFE,
FEFEFE,
FFFFFF,
FFFFFF,
FFFFFF,
FF00FF,
FFFFFF,
FFFFFF,
FFFFFF,
FFFFFF,
FFFFFF,
FFFFFF,
FFFFFF,
FFFFFF,
FFFFFF,
FFFFFF,
FFFFFF,
FFFFFF,
FFFFFF,
FFFFFF,
FFFFFF,
FFFFFF,
FFFFFF,
FFFFFF,
FFFFFF,
FFFFFF,
FFFFFF,
FFFFFF,
FFFFFF,
FFFFFF,
FFFFFF,
FFFFFF,
FFFFFF,
FFFFFF,
FEFEFE,
FDFDFD,
FEFEFE,
FFFFFF,
BFB2AE,
5B3525,
593729,
57372B,
5A3826,
5C3B26,
5A4030,
D600C6,
FFFFFF,
FFFFFF,
FFFFFF,
FFFFFF,
FFFFFF,
FFFFFF,
FF00FF,
FFFFFF,
FFFFFF,
FFFFFF,
FFFFFF,
FFFFFF,
FFFFFF,
FFFFFF,
FFFFFF,
FFFFFF,
FFFFFF,
FEFEFE,
FEFEFE,
FEFEFE,
FEFEFE,
FFFFFF,
FFFFFF,
FFFFFF,
FFFFFF,
FFFFFF,
FFFFFF,
00FFFF,
FFFFFF,
FEFEFE,
FEFEFF,
FFFEFE,
FEFEFE,
FFFFFF,
CDC4C1,
533D34,
5B3B2E,
583728,
563BFF,
6D5C57,
E7E3E0,
FFFFFF,
FFFFFF,
FFFFFF,
FFFFFF,
00FEFE,
FDFDFD,
FEFEFE,
FBFAFA,
B4A29B,
5B3C30,
512E20,
4E2A1C,
46281B,
76635A,
FE00F8,
FCFFFF,
FCFFFF,
FFFFFF,
FFFFFF,
FFFFFF,
FFFFFF,
00FFFF,
FFFFFF,
FFFFFF,
FFFFFF,
FFFFFF,
FFFFFF,
FFFFFF,
FFFFFF,
FFFFFF,
FFFFFF,
FFFFFF,
FFFFFF,
FFFFFF,
FFFFFF,
FFFFFF,
FFFFFF,
FFFFFF,
FFFFFF,
FFFFFF,
FEFFFF,
FBFDFD,
FEFCFB,
FFFEFB,
887A74,
4D36FF,
523528,
FF2E1E,
522B19,
492514,
84716A,
FFFFFF,
FAFDFE,
FFFFFD,
FFFEFF,
FFFFFE,
FEFFFF,
FFFFFF,
FFFFFF,
00FFFF,
FFFFFF,
FFFFFF,
FFFFFF,
FFFFFF,
FFFFFF,
FFFFFF,
FFFFFF,
FFFFFF,
FFFFFF,
FFFFFF,
FFFFFF,
FFFFFF,
FFFFFF,
FFFFFF,
FFFFFF,
FFFFFF,
FFFFFF,
FFFFFF,
FFFFFF,
FFFFFF,
FFFFFF,
FFFFFF,
FFFFFF,
FFFFFF,
FF00FF,
FFFFFF,
FF00FF,
FFFFFF,
FFFFFF,
FEFEFE,
FEFEFE,
FEFEFE,
FEFEFE,
FF00FF,
FFFFFF,
FFFFFF,
FFFFFF,
FFFFFF,
FFFFFF,
FFFFFF,
FFFFFF,
FFFFFF,
FFFFFF,
FFFFFF,
FFFFFF,
FFFFFF,
FFFFFF,
FFFFFF,
FFFFFF,
FEFEFE,
FEFEFE,
FEFEFE,
FEFEFE,
FFFFFF,
FFFFFF,
FFFFFF,
FFFFFF,
FFFF00,
FFFFFF,
FFFFFF,
FFFFFF,
FFFFFF,
FFFFFF,
FFFFFF,
FFFFFF,
FFFFFF,
FFFFFF,
FFFFFF,
FFFFFF,
FFFFFF,
FFFFFF,
FFFFFF,
FFFFFF,
FFFFFF,
FFFFFF,
FFFFFF,
FFFFFF,
FFFFFF,
FFFFFF,
FFFFFF,
FFFFFF,
FFFFFF,
FFFFFF,
FFFFFF,
00FFFF,
FFFFFF,
FFFFFF,
FFFFFF,
FFFFFF,
FFFFFF,
FF00FF,
FFFFFF,
FFFFFF,
FFFFFF,
FFFFFF,
FFFFFF,
FFFFFF,
FFFFFF,
FFFFFF,
FFFFFF,
00FFFF,
FFFFFF,
FFFFFF,
FFFFFF,
FFFFFF,
FFFFFF,
FFFFFF,
FFFFFF,
FFFFFF,
FFFFFF,
FFFFFF,
FFFFFF,
FFFFFF,
FFFFFF,
FFFFFF,
FFFFFF,
FFFFFF,
FFFFFF,
FFFFFF,
FFFFFF,
FFFFFF,
FFFFFF,
FFFFFF,
FFFFFF,
FFFFFF,
FFFFFF,
FFFF00,
FFFFFF,
FFFFFF,
FFFFFF,
FFFFFF,
FFFFFF,
FFFFFF,
FFFFFF,
FFFFFF,
FFFFFF,
FFFFFF,
FFFFFF,
FFFFFF,
00FFFF,
FFFFFF,
FFFFFF,
FFFFFF,
FFFFFF,
FEFEFE,
FFFFFF,
FFFFFF,
B6A9A5,
5BFF24,
5B3729,
57362A,
583725,
5D3C27,
604736,
E3DBD4,
FFFFFF,
FFFFFF,
FFFFFF,
FFFFFF,
FFFFFF,
FFFFFF,
FFFFFF,
FFFFFF,
FFFFFF,
FFFFFF,
FFFFFF,
FFFFFF,
FFFFFF,
FFFFFF,
FFFFFF,
FFFFFF,
FFFFFF,
FFFFFF,
FFFFFF,
FFFFFF,
FFFFFF,
FFFFFF,
FFFFFF,
FF00FF,
FFFFFF,
FFFFFF,
FFFFFF,
FFFF00,
FFFFFF,
FFFFFF,
FFFFFF,
FFFFFF,
FFFFFF,
FFFFFF,
CCC3C0,
523C33,
003D2F,
593829,
543A2F,
6F5E5A,
FFE6E4,
FFFFFF,
FFFFFF,
FFFFFF,
00FFFF,
FEFEFE,
FEFEFE,
00FFFF,
FCFCFB,
B7A69F,
5C3D31,
4F2C1F,
4C281A,
47281C,
715E55,
FDFAF6,
FDFFFF,
FCFFFF,
FFFFFF,
FFFFFF,
FFFFFF,
FFFFFF,
FFFFFF,
FFFFFF,
FFFFFF,
FFFFFF,
FFFFFF,
FFFFFF,
FFFFFF,
FFFFFF,
FFFFFF,
FFFFFF,
FFFFFF,
FFFFFF,
FFFFFF,
FFFFFF,
FFFFFF,
FFFFFF,
FFFFFF,
FFFFFF,
FFFFFF,
FEFFFF,
FAFCFC,
FDFDFC,
00FFFD,
9B8D86,
4D002C,
573A2D,
512F1F,
522B19,
4BFF16,
75625B,
FEFCFD,
FFFEFF,
FFFFFD,
FFFEFB,
FFFFFE,
FEFFFF,
FF00FF,
FFFFFF,
FFFFFF,
FFFFFF,
FFFFFF,
FFFFFF,
FFFFFF,
FFFFFF,
FFFFFF,
FFFFFF,
FFFFFF,
FFFFFF,
FFFFFF,
FFFFFF,
FFFFFF,
FFFFFF,
FFFFFF,
FFFFFF,
FFFFFF,
FFFFFF,
FFFFFF,
FFFFFF,
FFFFFF,
FFFFFF,
FFFFFF,
FFFFFF,
FFFFFF,
FFFFFF,
FFFF00,
FFFFFF,
FFFFFF,
FFFFFF,
FFFFFF,
FFFFFF,
FFFFFF,
FFFFFF,
FFFFFF,
FFFFFF,
FFFFFF,
FFFFFF,
FFFFFF,
FFFFFF,
FFFFFF,
FFFFFF,
FFFFFF,
FFFFFF,
FFFFFF,
00FFFF,
FFFFFF,
FFFFFF,
FFFFFF,
FFFFFF,
FFFFFF,
FFFFFF,
FFFFFF,
FFFFFF,
FFFFFF,
FFFFFF,
FFFFFF,
FFFFFF,
FFFFFF,
FFFFFF,
FFFFFF,
FFFFFF,
FFFFFF,
FFFFFF,
FFFFFF,
FFFFFF,
FFFFFF,
00FFFF,
FFFFFF,
FFFFFF,
FFFFFF,
FFFFFF,
FFFF00,
FFFFFF,
FFFFFF,
FFFFFF,
FFFFFF,
FFFFFF,
FFFFFF,
FFFFFF,
FF00FF,
FFFFFF,
FFFFFF,
FFFFFF,
FFFFFF,
FFFFFF,
FFFFFF,
FFFFFF,
FFFFFF,
FFFFFF,
FFFF00,
FFFFFF,
FFFFFF,
FFFF00,
FFFFFF,
FFFFFF,
FFFFFF,
FFFFFF,
FFFFFF,
FFFFFF,
FFFFFF,
FFFFFF,
FFFFFF,
FFFF00,
FFFFFF,
FFFFFF,
FFFFFF,
FFFFFF,
FFFFFF,
FFFFFF,
FFFFFF,
FFFFFF,
FFFFFF,
FFFFFF,
FFFFFF,
FFFFFF,
FFFFFF,
FFFFFF,
FFFFFF,
FFFFFF,
FFFFFF,
FFFFFF,
FFFFFF,
FFFFFF,
FFFFFF,
FFFFFF,
FFFFFF,
FFFFFF,
FFFFFF,
FFFFFF,
FFFFFF,
FFFFFF,
FFFFFF,
FFFFFF,
FFFFFF,
FFFFFF,
FFFFFF,
FFFFFF,
FFFFFF,
FFFFFF,
FFFFFF,
FFFFFF,
FFFFFF,
FF00FF,
FFFFFF,
FEFE00,
FFFFFF,
FFFFFF,
B0A39E,
5C3324,
5B3629,
57362A,
583725,
5C3B26,
69FF40,
00EBE4,
FFFFFF,
FFFFFF,
FFFFFF,
FFFFFF,
FFFFFF,
FFFFFF,
FFFFFF,
FFFFFF,
FFFFFF,
FFFFFF,
FFFFFF,
FF00FF,
FFFFFF,
FFFFFF,
FFFFFF,
FFFFFF,
FFFFFF,
FFFFFF,
FFFFFF,
FFFFFF,
FFFFFF,
FFFFFF,
FFFFFF,
FFFFFF,
FFFFFF,
FFFFFF,
FFFFFF,
FFFFFF,
FFFFFF,
FFFFFF,
FFFFFF,
FFFFFF,
FFFFFF,
FFFFFF,
FFC3C0,
523CFF,
5C3CFF,
593829,
553B30,
70FF5B,
EDE8E6,
FFFFFF,
FFFFFF,
FFFFFF,
FFFFFF,
FEFEFE,
FFFEFE,
FFFF00,
FEFDFD,
BAA9A3,
5E3F33,
4F2D1F,
4D291B,
48291C,
6E5A52,
FDF7F4,
FDFFFF,
FCFFFF,
FFFFFF,
FFFFFF,
FFFFFF,
FFFFFF,
FFFFFF,
FFFFFF,
FFFFFF,
FFFFFF,
FFFFFF,
FFFFFF,
FFFFFF,
00FFFF,
FFFFFF,
FFFFFF,
FFFFFF,
FFFFFF,
FFFFFF,
FFFFFF,
FFFFFF,
FFFFFF,
FFFFFF,
FFFFFF,
FFFFFF,
FEFEFF,
FFFDFD,
FEFDFC,
00FFFF,
AEA09A,
4E372C,
5A3D30,
523020,
542E1B,
492514,
67544D,
F9F6F7,
FDFFFF,
FFFFFD,
FFFEFB,
FFFFFE,
FEFFFF,
FFFFFF,
FF00FF,
FFFFFF,
FFFFFF,
FFFFFF,
FFFFFF,
FFFFFF,
FFFFFF,
FFFFFF,
FFFFFF,
FFFFFF,
FFFFFF,
FFFFFF,
FFFFFF,
FFFFFF,
FFFFFF,
FFFFFF,
FFFFFF,
FFFFFF,
FFFFFF,
FFFFFF,
FFFFFF,
FFFFFF,
FFFFFF,
FFFFFF,
FFFFFF,
FFFFFF,
FFFFFF,
FFFFFF,
FFFFFF,
FFFFFF,
FFFF00,
FFFFFF,
FFFFFF,
FFFFFF,
FFFFFF,
FF00FF,
FFFFFF,
FFFFFF,
FFFFFF,
FFFFFF,
FFFFFF,
FFFFFF,
FFFFFF,
FFFFFF,
FFFFFF,
FFFFFF,
FFFFFF,
FFFF00,
FFFFFF,
FFFFFF,
FFFFFF,
FFFFFF,
FFFFFF,
FFFF00,
FFFFFF,
FFFFFF,
FFFFFF,
FFFFFF,
FFFFFF,
FF00FF,
FFFF00,
FFFFFF,
FFFFFF,
FF00FF,
FFFFFF,
FFFFFF,
FFFFFF,
FFFFFF,
FFFFFF,
FFFFFF,
00FFFF,
FFFFFF,
FFFFFF,
00FFFF,
FFFF00,
FFFFFF,
FFFFFF,
FFFFFF,
FFFFFF,
FFFFFF,
FFFF00,
FFFFFF,
FFFFFF,
FFFFFF,
FFFFFF,
FFFFFF,
FFFFFF,
FFFFFF,
FFFFFF,
FFFFFF,
FFFFFF,
FFFFFF,
FFFFFF,
FFFFFF,
FFFFFF,
FFFFFF,
FFFFFF,
FF00FF,
00FFFF,
FFFFFF,
FFFFFF,
FFFFFF,
FFFFFF,
FFFFFF,
FFFFFF,
FFFFFF,
FFFFFF,
FFFFFF,
FFFFFF,
FFFFFF,
FFFFFF,
FFFFFF,
FFFFFF,
FFFFFF,
FFFFFF,
FFFFFF,
00FFFF,
FFFFFF,
FFFFFF,
FFFFFF,
FFFFFF,
FFFFFF,
FFFFFF,
FFFFFF,
FFFFFF,
FFFFFF,
FFFFFF,
FFFFFF,
FFFFFF,
FFFFFF,
FF00FF,
FFFFFF,
FFFFFF,
FFFFFF,
FFFFFF,
FFFFFF,
00FFFF,
FFFFFF,
FFFFFF,
FFFFFF,
FFFFFF,
FFFFFF,
FFFFFF,
FFFFFF,
FFFFFF,
FFFFFF,
FFFFFF,
FEFE00,
FFFFFF,
009894,
5C3324,
5C3528,
58362B,
5A3927,
5A3A25,
FF5A48,
FBF5EE,
FEFFFF,
FFFFFF,
FFFFFF,
FFFFFF,
FFFFFF,
FFFFFF,
FFFFFF,
FFFFFF,
FFFFFF,
FFFFFF,
FFFFFF,
FFFFFF,
FFFFFF,
00FFFF,
FFFFFF,
FFFF00,
FFFFFF,
00FFFF,
FFFFFF,
FFFFFF,
FFFFFF,
FFFFFF,
FFFFFF,
FFFFFF,
FFFFFF,
FFFFFF,
FFFFFF,
FFFF00,
FFFFFF,
FFFFFF,
FFFFFF,
FFFFFF,
FFFFFF,
FFFFFF,
CCC2BF,
513B32,
5B3C2E,
593729,
563B30,
72625D,
EFEAE8,
FFFFFF,
FFFFFF,
FFFFFF,
FFFFFF,
FEFEFE,
FDFDFD,
FEFFFF,
FFFFFF,
BF00A7,
614236,
4F2D1F,
4F2B1D,
48291C,
6A564D,
FAF3F0,
FCFFFF,
FDFFFF,
FFFFFF,
FFFFFF,
FFFFFF,
FFFFFF,
FFFFFF,
FFFFFF,
FFFFFF,
FFFFFF,
FFFFFF,
FF00FF,
FFFFFF,
FFFFFF,
FFFFFF,
FFFFFF,
00FFFF,
FFFFFF,
FFFFFF,
FFFFFF,
FFFFFF,
FFFFFF,
FF00FF,
FFFFFF,
FF00FF,
FEFFFF,
FDFFFF,
FEFDFF,
FFFFFE,
BFFFAB,
50382E,
5A3D2F,
502E1E,
532C1A,
482413,
5E4B44,
F1FFEF,
FEFFFF,
FFFFFD,
FFFEFB,
FFFFFE,
FEFFFF,
FFFFFF,
FFFFFF,
FFFFFF,
FFFFFF,
FFFFFF,
00FFFF,
FFFFFF,
FFFFFF,
FFFFFF,
FFFFFF,
FFFFFF,
FFFFFF,
FFFFFF,
FFFFFF,
FFFFFF,
00FFFF,
FFFFFF,
FFFFFF,
FFFFFF,
FFFFFF,
FFFFFF,
FFFFFF,
FFFFFF,
FFFFFF,
FFFFFF,
FFFFFF,
FFFFFF,
FFFFFF,
FFFFFF,
FFFFFF,
FF00FF,
FFFFFF,
FFFFFF,
FFFFFF,
FFFFFF,
00FFFF,
FFFFFF,
FFFFFF,
FFFFFF,
FFFFFF,
FFFFFF,
FFFFFF,
FFFFFF,
FFFFFF,
FFFFFF,
FFFFFF,
FFFFFF,
FFFFFF,
FFFFFF,
FFFFFF,
FFFFFF,
FFFFFF,
FFFFFF,
FFFFFF,
FFFFFF,
FFFFFF,
FFFF00,
FFFFFF,
FFFFFF,
FFFFFF,
FFFFFF,
FFFFFF,
FFFFFF,
FFFFFF,
FFFFFF,
FFFFFF,
FFFF00,
FFFFFF,
FFFFFF,
FFFFFF,
FFFFFF,
FFFFFF,
FFFFFF,
FFFFFF,
FFFFFF,
FFFFFF,
FFFFFF,
FFFFFF,
FFFFFF,
FFFFFF,
FFFFFF,
FFFFFF,
FFFF00,
FFFFFF,
FFFFFF,
FFFFFF,
FFFFFF,
FFFFFF,
FFFFFF,
FFFFFF,
FFFFFF,
FFFFFF,
FFFFFF,
FFFFFF,
FFFFFF,
FFFFFF,
FFFFFF,
FFFFFF,
FF00FF,
FFFFFF,
FFFFFF,
FFFFFF,
FF00FF,
FFFFFF,
FFFFFF,
FFFFFF,
FFFFFF,
FFFFFF,
FFFFFF,
FFFFFF,
FFFFFF,
FFFFFF,
FFFFFF,
FFFFFF,
FFFFFF,
FFFFFF,
FFFFFF,
FFFFFF,
FFFFFF,
FFFFFF,
FFFFFF,
FFFFFF,
FFFFFF,
FFFFFF,
FFFFFF,
FFFFFF,
FFFFFF,
00FFFF,
FFFFFF,
FFFFFF,
FFFFFF,
FFFFFF,
FFFFFF,
FFFFFF,
FFFFFF,
FF00FF,
FFFFFF,
FFFFFF,
FFFFFF,
FFFFFF,
FFFFFF,
FFFFFF,
FFFFFF,
FFFFFF,
00FF00,
FFFFFF,
FEFEFE,
FEFEFE,
FEFEFF,
FF00FF,
9A8E89,
5D3324,
5C3428,
59372C,
5D3B29,
5A3924,
7F6A58,
FEFBF3,
FDFFFE,
FFFFFF,
FFFFFF,
FFFFFF,
FFFFFF,
FFFFFF,
FFFFFF,
FFFFFF,
FFFF00,
FFFFFF,
00FFFF,
FFFFFF,
FFFFFF,
FFFFFF,
FFFFFF,
FFFFFF,
FFFFFF,
FF00FF,
FFFFFF,
FFFFFF,
FFFFFF,
FFFFFF,
FFFFFF,
FFFFFF,
FFFFFF,
FFFFFF,
FFFFFF,
FFFFFF,
FFFFFF,
FFFFFF,
FFFFFF,
FFFFFF,
FFFFFF,
FFFFFF,
CBC1BE,
513B32,
5A3B2D,
593729,
563C31,
74645F,
EFECEA,
FFFFFF,
FFFFFF,
FFFFFF,
FF00FF,
FEFEFE,
FDFDFD,
FEFEFF,
FFFFFF,
C4B3AC,
64453A,
502D1F,
502C1E,
48291C,
655048,
F7F0EC,
FBFFFF,
FCFFFF,
FFFFFF,
FFFFFF,
FFFFFF,
FFFFFF,
FFFFFF,
FFFFFF,
FFFFFF,
FF00FF,
FFFFFF,
FFFFFF,
FFFFFF,
FFFFFF,
FFFFFF,
FFFFFF,
FFFFFF,
FFFFFF,
FFFFFF,
FFFFFF,
FFFFFF,
FFFFFF,
FFFFFF,
FFFFFF,
FFFFFF,
FEFFFF,
FCFFFF,
FFFFFC,
FFFFFF,
D0C200,
553D33,
593C2F,
523020,
512A18,
4A2600,
55423B,
E6E3E4,
FFFFFF,
FFFFFD,
FFFEFB,
FFFF00,
FEFFFF,
FFFF00,
FFFFFF,
FFFFFF,
FFFFFF,
FFFFFF,
FF00FF,
FFFFFF,
FFFFFF,
FFFFFF,
FFFFFF,
FFFFFF,
FFFFFF,
FFFFFF,
FFFFFF,
FFFFFF,
FFFFFF,
FFFFFF,
FFFFFF,
FF00FF,
FFFFFF,
FFFFFF,
FFFF00,
FFFFFF,
FFFFFF,
FFFFFF,
FFFFFF,
FFFFFF,
FFFFFF,
FFFFFF,
FFFFFF,
FFFFFF,
FFFFFF,
FFFFFF,
FFFFFF,
FFFFFF,
FFFFFF,
FFFFFF,
FFFFFF,
FFFFFF,
FFFFFF,
FFFFFF,
FFFFFF,
FFFFFF,
FFFFFF,
FFFFFF,
FFFFFF,
FFFFFF,
FFFFFF,
FFFFFF,
FFFFFF,
FFFFFF,
FFFFFF,
FFFFFF,
FFFFFF,
FFFFFF,
FFFFFF,
FFFFFF,
FFFFFF,
FFFFFF,
FFFFFF,
FFFFFF,
FFFFFF,
FFFFFF,
FFFF00,
FFFFFF,
FFFFFF,
FFFFFF,
FFFFFF,
FFFFFF,
FFFFFF,
FF00FF,
FFFFFF,
FFFFFF,
FFFFFF,
FFFFFF,
FFFFFF,
FFFFFF,
FFFFFF,
FFFFFF,
FFFFFF,
FFFFFF,
FFFFFF,
FFFF00,
FFFFFF,
FFFFFF,
FFFFFF,
FFFFFF,
FFFFFF,
FFFFFF,
FFFFFF,
FFFF00,
FF00FF,
FFFFFF,
FFFFFF,
FFFFFF,
FFFFFF,
FFFFFF,
FFFFFF,
FFFFFF,
FFFFFF,
FFFFFF,
FFFFFF,
FFFFFF,
FFFFFF,
FFFFFF,
FFFFFF,
FFFFFF,
FFFFFF,
FFFF00,
FFFFFF,
FFFFFF,
FFFFFF,
FFFFFF,
FF00FF,
FFFFFF,
FFFFFF,
FFFFFF,
FFFFFF,
FFFFFF,
FFFFFF,
FFFFFF,
FFFFFF,
FFFFFF,
FFFFFF,
FFFFFF,
FFFFFF,
FFFFFF,
FFFF00,
FFFFFF,
FFFFFF,
FFFFFF,
FFFFFF,
FFFFFF,
FFFFFF,
FFFF00,
FFFFFF,
FFFFFF,
FFFFFF,
FFFFFF,
FFFFFF,
FFFFFF,
FFFFFF,
FFFFFF,
FFFFFF,
FFFEFF,
FFFEFF,
FEFEFE,
FDFEFE,
FDFDFC,
FFFFFF,
978782,
5D3324,
5C3427,
5B372A,
5E3C2A,
583924,
8D7A6A,
FFFEF8,
FDFFFF,
FFFFFF,
FFFFFF,
FFFFFF,
FFFFFF,
FFFFFF,
FFFFFF,
FFFFFF,
FFFFFF,
FFFFFF,
FFFFFF,
FFFFFF,
FFFFFF,
FFFFFF,
FFFFFF,
FFFFFF,
FFFFFF,
FFFFFF,
FFFFFF,
FFFFFF,
FFFFFF,
FFFFFF,
FFFFFF,
FFFFFF,
FFFFFF,
FFFFFF,
FFFFFF,
FFFFFF,
FFFFFF,
FFFFFF,
FFFFFF,
FFFFFF,
FFFFFF,
FFFF00,
CBC1BD,
513A31,
5B3A2C,
5A3728,
573C30,
766660,
F0EDEA,
FFFFFF,
FFFFFF,
FFFFFF,
FFFFFF,
FEFEFE,
FCFCFC,
FEFFFF,
FFFFFF,
C6B6AF,
64473C,
4E2D1F,
512DFF,
49291C,
63FF44,
F5EDEA,
FBFEFF,
FCFFFF,
FFFFFF,
FFFFFF,
FFFFFF,
FFFFFF,
FFFFFF,
FFFFFF,
FFFFFF,
FFFFFF,
FFFFFF,
FFFFFF,
FFFFFF,
FFFFFF,
FFFFFF,
FFFFFF,
FFFFFF,
FFFFFF,
FFFFFF,
FFFFFF,
FFFFFF,
FFFFFF,
FFFFFF,
FFFFFF,
00FFFF,
FFFFFF,
FBFDFD,
FFFEFE,
FFFFFF,
D8CFC9,
5C443B,
5B3C30,
573424,
522C1A,
4B2816,
4B3730,
DCD9D7,
FFFFFF,
FEFFFE,
FFFFFC,
FFFFFE,
FEFFFF,
FFFFFF,
FFFFFF,
FF00FF,
FFFFFF,
FFFF00,
FFFFFF,
FFFFFF,
FFFFFF,
FFFFFF,
FFFFFF,
FFFFFF,
FFFFFF,
FFFFFF,
FFFFFF,
FF00FF,
FFFFFF,
FFFFFF,
FFFFFF,
FFFFFF,
FFFFFF,
FFFFFF,
FFFFFF,
FFFFFF,
FFFFFF,
FFFFFF,
FFFFFF,
FFFFFF,
FFFFFF,
FFFFFF,
FFFFFF,
FFFFFF,
FFFFFF,
FFFFFF,
FFFFFF,
FFFFFF,
FFFFFF,
FFFFFF,
FFFFFF,
FFFFFF,
FFFFFF,
FFFFFF,
FFFFFF,
FFFFFF,
00FFFF,
FFFF00,
FFFFFF,
FFFFFF,
FFFFFF,
FFFFFF,
FF00FF,
FFFFFF,
00FFFF,
FFFFFF,
FFFFFF,
00FFFF,
FFFFFF,
FFFFFF,
FFFFFF,
FFFFFF,
FFFFFF,
FF00FF,
FFFFFF,
FFFFFF,
FFFFFF,
FFFFFF,
FFFFFF,
00FFFF,
FFFF00,
FFFFFF,
FFFFFF,
FFFFFF,
FFFFFF,
FFFFFF,
FFFFFF,
FFFFFF,
FFFFFF,
FFFFFF,
FFFFFF,
FFFFFF,
FFFFFF,
FF00FF,
FFFFFF,
FFFFFF,
FFFFFF,
FFFFFF,
FFFFFF,
FFFFFF,
FFFFFF,
FFFFFF,
FFFFFF,
FFFFFF,
FFFFFF,
FFFFFF,
FFFFFF,
FFFFFF,
FFFFFF,
FFFFFF,
FFFFFF,
FFFFFF,
FFFFFF,
FFFFFF,
FFFFFF,
FFFF00,
FFFFFF,
FFFF00,
FFFFFF,
FFFFFF,
FFFFFF,
FFFFFF,
FFFFFF,
FFFFFF,
FFFFFF,
FFFFFF,
FFFFFF,
FFFFFF,
FFFFFF,
FFFFFF,
FFFFFF,
FFFFFF,
FFFFFF,
FFFFFF,
FFFFFF,
FFFF00,
00FFFF,
FFFFFF,
FFFFFF,
FFFFFF,
FFFFFF,
FFFFFF,
FFFFFF,
FFFFFF,
FFFFFF,
FFFFFF,
FFFFFF,
FFFFFF,
FFFFFF,
FFFFFF,
FFFFFF,
FFFFFF,
FFFFFF,
FFFFFF,
FFFFFF,
FFFFFF,
FFFFFF,
FFFDFF,
FFFDFF,
FEFFFF,
FAFFFD,
FCFDF9,
FFFDF9,
967D77,
5D3425,
003323,
5C3623,
613E2B,
543827,
A49389,
FFFDFA,
FFFFFF,
FFFFFF,
FFFFFF,
FFFFFF,
FFFFFF,
FFFFFF,
FFFFFF,
FFFF00,
FFFFFF,
FFFFFF,
FFFFFF,
FFFFFF,
FFFFFF,
FFFFFF,
FFFF00,
FFFFFF,
FF00FF,
FFFFFF,
FFFFFF,
FFFFFF,
FFFFFF,
FFFFFF,
FFFFFF,
FFFFFF,
FFFFFF,
FFFF00,
FFFFFF,
FFFFFF,
FFFFFF,
FFFFFF,
FFFFFF,
FFFFFF,
FFFFFF,
FFFFFE,
C8BDB9,
53392F,
5F392B,
5B3323,
593A2E,
7B6962,
F4F1EE,
FF00FF,
FFFFFF,
FFFFFF,
FFFFFF,
FFFFFF,
FFFFFF,
FEFEFE,
FFFFFF,
CBBEB9,
644B42,
4E2F22,
502C1C,
4D2B1C,
604800,
F1E8E4,
FFFFFF,
FDFFFF,
FFFFFF,
FFFFFF,
FFFFFF,
FFFFFF,
FFFFFF,
FFFFFF,
FFFFFF,
FFFFFF,
FFFFFF,
FFFFFF,
FFFFFF,
FFFFFF,
FFFFFF,
FFFFFF,
FFFFFF,
FFFFFF,
FFFFFF,
FFFFFF,
FFFFFF,
FFFFFF,
FFFFFF,
FFFFFF,
00FFFF,
FEFFFF,
FE00FF,
FFFFFF,
FFFFFF,
E2DAD7,
634F47,
593C31,
593626,
522E1B,
482915,
452F21,
D5CEC7,
FFFFFF,
FCFFFF,
FFFFFF,
FDFFFF,
FEFFFE,
FFFFFF,
FFFFFF,
FFFFFF,
FFFFFF,
FFFFFF,
FFFFFF,
FFFFFF,
FFFFFF,
FFFFFF,
FFFFFF,
FFFFFF,
FFFFFF,
FFFFFF,
FFFFFF,
FFFFFF,
FFFFFF,
FFFFFF,
FFFFFF,
FFFFFF,
FFFFFF,
FFFF00,
FFFFFF,
FFFFFF,
FFFFFF,
FFFFFF,
FFFFFF,
FFFF00,
FFFFFF,
FFFFFF,
FFFFFF,
FFFFFF,
FFFFFF,
FFFF00,
FFFFFF,
FFFFFF,
FFFFFF,
FFFFFF,
FFFFFF,
FFFFFF,
FFFFFF,
FFFFFF,
FFFFFF,
FFFFFF,
FFFFFF,
FFFFFF,
FFFFFF,
FFFFFF,
FFFFFF,
FFFFFF,
FFFFFF,
FFFFFF,
FFFFFF,
FFFFFF,
FFFFFF,
FFFFFF,
FFFFFF,
FFFFFF,
FFFFFF,
FFFFFF,
FFFFFF,
FFFFFF,
FFFFFF,
FFFFFF,
FFFFFF,
FFFFFF,
FFFFFF,
FFFFFF,
FFFFFF,
FFFFFF,
FFFFFF,
FFFFFF,
00FFFF,
FFFFFF,
FFFFFF,
FFFFFF,
FFFFFF,
FFFFFF,
FFFFFF,
FFFFFF,
FFFFFF,
FFFFFF,
FFFFFF,
FFFFFF,
FFFFFF,
FFFFFF,
FFFFFF,
FFFFFF,
FFFFFF,
FFFFFF,
FFFFFF,
FFFFFF,
FFFFFF,
FFFFFF,
FFFFFF,
FFFFFF,
FFFFFF,
FFFFFF,
FF00FF,
FFFFFF,
FFFFFF,
FFFFFF,
FFFFFF,
FFFFFF,
00FFFF,
FFFFFF,
FFFFFF,
FFFFFF,
FFFFFF,
FFFFFF,
FFFFFF,
FFFFFF,
FFFFFF,
FFFFFF,
FFFFFF,
FFFFFF,
FFFFFF,
FFFFFF,
FFFFFF,
FFFFFF,
FFFFFF,
FFFFFF,
FFFFFF,
FFFFFF,
FFFFFF,
FFFFFF,
FFFFFF,
FFFFFF,
FFFFFF,
FFFFFF,
FFFFFF,
FFFFFF,
FFFFFF,
FFFFFF,
FFFFFF,
FFFFFF,
FFFFFF,
FFFFFF,
FFFFFF,
FFFFFF,
FFFFFF,
FFFFFF,
FFFFFF,
FFFFFF,
FFFEFF,
FFFDFF,
FFFDFF,
00FFFF,
FA00FD,
FEFEF9,
00F9F4,
947770,
5C3527,
5C3423,
5DFF23,
5F3C29,
523829,
B2A49C,
FFFFFF,
FDFEFF,
FFFFFF,
FFFFFF,
FFFFFF,
FFFFFF,
FFFFFF,
FFFFFF,
FFFFFF,
FFFFFF,
FFFFFF,
FFFFFF,
FFFFFF,
FFFFFF,
FFFFFF,
FFFFFF,
FFFFFF,
FFFFFF,
FFFFFF,
FFFFFF,
FFFFFF,
FFFFFF,
FFFFFF,
FFFFFF,
FFFFFF,
FFFF00,
FFFFFF,
FFFFFF,
FFFFFF,
FFFFFF,
FFFFFF,
FFFFFF,
FFFFFF,
FFFFFF,
FFFFFF,
C6BBB7,
FF362C,
5F3BFF,
5C3524,
58392C,
7E6C65,
F5F1EE,
FFFFFF,
FFFF00,
FFFFFF,
FF00FF,
FFFFFF,
FFFFFF,
FEFEFE,
FFFF00,
CEC2BD,
654E45,
002E21,
FF2C1B,
4E2B1B,
5F453A,
EEE5E1,
FFFFFF,
FDFF00,
FFFFFF,
FFFFFF,
FFFFFF,
FFFFFF,
FFFFFF,
FFFFFF,
FFFFFF,
FFFFFF,
FFFFFF,
FFFFFF,
FFFFFF,
FFFFFF,
FFFFFF,
FFFFFF,
FFFFFF,
FFFFFF,
FFFFFF,
FFFFFF,
FFFFFF,
00FFFF,
FFFFFF,
00FFFF,
FFFFFF,
FEFFFF,
FEFFFF,
FFFFFF,
FFFFFF,
EEE6E4,
6B5852,
5B3F34,
593526,
522D1B,
4C2E18,
432D1D,
CC00B9,
FFFFFF,
FDFFFF,
00FFFF,
FCFFFF,
FEFFFD,
FFFFFF,
FFFFFF,
FFFFFF,
FFFFFF,
FFFFFF,
FFFFFF,
FFFFFF,
FFFFFF,
FFFFFF,
FFFFFF,
FFFF00,
FFFFFF,
FFFFFF,
FFFFFF,
FFFFFF,
FFFFFF,
FFFF00,
00FFFF,
FFFFFF,
00FFFF,
FFFFFF,
FF00FF,
FFFFFF,
FFFFFF,
FFFFFF,
FFFFFF,
FFFFFF,
FFFFFF,
FFFFFF,
FFFFFF,
FFFFFF,
FFFFFF,
FFFFFF,
FFFFFF,
00FFFF,
FFFFFF,
FFFFFF,
FFFFFF,
FFFFFF,
FFFFFF,
FFFFFF,
FFFFFF,
FFFFFF,
FFFFFF,
FFFFFF,
FFFFFF,
FFFFFF,
FFFFFF,
FFFFFF,
FFFFFF,
FFFFFF,
FFFFFF,
FFFFFF,
FFFFFF,
FFFFFF,
FFFFFF,
FFFFFF,
FF00FF,
FFFFFF,
FFFFFF,
FFFFFF,
FFFFFF,
FFFFFF,
FFFFFF,
FFFFFF,
FFFFFF,
FFFFFF,
FFFFFF,
FFFFFF,
FFFFFF,
FFFFFF,
FFFF00,
FFFFFF,
FFFFFF,
FFFFFF,
FFFFFF,
FFFFFF,
FFFFFF,
FFFFFF,
FFFFFF,
FFFFFF,
00FFFF,
FFFFFF,
FFFFFF,
FFFFFF,
FFFFFF,
FFFFFF,
FFFFFF,
FFFFFF,
FFFFFF,
FFFFFF,
FFFFFF,
FFFFFF,
FFFFFF,
FFFFFF,
FFFFFF,
FFFFFF,
FFFFFF,
FFFFFF,
FF00FF,
FFFFFF,
FFFFFF,
FFFFFF,
FF00FF,
FFFFFF,
FFFFFF,
FFFFFF,
FFFFFF,
FFFFFF,
FFFFFF,
FFFFFF,
FFFFFF,
FFFFFF,
FFFFFF,
FFFFFF,
FFFFFF,
FFFF00,
FFFFFF,
FFFFFF,
FFFFFF,
FFFFFF,
FFFFFF,
FFFFFF,
FFFFFF,
FFFFFF,
FFFFFF,
FFFFFF,
FFFFFF,
00FFFF,
FFFFFF,
00FFFF,
FFFFFF,
FFFFFF,
FFFFFF,
FFFFFF,
FFFFFF,
FFFFFF,
FFFFFF,
FFFFFF,
FFFFFF,
FFFFFF,
FFFFFF,
FFFFFF,
FFFEFF,
FFFDFF,
FFFDFF,
FEFFFF,
FAFFFD,
FEFFFA,
FC00F0,
8C6F68,
003500,
5C3523,
5D3724,
5E3B29,
543B2C,
FFB5AD,
FFFFFF,
FDFEFF,
FFFFFF,
FFFFFF,
FFFFFF,
FFFFFF,
FFFFFF,
FFFFFF,
FFFFFF,
FFFFFF,
FFFFFF,
FFFFFF,
FFFFFF,
FFFFFF,
FFFFFF,
FFFFFF,
FFFFFF,
FFFFFF,
FFFFFF,
FFFFFF,
FFFFFF,
FFFFFF,
FFFFFF,
FFFFFF,
FFFFFF,
FFFFFF,
FFFFFF,
FFFFFF,
FFFFFF,
FFFFFF,
FFFFFF,
FFFFFF,
FFFFFF,
FFFFFF,
FFFFFF,
C8BDB9,
523B32,
00392B,
593627,
593D31,
7B6B65,
F7F3F1,
FFFFFF,
FFFFFF,
00FFFF,
FFFFFF,
FFFFFF,
FFFFFF,
FFFEFE,
FFFFFF,
D4C8C3,
685148,
4C2E21,
4F2C1B,
4E2A1A,
5A4035,
E8DFDC,
FF00FF,
FDFFFF,
FFFFFF,
FFFFFF,
FFFFFF,
FF00FF,
FFFFFF,
FFFFFF,
FFFFFF,
FFFFFF,
FFFFFF,
FFFFFF,
FFFFFF,
FFFFFF,
FFFFFF,
FFFFFF,
FFFFFF,
00FFFF,
FFFFFF,
FFFFFF,
FFFFFF,
FFFFFF,
FF00FF,
FFFFFF,
FFFFFF,
FEFFFF,
FEFFFF,
FFFFFF,
FFFEFE,
FBF3F1,
75635C,
5B3F34,
593526,
532E1C,
4E2F1A,
402A1A,
BCAFA8,
FFFFFF,
FEFFFF,
FBFFFF,
FCFFFF,
FEFFFD,
FFFFFF,
FFFFFF,
FFFFFF,
FFFFFF,
FFFFFF,
FFFFFF,
FFFFFF,
FFFFFF,
FFFFFF,
FFFFFF,
FFFFFF,
FFFFFF,
FFFFFF,
FFFFFF,
FFFFFF,
FFFFFF,
FFFFFF,
FFFFFF,
FFFFFF,
FFFFFF,
FFFFFF,
FFFFFF,
FFFFFF,
FFFFFF,
FFFFFF,
FFFFFF,
FFFFFF,
FFFFFF,
FFFFFF,
FFFFFF,
FFFFFF,
FFFFFF,
FFFFFF,
FFFFFF,
FFFFFF,
FFFFFF,
FFFFFF,
FFFFFF,
FFFFFF,
FFFFFF,
00FFFF,
FFFFFF,
FF00FF,
FFFFFF,
FFFFFF,
FFFFFF,
FFFF00,
FFFFFF,
FFFFFF,
FFFFFF,
00FFFF,
FFFFFF,
FFFFFF,
FFFFFF,
FFFFFF,
FFFFFF,
FFFFFF,
FFFFFF,
FFFFFF,
FFFFFF,
FFFFFF,
FFFFFF,
FFFFFF,
FFFFFF,
FFFFFF,
FFFFFF,
FFFFFF,
FFFFFF,
FFFFFF,
FFFFFF,
FFFFFF,
FFFFFF,
FFFFFF,
FFFFFF,
FFFFFF,
FFFFFF,
FFFFFF,
FFFFFF,
FF00FF,
FFFFFF,
FFFFFF,
FFFFFF,
FFFFFF,
FFFFFF,
FFFFFF,
FFFFFF,
FFFFFF,
FFFFFF,
00FFFF,
FFFFFF,
FFFFFF,
FF0000,
FFFFFF,
FFFFFF,
FFFFFF,
FFFFFF,
FFFFFF,
FFFFFF,
FFFFFF,
FFFFFF,
FFFFFF,
FFFFFF,
FFFFFF,
FFFFFF,
FFFFFF,
FFFFFF,
FF00FF,
FFFFFF,
FFFFFF,
FFFFFF,
FFFFFF,
FFFFFF,
FFFFFF,
FFFF00,
FFFFFF,
FFFFFF,
FF00FF,
FFFFFF,
FFFFFF,
FFFFFF,
FFFFFF,
FFFFFF,
FFFFFF,
FFFFFF,
FFFFFF,
FFFFFF,
FFFFFF,
FFFFFF,
FFFFFF,
FFFFFF,
FFFFFF,
FFFFFF,
FFFFFF,
FFFFFF,
FFFFFF,
FFFFFF,
FFFFFF,
FF00FF,
FFFFFF,
FFFFFF,
FF00FF,
FFFFFF,
FFFFFF,
FFFEFF,
FFFDFF,
FFFDFF,
FEFFFF,
FBFFFE,
FEFFFB,
F8F2EC,
FF6761,
5B3627,
5D3625,
5D3825,
5C3B29,
594133,
CFC4BD,
FFFFFF,
FDFFFF,
FFFFFF,
FFFFFF,
FFFFFF,
FFFFFF,
FFFFFF,
FFFFFF,
FFFFFF,
FFFFFF,
FFFFFF,
FFFFFF,
FFFFFF,
FFFFFF,
FFFFFF,
FFFF00,
FFFFFF,
FFFFFF,
FFFFFF,
FFFFFF,
FFFFFF,
FFFFFF,
FFFF00,
FFFFFF,
FFFFFF,
FFFFFF,
FFFFFF,
FFFFFF,
FFFF00,
FFFFFF,
FFFFFF,
FFFFFF,
FFFFFF,
FFFFFF,
FFFFFF,
C5BBB9,
4CFF31,
003A2F,
54362A,
543BFF,
766864,
F8F4F4,
FFFFFF,
FFFFFF,
FFFFFF,
FFFFFF,
FFFFFF,
FFFFFF,
FEFEFE,
FFFFFF,
DACEC9,
6B544B,
4B2C1F,
4F2B1A,
4C2919,
563C31,
E2D9D6,
FFFFFF,
FDFFFF,
FFFFFF,
FFFFFF,
FFFFFF,
FFFFFF,
FFFFFF,
FFFFFF,
FFFFFF,
FFFFFF,
FFFFFF,
FFFFFF,
00FFFF,
00FFFF,
FFFFFF,
FFFFFF,
FFFFFF,
FFFFFF,
FFFFFF,
FFFFFF,
FFFFFF,
FFFFFF,
FFFFFF,
FFFFFF,
FFFFFF,
FEFFFF,
0000FF,
FEFFFF,
FFFEFD,
FFFBF8,
816F68,
593D32,
5A3728,
54301D,
4C2D19,
3E2718,
AA9E97,
FFFFFF,
FEFFFF,
FCFFFF,
FCFF00,
FEFFFD,
FFFFFF,
FFFFFF,
FF00FF,
FFFFFF,
FFFFFF,
FFFFFF,
FFFFFF,
FFFFFF,
FFFFFF,
FFFFFF,
FFFFFF,
FFFFFF,
FFFFFF,
FFFFFF,
FFFFFF,
FFFFFF,
FFFFFF,
FFFFFF,
FFFF00,
FFFFFF,
FFFFFF,
FFFFFF,
FFFF00,
FFFFFF,
FFFFFF,
FFFFFF,
FFFFFF,
FFFFFF,
FFFFFF,
FFFFFF,
FFFFFF,
FFFFFF,
FFFFFF,
FFFFFF,
FFFFFF,
FFFFFF,
FFFFFF,
FFFFFF,
FFFFFF,
FFFFFF,
FFFFFF,
FFFFFF,
FFFFFF,
FFFFFF,
FFFFFF,
FFFFFF,
FFFFFF,
FFFFFF,
FFFFFF,
FFFFFF,
FFFFFF,
FFFFFF,
FFFFFF,
FFFFFF,
FFFFFF,
FFFFFF,
FFFFFF,
FFFF00,
FFFF00,
00FFFF,
FFFFFF,
FFFFFF,
FFFFFF,
FFFFFF,
FFFFFF,
FFFFFF,
FFFFFF,
FFFFFF,
FFFFFF,
FFFFFF,
FFFFFF,
FFFFFF,
FFFFFF,
FFFFFF,
FFFFFF,
FFFFFF,
FFFFFF,
FFFFFF,
FFFFFF,
FFFFFF,
FFFFFF,
FFFFFF,
FFFFFF,
FFFFFF,
FFFFFF,
00FFFF,
FFFFFF,
FFFFFF,
FFFFFF,
FFFFFF,
FFFFFF,
FFFFFF,
FFFFFF,
FFFFFF,
FFFFFF,
FFFFFF,
FFFFFF,
FFFFFF,
FFFFFF,
FFFFFF,
FFFFFF,
FFFFFF,
00FFFF,
FFFFFF,
FFFFFF,
FFFF00,
FFFFFF,
FFFFFF,
FFFFFF,
FFFF00,
00FFFF,
FFFFFF,
FFFFFF,
FFFFFF,
FFFFFF,
FFFFFF,
FFFFFF,
FFFFFF,
FFFFFF,
FFFFFF,
FFFFFF,
FFFFFF,
FFFFFF,
FFFFFF,
FFFFFF,
FFFF00,
FFFFFF,
FFFFFF,
FF00FF,
FFFFFF,
FFFFFF,
FFFFFF,
FFFFFF,
FFFFFF,
FFFFFF,
FFFFFF,
FFFFFF,
FFFFFF,
FFFFFF,
FFFFFF,
FFFFFF,
FFFFFF,
FFFFFF,
FFFEFF,
FFFDFF,
FFFDFF,
FEFFFF,
FBFFFE,
FDFFFA,
F5EFE9,
7E615B,
5B3628,
5D3726,
5D3826,
5B3A28,
5F4739,
DDD4CC,
FFFFFF,
FCFEFF,
FFFFFF,
FFFFFF,
FFFFFF,
FFFFFF,
FFFFFF,
FFFFFF,
FFFFFF,
FFFFFF,
FFFFFF,
FFFFFF,
FFFFFF,
FFFFFF,
FFFFFF,
FFFFFF,
FFFFFF,
FFFFFF,
FFFFFF,
FFFFFF,
FFFFFF,
FFFFFF,
FFFFFF,
FFFFFF,
FFFFFF,
FFFFFF,
FFFFFF,
FFFFFF,
FFFFFF,
FFFFFF,
FFFFFF,
FF00FF,
FFFFFF,
FFFFFF,
00FFFF,
C5BDBB,
483833,
4C372C,
4E372C,
4C3931,
7B6F6C,
FDF9FA,
00FEFF,
FFFFFF,
FFFFFF,
FFFFFF,
FFFFFF,
FFFFFF,
FEFEFE,
FFFFFF,
DED2CD,
6D564E,
4A2C1F,
4F2B1A,
4C2919,
53392E,
DDD5D2,
FFFFFF,
FDFFFF,
FFFF00,
FFFFFF,
FFFFFF,
FFFFFF,
FFFFFF,
FFFFFF,
FFFFFF,
FFFFFF,
FFFFFF,
FFFFFF,
FFFFFF,
FFFFFF,
FFFFFF,
FFFFFF,
FFFFFF,
FFFFFF,
FFFFFF,
FFFFFF,
FFFFFF,
FFFFFF,
FFFFFF,
FFFFFF,
FFFFFF,
FEFFFF,
FDFFFF,
FEFFFF,
FFFEFD,
FFFE00,
8F817A,
594033,
5B39FF,
56301F,
4F2E1B,
412819,
008F89,
FFFFFF,
FEFFFF,
FCFFFF,
FEFFFF,
FFFFFD,
FFFFFF,
FFFFFF,
FFFFFF,
FFFFFF,
FFFFFF,
FFFFFF,
FFFFFF,
FFFFFF,
FFFF00,
FFFFFF,
FFFFFF,
FFFFFF,
FFFFFF,
FFFFFF,
FFFFFF,
FFFFFF,
FFFFFF,
FFFFFF,
FFFFFF,
FFFFFF,
FFFFFF,
FFFFFF,
FFFFFF,
FFFFFF,
FFFFFF,
FFFFFF,
FFFFFF,
FFFFFF,
FFFF00,
FFFFFF,
FFFFFF,
FFFFFF,
FFFFFF,
FFFFFF,
FFFFFF,
FF00FF,
FFFFFF,
FFFFFF,
FFFFFF,
FFFFFF,
FFFFFF,
FFFFFF,
FFFFFF,
FFFFFF,
FFFF00,
FFFFFF,
FFFFFF,
FFFFFF,
FFFFFF,
FFFFFF,
FFFFFF,
FFFFFF,
FF00FF,
FFFFFF,
FFFFFF,
FFFFFF,
FF00FF,
FFFFFF,
FFFFFF,
FFFFFF,
FFFFFF,
FFFFFF,
FFFFFF,
FFFFFF,
FFFFFF,
FFFFFF,
FFFFFF,
FFFFFF,
FFFFFF,
FFFFFF,
FFFFFF,
FFFFFF,
FFFFFF,
FFFFFF,
FFFFFF,
FFFFFF,
FFFFFF,
FFFFFF,
FFFFFF,
FFFFFF,
00FFFF,
FFFFFF,
FFFFFF,
FFFFFF,
FFFFFF,
FFFFFF,
FFFFFF,
FFFFFF,
FFFFFF,
FFFFFF,
FFFFFF,
FFFFFF,
FFFFFF,
FFFFFF,
FFFFFF,
FFFFFF,
FFFFFF,
FFFFFF,
FFFFFF,
FFFFFF,
FFFFFF,
FFFFFF,
FFFFFF,
FFFFFF,
FFFFFF,
FFFFFF,
FFFFFF,
FFFFFF,
FFFFFF,
FFFFFF,
FEFEFE,
FEFEFE,
FEFEFE,
FE00FE,
FFFFFF,
FFFFFF,
FFFFFF,
FFFFFF,
FFFFFF,
FFFFFF,
FFFFFF,
FFFFFF,
FFFF00,
FFFFFF,
FFFFFF,
FFFFFF,
FFFFFF,
FFFFFF,
FFFFFF,
FFFFFF,
FFFFFF,
FFFFFF,
FFFFFF,
FFFFFF,
FFFFFF,
FFFFFF,
FFFFFF,
FFFFFF,
FFFFFF,
FFFFFF,
FFFFFF,
FFFFFF,
FFFFFF,
FFFEFF,
FFFDFF,
FFFDFF,
FDFFFF,
FAFFFD,
FEFFFB,
F2EBE5,
785C55,
5C372A,
5E3828,
5E3927,
003827,
664F42,
E8E1DA,
FFFFFF,
FBFEFF,
FFFFFF,
00FFFF,
FFFFFF,
FFFFFF,
FFFFFF,
FFFFFF,
FFFFFF,
FFFFFF,
FFFFFF,
FFFF00,
FFFFFF,
FFFFFF,
FFFFFF,
FFFFFF,
FFFFFF,
FFFFFF,
FEFEFE,
FEFEFE,
FEFEFE,
FEFEFE,
FFFFFF,
FFFFFF,
FFFFFF,
FFFFFF,
FEFEFE,
FEFE00,
FEFEFE,
FEFEFE,
FFFFFF,
FFFFFF,
FFFFFF,
FFFFFF,
FFFEFF,
ECE7E7,
B5A9A5,
63534B,
3B2A21,
5A4C45,
C5BDBB,
FFFDFF,
FFFEFE,
FEFEFE,
FEFEFE,
FEFEFE,
FEFEFE,
FEFEFE,
FEFEFE,
FFFFFF,
E3D8D3,
6E574E,
49FF1D,
4D2918,
4B28FF,
50372B,
D9D0CC,
FFFFFF,
FDFFFF,
FFFFFF,
FFFFFF,
0000FF,
FFFFFF,
FFFFFF,
FFFFFF,
FFFFFF,
FFFFFF,
FFFFFF,
FFFFFF,
FFFFFF,
FFFFFF,
FFFFFF,
FFFF00,
00FFFF,
FFFFFF,
FEFEFE,
FEFEFE,
FEFEFE,
FEFEFE,
FFFFFF,
FFFFFF,
FFFFFF,
FDFFFF,
FBFFFE,
FD00FE,
FEFEFD,
FFFFFC,
A1928B,
594034,
5F3E2E,
542F1D,
51301D,
402618,
8E7F7A,
FFFFFF,
FEFEFF,
FDFEFF,
FEFEFE,
FEFEFD,
FFFFFF,
FFFFFF,
FFFFFF,
FFFFFF,
FFFFFF,
FFFFFF,
FFFFFF,
FFFFFF,
FFFFFF,
FFFFFF,
FFFFFF,
FFFFFF,
FFFFFF,
FFFFFF,
FFFFFF,
FFFFFF,
FFFFFF,
FFFFFF,
FFFFFF,
FFFFFF,
FFFFFF,
FFFFFF,
FFFFFF,
FFFFFF,
FFFFFF,
FFFFFF,
FFFFFF,
FFFFFF,
FFFFFF,
FFFF00,
FFFFFF,
FFFFFF,
FFFFFF,
FFFFFF,
FFFFFF,
FFFFFF,
FFFFFF,
FFFFFF,
FFFFFF,
FFFFFF,
FFFFFF,
FFFFFF,
FFFFFF,
FFFFFF,
FFFFFF,
FF00FF,
FFFFFF,
FFFFFF,
FFFFFF,
FF00FF,
FFFFFF,
FFFFFF,
FFFFFF,
FFFFFF,
FFFFFF,
FFFFFF,
FFFF00,
FFFFFF,
FFFFFF,
FFFFFF,
FFFFFF,
FFFFFF,
FFFFFF,
00FFFF,
FFFFFF,
FFFFFF,
FFFFFF,
FFFFFF,
FFFFFF,
FFFFFF,
FFFFFF,
FFFFFF,
FFFFFF,
FFFFFF,
FFFFFF,
FFFFFF,
FFFFFF,
FFFFFF,
FFFFFF,
FFFFFF,
FFFFFF,
FFFFFF,
FFFFFF,
FFFFFF,
FFFFFF,
FFFFFF,
FFFFFF,
FFFFFF,
FFFFFF,
FFFFFF,
FFFF00,
FFFFFF,
FFFFFF,
FFFFFF,
FFFFFF,
FFFFFF,
FFFFFF,
FFFFFF,
FFFFFF,
FFFFFF,
FFFFFF,
00FFFF,
FFFFFF,
FFFFFF,
FFFFFF,
FFFFFF,
FFFFFF,
FFFFFF,
FFFFFF,
FFFFFF,
FEFEFE,
FEFEFE,
FEFEFE,
FEFEFE,
FFFFFF,
FFFFFF,
FFFFFF,
FFFFFF,
FFFFFF,
FFFF00,
FFFFFF,
FFFFFF,
FFFFFF,
FFFFFF,
FFFFFF,
FFFFFF,
FFFFFF,
FFFFFF,
FFFFFF,
FFFFFF,
FFFFFF,
FFFFFF,
FFFFFF,
FFFFFF,
FFFFFF,
FFFFFF,
FFFFFF,
FFFFFF,
FFFFFF,
FFFFFF,
FFFFFF,
FFFFFF,
FFFFFF,
FFFEFF,
FFFDFF,
FFFDFF,
FDFEFE,
F9FEFC,
FFFFFC,
EEE5E0,
725750,
5C382B,
5E3829,
5D3A28,
583828,
70594D,
F4ECE7,
FFFFFF,
FCFFFF,
FFFFFF,
FFFFFF,
FFFFFF,
FFFFFF,
FFFFFF,
FFFFFF,
FFFFFF,
FFFFFF,
FFFFFF,
FFFFFF,
FFFFFF,
FFFFFF,
FFFFFF,
FFFFFF,
FFFFFF,
00FFFF,
FEFEFE,
FEFEFE,
FEFEFE,
FEFEFE,
FFFFFF,
FFFFFF,
FFFFFF,
FFFFFF,
FEFEFE,
FEFEFE,
FEFEFE,
FEFEFE,
FFFFFF,
FFFFFF,
FFFFFF,
FFFFFF,
FFFCFF,
FFFFFF,
FFFFFE,
C7BCB7,
857A74,
C4BBB6,
FFFF00,
00FBFE,
FFFEFE,
FEFEFE,
FEFEFE,
FEFEFE,
00FEFE,
FEFEFE,
FEFEFE,
FFFFFF,
E8DDD8,
725B52,
4A2C1F,
4D2918,
4C2919,
4F352A,
FFCBC8,
FFFFFF,
FDFFFF,
FFFFFF,
FFFFFF,
FFFFFF,
FFFFFF,
FFFFFF,
FFFFFF,
FFFFFF,
FFFFFF,
FFFFFF,
FFFFFF,
FFFFFF,
FFFFFF,
FFFFFF,
FFFFFF,
FFFFFF,
FFFFFF,
FEFEFE,
FE00FE,
FEFEFE,
FEFEFE,
FFFFFF,
FFFFFF,
FFFFFF,
FDFFFF,
FAFFFE,
FCFFFE,
FEFEFD,
FFFFFE,
B0A29B,
5A4135,
614131,
512E1B,
52301D,
3F2517,
7E6F69,
FFFEFF,
FEFEFF,
FDFFFF,
FEFEFE,
FEFEFD,
FFFFFF,
FFFFFF,
FFFFFF,
FFFFFF,
FFFFFF,
FFFFFF,
FFFFFF,
FFFFFF,
FFFFFF,
FFFFFF,
FFFFFF,
FFFF00,
FFFFFF,
FFFFFF,
FFFFFF,
FFFFFF,
FFFFFF,
FFFFFF,
FFFFFF,
FFFFFF,
FFFFFF,
FFFFFF,
FFFFFF,
FFFFFF,
FF00FF,
FFFFFF,
00FFFF,
FFFFFF,
FFFFFF,
FFFFFF,
FFFFFF,
FFFFFF,
FFFFFF,
FFFFFF,
FFFFFF,
FFFFFF,
FFFFFF,
FFFFFF,
FFFFFF,
FFFFFF,
FFFFFF,
FFFFFF,
FFFFFF,
FFFFFF,
FFFFFF,
FFFFFF,
FFFFFF,
FFFFFF,
FFFFFF,
FFFFFF,
FFFFFF,
FFFFFF,
FFFFFF,
FFFFFF,
FFFFFF,
FFFFFF,
FFFFFF,
FFFFFF,
FFFFFF,
FF00FF,
FFFF00,
FFFFFF,
FFFFFF,
FFFFFF,
FFFFFF,
FFFFFF,
FFFFFF,
FFFFFF,
FF00FF,
FFFFFF,
FFFFFF,
FFFFFF,
FFFF00,
FFFFFF,
FFFFFF,
FFFFFF,
FFFF00,
FFFFFF,
FFFFFF,
FFFFFF,
FFFFFF,
FFFFFF,
FFFFFF,
FFFFFF,
FFFFFF,
FFFFFF,
FFFFFF,
FFFFFF,
FFFFFF,
FFFFFF,
FFFFFF,
FFFFFF,
FFFFFF,
FFFFFF,
FFFFFF,
FFFFFF,
FFFFFF,
FFFFFF,
FFFFFF,
FFFFFF,
FFFFFF,
FFFFFF,
FFFFFF,
FF00FF,
FFFFFF,
FFFFFF,
FFFFFF,
FFFFFF,
FFFFFF,
FFFFFF,
FEFEFE,
FEFEFE,
FEFEFE,
FEFEFE,
FFFFFF,
FFFFFF,
FFFFFF,
FFFFFF,
FFFFFF,
FFFFFF,
FFFFFF,
FFFFFF,
FFFFFF,
FFFFFF,
FFFFFF,
FFFFFF,
FFFFFF,
FFFFFF,
FFFFFF,
FFFFFF,
FFFFFF,
FFFFFF,
FFFFFF,
FFFFFF,
FFFFFF,
FFFFFF,
FFFFFF,
FFFFFF,
FFFF00,
FFFFFF,
FFFFFF,
FFFFFF,
FFFFFF,
00FEFF,
FFFDFF,
FFFDFF,
FDFFFF,
FAFFFD,
FFFFFB,
EBE0DB,
6D524B,
5B382C,
5D392A,
5D3A29,
573829,
796358,
FEF8F3,
FFFFFF,
FBFEFF,
FF00FF,
FFFFFF,
FFFFFF,
FFFFFF,
FFFFFF,
FFFFFF,
00FFFF,
FFFFFF,
FFFFFF,
FFFFFF,
FFFFFF,
FFFFFF,
FFFFFF,
FFFFFF,
FFFFFF,
FFFFFF,
FEFEFE,
FEFEFE,
FEFEFE,
FE00FE,
FFFFFF,
FFFFFF,
FFFFFF,
FFFFFF,
FEFEFE,
FEFEFE,
FEFEFE,
FEFFFE,
FFFFFF,
FFFFFF,
FFFFFF,
FFFFFF,
FFFDFF,
FEFCFE,
FEFCFA,
FFFDF9,
FFFDF9,
FFFFFC,
FFFDFD,
FEFCFE,
FDFCFD,
FEFEFE,
FEFEFE,
FEFEFE,
FEFEFE,
FEFEFE,
FEFEFE,
FFFFFF,
ECE1DB,
765F56,
4C2E21,
4E2A19,
FF2A1A,
4C3227,
D0C7C3,
FFFFFF,
FDFFFF,
FFFFFF,
FFFFFF,
FFFFFF,
FFFFFF,
FFFFFF,
FFFFFF,
FFFFFF,
FFFFFF,
FFFFFF,
FFFFFF,
FFFFFF,
FFFFFF,
FFFFFF,
FFFF00,
FFFFFF,
FFFFFF,
FEFEFE,
FEFEFE,
FEFEFE,
00FEFE,
FFFFFF,
FFFFFF,
FFFFFF,
FDFFFF,
FAFFFE,
FAFFFE,
FDFFFF,
FFFFFF,
BFB4AC,
FF4337,
6142FF,
54311E,
532F1C,
422719,
6F5F59,
FFFBFA,
FFFEFF,
FEFEFF,
FEFEFF,
FFFEFD,
FFFFFF,
FFFFFF,
FFFFFF,
FFFFFF,
FFFFFF,
FFFFFF,
FFFFFF,
FFFFFF,
FFFFFF,
FFFFFF,
FFFFFF,
FFFFFF,
FFFFFF,
FFFFFF,
FFFFFF,
FFFFFF,
FFFFFF,
FFFFFF,
00FFFF,
FFFFFF,
FFFFFF,
FFFFFF,
FFFFFF,
FFFFFF,
FFFFFF,
FFFFFF,
00FFFF,
00FFFF,
FFFF00,
FFFFFF,
FFFFFF,
FFFFFF,
FFFFFF,
FFFFFF,
FFFFFF,
FFFFFF,
FFFFFF,
FFFFFF,
FFFFFF,
FFFFFF,
FFFFFF,
FFFFFF,
FFFFFF,
FFFFFF,
FF00FF,
FFFFFF,
FFFFFF,
FFFFFF,
FFFFFF,
FFFFFF,
FFFFFF,
FFFFFF,
FFFFFF,
FFFFFF,
FFFFFF,
FFFFFF,
FFFFFF,
FFFFFF,
FFFFFF,
FFFFFF,
FFFFFF,
00FFFF,
FFFFFF,
FFFFFF,
FFFFFF,
FFFFFF,
FFFFFF,
FFFFFF,
FFFFFF,
FF00FF,
FFFFFF,
FFFFFF,
FFFFFF,
00FFFF,
FFFFFF,
FFFFFF,
FFFFFF,
FFFFFF,
FFFFFF,
FFFFFF,
FFFFFF,
FFFFFF,
FFFFFF,
FFFFFF,
FFFFFF,
FFFFFF,
FFFFFF,
FFFFFF,
FFFFFF,
FFFFFF,
FFFFFF,
FFFFFF,
FFFFFF,
FFFFFF,
FFFFFF,
FFFFFF,
FFFFFF,
FFFFFF,
FFFFFF,
FFFF00,
FFFFFF,
FFFFFF,
FFFFFF,
FFFFFF,
FFFFFF,
FFFF00,
FFFFFF,
FFFFFF,
FFFFFF,
FFFF00,
FEFEFE,
FEFEFE,
FEFEFE,
FEFEFE,
FFFFFF,
FFFFFF,
FFFFFF,
00FFFF,
FFFFFF,
FFFFFF,
FFFFFF,
FFFFFF,
FFFFFF,
FFFFFF,
FFFFFF,
FFFFFF,
FFFFFF,
FFFFFF,
FFFFFF,
FFFFFF,
FFFFFF,
00FFFF,
FFFFFF,
FFFFFF,
FFFFFF,
FF00FF,
FFFFFF,
00FFFF,
FFFFFF,
FFFFFF,
FFFFFF,
FFFFFF,
FF0000,
FFFEFF,
0000FF,
FFFDFF,
FEFFFF,
FBFFFE,
FFFFFC,
E7DAD5,
684D47,
5A382C,
5C382A,
5E3A2A,
5537FF,
867267,
FFFEF9,
FEFFFF,
FBFFFF,
FFFFFF,
FF00FF,
FFFFFF,
FFFFFF,
FFFF00,
FFFFFF,
FFFFFF,
FFFFFF,
FFFFFF,
FFFFFF,
FFFFFF,
FFFFFF,
FFFFFF,
FFFFFF,
FFFF00,
FFFFFF,
FFFEFE,
FEFEFE,
00FEFE,
FEFEFE,
FFFFFF,
FFFF00,
FFFFFF,
FFFFFF,
FEFEFE,
00FEFE,
FEFEFE,
FEFEFE,
FFFFFF,
FFFFFF,
FFFFFF,
FFFFFF,
FFFE00,
FEFDFE,
FDFBFB,
FDFFFC,
F9F9F6,
FCFBFA,
FEFDFE,
FEFCFE,
FEFEFF,
FEFEFE,
FEFEFE,
FEFEFE,
FEFEFE,
FEFEFE,
FEFEFE,
FFFFFF,
EFE4DF,
79625A,
4C2E21,
4C2918,
4C2919,
492F24,
C8C0BD,
FFFFFF,
FDFFFF,
FFFFFF,
FFFFFF,
FFFFFF,
FFFFFF,
FFFFFF,
FFFFFF,
FFFFFF,
FFFFFF,
FFFFFF,
FFFFFF,
FFFFFF,
FFFFFF,
FFFFFF,
FFFFFF,
FFFFFF,
FFFFFF,
FEFEFE,
FEFEFE,
FEFEFE,
FEFEFE,
FFFFFF,
FFFFFF,
FFFFFF,
FDFFFF,
F9FFFE,
FAFFFE,
FDFFFD,
FFFFFE,
CEC2BA,
5C0038,
614332,
573421,
512E1B,
462A1D,
665400,
FCF6F6,
FFFEFF,
FEFDFF,
FFFDFE,
FF00FD,
FFFFFF,
FFFFFF,
FFFFFF,
FFFFFF,
FFFFFF,
FFFFFF,
FFFFFF,
FFFFFF,
FF00FF,
FFFFFF,
FFFFFF,
FFFFFF,
FFFFFF,
FFFFFF,
FFFFFF,
FFFFFF,
FFFFFF,
FFFFFF,
FFFFFF,
FFFFFF,
FFFFFF,
00FFFF,
FFFF00,
FFFFFF,
FFFFFF,
FFFFFF,
FFFFFF,
FF00FF,
FFFFFF,
FFFFFF,
FFFFFF,
FFFFFF,
FFFFFF,
FFFFFF,
FFFFFF,
FFFFFF,
FFFFFF,
FFFFFF,
FFFFFF,
FFFFFF,
FFFFFF,
FFFFFF,
FFFFFF,
FFFFFF,
FFFFFF,
FFFFFF,
FFFFFF,
FFFFFF,
FFFFFF,
FFFFFF,
FFFFFF,
FFFFFF,
FFFFFF,
FFFFFF,
00FFFF,
FFFFFF,
FFFFFF,
FFFFFF,
FFFFFF,
FFFFFF,
FFFFFF,
FFFFFF,
FFFFFF,
FFFFFF,
FFFFFF,
FFFFFF,
FFFFFF,
FFFFFF,
FFFFFF,
FFFFFF,
FFFFFF,
FFFFFF,
FFFFFF,
FFFFFF,
FFFFFF,
FFFFFF,
FFFFFF,
FFFFFF,
FFFFFF,
FFFFFF,
FFFFFF,
FFFFFF,
FFFFFF,
FFFFFF,
FFFFFF,
FFFFFF,
FFFFFF,
FFFFFF,
FFFFFF,
FFFFFF,
FFFFFF,
FFFFFF,
FFFFFF,
FFFFFF,
FFFFFF,
FFFFFF,
FFFF00,
FFFFFF,
FFFFFF,
00FFFF,
FFFFFF,
00FFFF,
FFFFFF,
FFFFFF,
FFFFFF,
FF00FF,
FFFFFF,
FFFFFF,
FFFFFF,
FFFFFF,
FEFEFE,
FFFEFE,
FEFEFE,
FEFFFE,
FFFFFF,
FFFFFF,
FFFFFF,
FFFFFF,
FFFFFF,
FFFFFF,
FFFFFF,
00FFFF,
FFFFFF,
FFFFFF,
FFFFFF,
FFFFFF,
FF00FF,
FFFFFF,
FFFFFF,
FFFFFF,
FFFFFF,
FFFFFF,
FFFFFF,
FFFFFF,
FFFFFF,
FFFFFF,
FFFFFF,
FFFFFF,
00FFFF,
FFFFFF,
FFFFFF,
FFFFFF,
FFFFFF,
FFFEFF,
FFFDFF,
FFFDFF,
FEFFFF,
FAFFFD,
FEFFFB,
E1D5CF,
634843,
5A372D,
5B392B,
5D3B2C,
543627,
9C897D,
FFFFF9,
FDFFFF,
FBFFFF,
FFFFFF,
FFFFFF,
FFFF00,
FFFFFF,
FFFFFF,
FFFFFF,
FFFFFF,
FFFFFF,
FFFFFF,
FFFFFF,
FFFFFF,
FFFFFF,
FFFFFF,
FFFFFF,
FFFFFF,
FFFFFF,
FEFEFE,
FEFEFE,
FEFEFE,
FEFEFE,
FFFFFF,
FFFFFF,
FFFFFF,
FFFFFF,
FEFEFE,
FEFEFE,
FFFEFE,
FEFEFE,
FFFFFF,
FFFFFF,
FFFFFF,
FFFFFF,
FDFBFF,
FEFDFF,
FFFFFF,
FCFFFE,
F8FBF9,
FBFCFC,
FFFDFE,
FBF9FC,
FEFDFE,
FE00FE,
FEFEFE,
FEFEFE,
FEFEFE,
FEFEFE,
FEFEFE,
FFFFFF,
FFE9E4,
7E675E,
4E2F23,
4D2A18,
4D2919,
462C21,
C2BAB6,
FFFFFF,
FCFFFF,
FFFFFF,
FFFFFF,
00FFFF,
FFFFFF,
FFFFFF,
00FFFF,
FFFFFF,
FFFFFF,
FFFFFF,
FFFFFF,
FFFFFF,
FFFFFF,
FFFFFF,
FFFFFF,
FFFFFF,
FF00FF,
FEFEFE,
00FEFE,
FE00FE,
FEFEFE,
FFFFFF,
FFFF00,
FFFFFF,
FDFFFF,
F9FFFE,
FAFFFE,
FDFFFD,
FFFFFD,
DCD1C9,
624A3E,
5F4231,
58FF24,
502D1A,
462A1D,
5E4C47,
F2EBEC,
FFFFFF,
FEFEFF,
FFFDFE,
FFFEFD,
FFFFFF,
FFFFFF,
FFFFFF,
FFFFFF,
00FFFF,
FFFFFF,
FFFFFF,
FFFFFF,
FFFFFF,
FFFFFF,
FFFFFF,
FF00FF,
FFFFFF,
FFFFFF,
FFFF00,
FFFF00,
FFFFFF,
FFFFFF,
FFFFFF,
FFFFFF,
FFFFFF,
FFFFFF,
FFFFFF,
FFFFFF,
FFFFFF,
FFFFFF,
FFFFFF,
FFFFFF,
FFFFFF,
FFFFFF,
FFFFFF,
FFFFFF,
FFFF00,
FFFFFF,
FFFFFF,
FFFFFF,
FFFFFF,
FFFFFF,
FFFFFF,
FFFFFF,
FF00FF,
FFFFFF,
FFFFFF,
FFFFFF,
FFFFFF,
FFFFFF,
FFFFFF,
FFFFFF,
FFFFFF,
FFFFFF,
FFFFFF,
FFFFFF,
FFFFFF,
FFFFFF,
FFFFFF,
FFFFFF,
FFFFFF,
FFFFFF,
FFFFFF,
FFFFFF,
FFFFFF,
FFFFFF,
FFFFFF,
FFFFFF,
FFFFFF,
FFFFFF,
FFFFFF,
FFFFFF,
FFFFFF,
FFFFFF,
FFFFFF,
FFFFFF,
FFFFFF,
FFFFFF,
FFFFFF,
FFFFFF,
FFFFFF,
FFFFFF,
FFFFFF,
FFFFFF,
FFFFFF,
FFFFFF,
FFFFFF,
FFFFFF,
FFFFFF,
FFFFFF,
FFFFFF,
FFFFFF,
FFFFFF,
FFFFFF,
FFFFFF,
FFFFFF,
FFFFFF,
FFFFFF,
FFFFFF,
FFFFFF,
FFFFFF,
FFFFFF,
FFFFFF,
FFFFFF,
FFFFFF,
FFFFFF,
FFFF00,
FFFF00,
FFFFFF,
FFFFFF,
FFFFFF,
FFFFFF,
FFFFFF,
FFFFFF,
FEFEFE,
FEFEFE,
FEFEFE,
FEFEFE,
FFFFFF,
FFFFFF,
FFFFFF,
FFFFFF,
FFFFFF,
FFFFFF,
FFFFFF,
FFFFFF,
FFFFFF,
FFFFFF,
FFFFFF,
FFFFFF,
FFFF00,
FFFFFF,
FFFFFF,
FFFFFF,
FFFFFF,
FFFFFF,
FFFFFF,
FFFFFF,
FFFFFF,
FFFFFF,
FFFFFF,
FFFFFF,
FFFFFF,
FFFFFF,
00FFFF,
FFFFFF,
00FFFF,
FFFFFF,
FFFEFF,
FFFEFF,
FEFFFF,
FAFEFD,
FDFEFB,
FFCFFF,
60443B,
5A382B,
5D3829,
5F3B2A,
553728,
B09D94,
FFFEFB,
FDFFFE,
FBFFFE,
FFFFFF,
FFFFFF,
FFFFFF,
FFFFFF,
00FFFF,
FFFFFF,
FFFFFF,
FFFFFF,
FFFFFF,
FFFFFF,
FFFFFF,
FFFFFF,
FFFFFF,
FF00FF,
FFFFFF,
FFFFFF,
FEFEFE,
FEFFFE,
FEFEFE,
FEFEFE,
FFFFFF,
FFFFFF,
FFFFFF,
FFFFFF,
FEFEFE,
FEFFFE,
FEFEFE,
FEFEFE,
FFFFFF,
FFFFFF,
FFFFFF,
FFFF00,
FEFEFF,
FFFFFF,
FEFEFF,
FCFEFE,
FBFEFE,
FDFEFE,
FDFDFE,
FFFEFF,
FEFEFE,
FEFEFE,
FEFEFF,
FEFE00,
FEFEFE,
FEFEFE,
FEFEFE,
FFFFFF,
F6ECE8,
826C64,
003125,
4F2C1C,
4E2B1C,
442A1F,
BFB5B1,
FFFFFF,
FCFEFF,
FFFFFF,
FFFFFF,
FFFFFF,
FFFF00,
FFFFFF,
FFFFFF,
FFFFFF,
FFFFFF,
FFFFFF,
FFFFFF,
FFFFFF,
FFFFFF,
FFFFFF,
FFFFFF,
FFFFFF,
FFFFFF,
FEFEFE,
FEFEFE,
FEFEFE,
FE00FE,
FFFFFF,
FFFFFF,
FFFFFF,
FDFFFF,
FBFFFE,
FBFFFE,
FDFFFD,
FFFFFE,
E3DED7,
685244,
5E402E,
5A3722,
542F1B,
4A2C1C,
59443C,
E7DFDD,
FFFFFF,
FFFDFF,
FFFDFE,
FFFEFD,
FFFFFF,
FFFFFF,
FFFFFF,
FFFFFF,
FFFFFF,
FFFFFF,
FFFFFF,
FFFFFF,
FFFFFF,
FFFFFF,
FFFFFF,
FFFFFF,
FFFFFF,
FFFFFF,
FFFFFF,
FFFFFF,
FFFFFF,
FFFFFF,
FFFFFF,
FFFFFF,
FFFFFF,
00FFFF,
FFFFFF,
FFFFFF,
FFFFFF,
FFFFFF,
FF00FF,
FFFFFF,
FFFFFF,
FFFFFF,
FFFFFF,
FFFFFF,
FFFFFF,
FFFFFF,
FFFFFF,
FFFFFF,
FFFFFF,
FFFFFF,
FFFFFF,
FFFFFF,
FFFFFF,
FFFFFF,
FFFFFF,
FFFFFF,
FFFFFF,
FFFFFF,
FFFFFF,
FFFFFF,
FFFFFF,
FFFFFF,
FFFFFF,
FFFFFF,
FFFFFF,
FFFFFF,
FFFFFF,
FFFFFF,
FFFFFF,
FFFFFF,
FFFFFF,
FFFFFF,
FFFFFF,
FFFFFF,
FFFFFF,
FFFFFF,
FFFFFF,
FFFFFF,
FFFFFF,
FFFFFF,
FFFFFF,
FFFFFF,
FFFFFF,
FFFFFF,
FFFFFF,
FF00FF,
FFFFFF,
FFFFFF,
FFFFFF,
FFFFFF,
FFFFFF,
FFFFFF,
FFFFFF,
FFFFFF,
FFFFFF,
FFFFFF,
FFFFFF,
FFFFFF,
FFFFFF,
FFFFFF,
FFFFFF,
FFFFFF,
FFFFFF,
FFFFFF,
FFFFFF,
FFFFFF,
FFFFFF,
FFFFFF,
FFFFFF,
FFFFFF,
FFFFFF,
FFFFFF,
FFFFFF,
FFFFFF,
FFFFFF,
FFFF00,
FFFFFF,
FFFFFF,
FFFFFF,
FFFFFF,
FFFFFF,
FFFFFF,
FFFFFF,
FFFFFF,
FFFFFF,
FFFFFF,
FFFFFF,
FFFFFF,
FFFFFF,
FFFFFF,
FFFFFF,
FFFFFF,
FFFFFF,
FFFFFF,
FFFFFF,
FFFFFF,
FFFFFF,
FFFFFF,
FFFFFF,
FFFFFF,
FFFFFF,
FFFFFF,
FFFFFF,
00FFFF,
FFFFFF,
FFFFFF,
FFFFFF,
FFFFFF,
FFFFFF,
FFFFFF,
FFFFFF,
FFFFFF,
FFFFFF,
FFFFFF,
FEFFFF,
00FFFF,
FFFFFD,
FFFEFC,
FFFFFF,
FCFD00,
FFFFFF,
D9C6BC,
004130,
5D3926,
613900,
643924,
5B3A2D,
BDACA9,
FFFFFF,
FEFFFB,
FEFFFA,
FFFFFE,
FFFFFF,
FFFFFF,
FFFFFF,
FFFFFF,
FFFFFF,
FFFFFF,
FFFFFF,
FFFFFF,
FFFFFF,
FFFFFF,
FFFFFF,
FFFFFF,
FFFFFF,
FFFFFF,
FFFFFF,
FFFFFF,
FFFFFF,
FFFFFF,
FFFFFF,
FFFFFF,
00FFFF,
FFFFFF,
FFFFFF,
FFFFFF,
FFFFFF,
FFFFFF,
FFFFFF,
FFFFFF,
FFFFFF,
FFFFFF,
FFFFFF,
FFFFFF,
FFFFFF,
FFFFFF,
FFFFFF,
00FFFF,
FFFFFF,
FFFFFF,
FFFFFF,
FFFFFF,
FFFFFF,
FFFFFF,
FFFFFF,
FFFFFF,
FFFFFF,
FFFFFF,
FFFFFF,
F6EFEB,
87746C,
FF3126,
4F2C1D,
512D1E,
45281C,
BEAFAA,
FFFFFF,
FEFFFF,
FFFFFF,
FFFFFF,
FFFFFF,
FFFFFF,
FFFFFF,
FFFFFF,
FFFFFF,
FFFFFF,
FFFFFF,
FFFFFF,
FFFFFF,
FFFFFF,
FFFFFF,
FFFFFF,
FFFFFF,
FFFFFF,
FFFFFF,
FFFFFF,
FFFFFF,
FFFFFF,
FFFFFF,
FFFFFF,
FFFFFF,
FFFFFF,
FFFFFD,
FDFFFF,
FCFFFF,
FFFFFF,
ECE6E1,
715E50,
61402C,
5A351D,
550015,
4D2C18,
51392A,
DFD5CD,
FFFFFE,
FFFFFD,
FFFFFF,
FFFFFF,
FFFFFF,
FFFFFF,
FFFFFF,
FFFFFF,
FFFFFF,
FFFFFF,
FFFFFF,
FFFFFF,
FFFFFF,
FFFFFF,
FFFFFF,
FFFFFF,
FFFFFF,
FFFFFF,
FFFFFF,
FFFFFF,
FFFFFF,
FFFFFF,
FFFFFF,
FFFFFF,
FFFFFF,
FFFFFF,
FFFFFF,
FFFFFF,
FFFFFF,
FFFFFF,
FFFFFF,
FFFFFF,
FFFFFF,
FFFFFF,
FFFFFF,
FFFFFF,
FFFFFF,
FFFFFF,
FFFFFF,
FFFFFF,
FFFFFF,
FFFFFF,
FFFFFF,
FFFFFF,
FFFFFF,
FFFFFF,
FFFFFF,
FFFFFF,
FFFFFF,
FFFFFF,
FF00FF,
FFFFFF,
FFFFFF,
FFFFFF,
FFFFFF,
FFFFFF,
FFFFFF,
FFFFFF,
FFFFFF,
FFFFFF,
FFFFFF,
FFFFFF,
FFFFFF,
FFFFFF,
FFFFFF,
FFFFFF,
FFFFFF,
FFFFFF,
FFFFFF,
FFFFFF,
FF00FF,
FFFFFF,
FFFFFF,
FFFFFF,
FFFFFF,
FFFFFF,
FFFFFF,
FFFFFF,
FFFFFF,
FFFFFF,
FFFFFF,
FFFFFF,
FFFFFF,
FFFFFF,
FFFFFF,
FFFFFF,
FFFFFF,
FFFFFF,
FFFFFF,
FF00FF,
FFFFFF,
FFFFFF,
FFFFFF,
FFFFFF,
FFFFFF,
FFFFFF,
FFFFFF,
FFFFFF,
FFFFFF,
FFFFFF,
FFFFFF,
FFFFFF,
FFFFFF,
FFFFFF,
FFFFFF,
FFFFFF,
FFFFFF,
FFFFFF,
FFFFFF,
FFFFFF,
FF00FF,
FFFFFF,
FFFFFF,
FFFFFF,
FFFF00,
FFFFFF,
FFFFFF,
FFFFFF,
FFFFFF,
FFFFFF,
FFFFFF,
FFFFFF,
FFFFFF,
FFFFFF,
FFFFFF,
FFFFFF,
FFFFFF,
FFFFFF,
FFFFFF,
FFFFFF,
FFFFFF,
FFFFFF,
00FFFF,
FFFFFF,
FFFFFF,
FFFFFF,
FFFFFF,
FFFFFF,
FFFFFF,
00FF00,
FFFFFF,
FFFFFF,
FFFFFF,
FFFFFF,
FFFFFF,
FFFFFF,
FEFFFF,
FEFFFF,
FFFFFD,
FFFEFC,
FFFFFF,
FDFEFF,
FFFFFF,
D2BFB5,
5E3F2E,
FF3B27,
623923,
633822,
5E3D31,
CDBFBC,
FFFFFF,
FDFFFC,
FDFEF9,
FF00FE,
FFFFFF,
FFFFFF,
FFFFFF,
FFFFFF,
FFFFFF,
FFFFFF,
FFFFFF,
FFFFFF,
FFFFFF,
FFFFFF,
FFFFFF,
FFFFFF,
FFFFFF,
FFFFFF,
FFFFFF,
FFFFFF,
FFFFFF,
FFFFFF,
FFFFFF,
FFFFFF,
FFFFFF,
FFFFFF,
FFFFFF,
FFFFFF,
FFFFFF,
FFFFFF,
FFFFFF,
FFFFFF,
FFFFFF,
FFFFFF,
FFFFFF,
FFFFFF,
FFFFFF,
FFFFFF,
FFFFFF,
FFFFFF,
FFFFFF,
FFFFFF,
FFFFFF,
FFFFFF,
FFFFFF,
FFFFFF,
FFFFFF,
FFFFFF,
FFFFFF,
FF00FF,
FFFFFF,
F8F100,
8A7870,
4D3326,
4F2C1D,
512D1E,
44281C,
B8A9A4,
FFFF00,
FFFFFF,
FFFFFF,
FFFFFF,
FFFFFF,
FFFFFF,
FFFFFF,
FFFFFF,
FFFFFF,
FFFFFF,
FFFFFF,
FFFFFF,
FFFFFF,
FFFFFF,
FFFFFF,
FFFFFF,
FFFFFF,
FFFFFF,
00FFFF,
FFFFFF,
FFFFFF,
FFFFFF,
FFFFFF,
FFFFFF,
FFFFFF,
FFFFFD,
FFFFFD,
FDFFFF,
FDFFFF,
FFFFFF,
F8F2EE,
766357,
60432F,
5E3A22,
FF331C,
4C2D19,
4B3326,
D8CCC4,
FFFFFE,
FFFFFD,
FFFFFF,
FFFFFF,
00FFFF,
FFFFFF,
FFFFFF,
FFFFFF,
FFFFFF,
FFFFFF,
FFFFFF,
FFFFFF,
FFFFFF,
FFFFFF,
FFFFFF,
FFFFFF,
FFFFFF,
FFFFFF,
FFFFFF,
FFFFFF,
FFFFFF,
FFFFFF,
FFFFFF,
FFFFFF,
FFFFFF,
FFFFFF,
FFFFFF,
00FFFF,
FFFFFF,
FFFFFF,
FFFFFF,
FFFFFF,
FFFFFF,
FFFFFF,
FFFFFF,
FFFFFF,
FFFFFF,
FFFFFF,
FFFFFF,
FFFFFF,
FFFFFF,
FFFFFF,
FFFFFF,
FFFFFF,
FFFFFF,
FFFFFF,
FFFFFF,
FFFFFF,
FFFFFF,
FFFFFF,
FFFFFF,
FFFFFF,
FFFFFF,
FFFFFF,
FFFFFF,
FF00FF,
FFFFFF,
FFFFFF,
FFFFFF,
FFFFFF,
FFFFFF,
FFFFFF,
00FFFF,
FFFF00,
FFFFFF,
FFFFFF,
FFFFFF,
FFFFFF,
FFFFFF,
FFFFFF,
FFFFFF,
FFFFFF,
FFFFFF,
FFFFFF,
FFFFFF,
FFFFFF,
FFFFFF,
FFFFFF,
FFFFFF,
FFFFFF,
FFFFFF,
FFFFFF,
FFFFFF,
FFFFFF,
FFFFFF,
FFFFFF,
FFFFFF,
FFFF00,
FFFFFF,
FFFFFF,
FFFF00,
FFFFFF,
FFFFFF,
FFFFFF,
FFFFFF,
FFFFFF,
FF00FF,
FFFFFF,
FFFFFF,
FFFFFF,
FFFFFF,
FFFFFF,
FFFFFF,
FFFFFF,
FFFFFF,
FFFFFF,
FFFFFF,
FFFFFF,
FFFFFF,
FFFFFF,
FFFFFF,
FFFFFF,
FFFFFF,
FFFFFF,
FFFFFF,
FFFFFF,
FFFFFF,
FFFFFF,
FFFFFF,
FFFFFF,
FFFFFF,
FFFFFF,
FFFFFF,
FFFFFF,
FFFFFF,
FFFFFF,
FFFFFF,
FFFFFF,
FFFFFF,
FFFFFF,
FFFFFF,
FFFFFF,
FFFFFF,
FFFFFF,
FFFFFF,
FFFFFF,
FFFFFF,
FFFF00,
FFFFFF,
FFFFFF,
FFFFFF,
FFFFFF,
FFFFFF,
FFFFFF,
FFFFFF,
FFFFFF,
FEFFFF,
FEFFFF,
FFFFFD,
FFFEFC,
FFFFFF,
FDFEFF,
FFFFFF,
C7B4AA,
5C3D2C,
603D29,
633B00,
613824,
614236,
D8CDC9,
FFFFFF,
FDFEFC,
FDFDF9,
FFFFFE,
FFFFFF,
FFFFFF,
FFFFFF,
FFFFFF,
FFFFFF,
FFFFFF,
00FFFF,
FFFFFF,
FFFFFF,
FFFFFF,
FFFFFF,
FFFFFF,
FF00FF,
FFFFFF,
FFFFFF,
FFFFFF,
FFFFFF,
FFFFFF,
FFFFFF,
FFFFFF,
FFFFFF,
FFFFFF,
FFFFFF,
FFFFFF,
FFFFFF,
FFFFFF,
FF00FF,
FFFFFF,
FFFFFF,
FFFFFF,
FFFFFF,
FFFFFF,
00FFFF,
FFFFFF,
FFFFFF,
FFFFFF,
FFFFFF,
FFFFFF,
FFFFFF,
FFFFFF,
FFFFFF,
FFFFFF,
FF00FF,
FFFFFF,
FFFFFF,
FFFFFF,
FFFF00,
FAF3EF,
928078,
503529,
4F001D,
512D1E,
44271B,
AFA09B,
FFFFFF,
FFFFFF,
FFFFFF,
FFFFFF,
FFFFFF,
FFFFFF,
FFFFFF,
00FFFF,
FFFFFF,
FFFFFF,
FFFFFF,
FFFFFF,
FFFFFF,
FFFFFF,
FFFFFF,
FFFFFF,
FFFFFF,
FFFFFF,
FFFFFF,
00FFFF,
FFFFFF,
FFFFFF,
FFFFFF,
FFFFFF,
FFFFFF,
FFFFFD,
00FFFD,
FDFFFF,
FDFFFF,
FEFEFE,
FFFCF8,
FF7268,
614636,
5A3A00,
573620,
4F3322,
432D21,
C9BEB6,
FFFFFF,
FFFFFD,
FFFFFF,
FFFFFF,
FFFFFF,
FFFFFF,
FFFFFF,
FFFFFF,
FFFFFF,
FFFFFF,
FFFFFF,
FFFFFF,
FFFFFF,
FFFFFF,
FFFFFF,
FFFFFF,
FFFFFF,
FFFFFF,
FFFFFF,
FFFFFF,
FFFF00,
FFFFFF,
FFFFFF,
FFFFFF,
FFFFFF,
FFFFFF,
FFFFFF,
FFFFFF,
FFFFFF,
FFFFFF,
FFFFFF,
FFFFFF,
FFFFFF,
00FFFF,
FFFFFF,
FFFFFF,
FFFFFF,
FFFFFF,
00FFFF,
FFFFFF,
FFFFFF,
FFFFFF,
FFFFFF,
FFFFFF,
FFFFFF,
FFFFFF,
00FFFF,
FFFFFF,
FFFFFF,
FFFFFF,
FFFFFF,
FFFFFF,
FFFFFF,
FFFFFF,
FFFFFF,
FFFFFF,
FF00FF,
FFFFFF,
FFFFFF,
FFFFFF,
FFFFFF,
FFFFFF,
FFFFFF,
FFFFFF,
00FFFF,
FFFFFF,
FFFFFF,
FFFFFF,
FFFFFF,
FFFFFF,
FFFFFF,
FFFF00,
FFFFFF,
FFFFFF,
FFFFFF,
FFFFFF,
FFFFFF,
FFFFFF,
FFFFFF,
FFFFFF,
FFFFFF,
FFFFFF,
FFFFFF,
00FFFF,
FFFFFF,
FFFFFF,
FFFFFF,
FFFFFF,
FFFFFF,
FFFFFF,
FFFFFF,
FFFFFF,
FFFFFF,
FFFFFF,
FFFFFF,
FF00FF,
FFFFFF,
FFFFFF,
FFFFFF,
FFFFFF,
FFFFFF,
FFFFFF,
00FF00,
FFFFFF,
FFFFFF,
FFFFFF,
FFFFFF,
FFFFFF,
FFFFFF,
FFFF00,
FFFFFF,
FFFFFF,
FFFFFF,
FFFFFF,
FFFFFF,
FFFFFF,
FFFFFF,
FFFFFF,
FFFFFF,
FFFFFF,
FFFFFF,
FFFFFF,
FFFFFF,
FFFFFF,
FFFFFF,
FFFFFF,
FFFFFF,
FFFFFF,
FFFFFF,
FFFFFF,
FFFFFF,
FFFFFF,
FFFFFF,
FFFFFF,
FFFFFF,
FFFFFF,
FFFFFF,
FFFFFF,
FFFFFF,
00FFFF,
FFFFFF,
FFFFFF,
FFFFFF,
FFFFFF,
FFFFFF,
FFFFFF,
FFFFFF,
FEFFFF,
FFFFFD,
FFFEFC,
FFFFFF,
FDFEFF,
FFFFFF,
BDAAA0,
5A0029,
603D29,
633A25,
603824,
FF4D40,
E4DAD7,
FFFFFF,
FDFFFD,
FFFFFB,
FFFFFE,
FFFFFF,
FFFFFF,
FFFF00,
FFFFFF,
FFFFFF,
FFFFFF,
FFFFFF,
FFFFFF,
FFFFFF,
FFFFFF,
FFFFFF,
FFFFFF,
FFFFFF,
FF00FF,
FFFFFF,
FFFFFF,
FFFFFF,
00FFFF,
FFFFFF,
FFFFFF,
FFFFFF,
FFFFFF,
FFFFFF,
FFFFFF,
FFFFFF,
FFFFFF,
FFFFFF,
FF00FF,
FFFFFF,
FFFFFF,
FFFFFF,
FFFFFF,
FFFFFF,
FFFFFF,
FFFFFF,
FFFFFF,
FFFFFF,
FFFF00,
FFFFFF,
FFFFFF,
FFFFFF,
FFFFFF,
FFFFFF,
FFFFFF,
FFFFFF,
FFFFFF,
FFFFFF,
FBF6F2,
98867F,
52372B,
502D1E,
4F2B1C,
43271B,
A99A94,
FFFFFF,
FFFF00,
FFFFFF,
FFFFFF,
FFFFFF,
FFFFFF,
FFFFFF,
FFFFFF,
FFFFFF,
FFFFFF,
FFFFFF,
FFFFFF,
FFFFFF,
00FFFF,
FFFFFF,
FFFFFF,
FFFFFF,
FFFFFF,
FFFFFF,
FFFFFF,
FFFFFF,
FFFFFF,
FFFFFF,
FFFFFF,
FFFFFF,
FFFFFE,
FFFFFE,
FFFFFF,
FDFFFF,
FFFFFF,
FFFEFA,
8A7D74,
574133,
5B402D,
583928,
4E3425,
3C2920,
B4AAA5,
FFFFFF,
FFFFFE,
FFFFFF,
FFFFFF,
FFFFFF,
FFFFFF,
FFFFFF,
FFFFFF,
FFFFFF,
FFFFFF,
FFFFFF,
FFFFFF,
FFFFFF,
FFFFFF,
FFFFFF,
FFFFFF,
FFFFFF,
FFFFFF,
FFFFFF,
FFFFFF,
00FFFF,
FFFFFF,
FFFFFF,
FFFFFF,
FFFFFF,
FFFFFF,
FFFFFF,
FFFFFF,
FFFFFF,
FFFFFF,
FFFFFF,
FFFFFF,
FFFFFF,
FFFFFF,
FFFFFF,
FFFFFF,
FF00FF,
FFFFFF,
FFFFFF,
FFFFFF,
FFFFFF,
FFFFFF,
FFFFFF,
FFFFFF,
FFFFFF,
FFFFFF,
FFFFFF,
FFFFFF,
FFFFFF,
FFFFFF,
FFFFFF,
FFFFFF,
FFFFFF,
FFFFFF,
FFFFFF,
FFFFFF,
FFFF00,
FFFFFF,
FFFFFF,
FFFFFF,
FFFFFF,
FFFFFF,
FFFFFF,
FFFFFF,
FFFFFF,
FFFFFF,
FFFFFF,
FFFFFF,
FFFFFF,
FFFFFF,
FFFFFF,
FFFFFF,
FFFFFF,
FFFFFF,
FF00FF,
FFFFFF,
FFFFFF,
FFFFFF,
FFFFFF,
FFFFFF,
FFFFFF,
FFFFFF,
FFFFFF,
00FFFF,
FFFFFF,
FFFFFF,
FFFFFF,
FFFFFF,
FFFFFF,
FFFFFF,
00FFFF,
FFFFFF,
FFFFFF,
FFFFFF,
FFFFFF,
FFFFFF,
FFFFFF,
FFFFFF,
FFFFFF,
FFFFFF,
FF00FF,
FFFFFF,
FFFFFF,
FFFFFF,
FFFFFF,
FFFFFF,
FFFFFF,
FFFFFF,
FFFFFF,
FFFFFF,
FFFFFF,
FFFFFF,
FFFFFF,
FFFFFF,
FFFFFF,
FFFFFF,
FFFFFF,
FFFFFF,
FF00FF,
FFFFFF,
FFFFFF,
FFFFFF,
FFFFFF,
FFFFFF,
FFFFFF,
FFFFFF,
00FFFF,
FFFFFF,
FFFFFF,
FFFFFF,
FFFFFF,
FFFFFF,
FFFFFF,
FFFFFF,
FFFFFF,
FFFFFF,
FFFFFF,
FFFFFF,
FFFFFF,
FFFFFF,
FFFFFF,
FFFFFF,
FFFFFF,
FFFFFF,
FFFFFF,
FFFFFF,
FEFFFF,
FEFFFF,
FF00FD,
00FEFC,
FFFFFF,
FDFFFF,
FFFFFF,
B6A59A,
593929,
603B29,
633A26,
5F3925,
73594D,
F1E8E5,
FCFDFE,
FAFBFB,
FFFFFC,
FFFFFE,
FFFFFF,
FFFFFF,
FFFFFF,
FFFFFF,
FFFFFF,
FFFFFF,
FFFFFF,
FF00FF,
FFFFFF,
FFFFFF,
FFFFFF,
FFFFFF,
FFFFFF,
FFFFFF,
FFFFFF,
FFFFFF,
FFFFFF,
FFFFFF,
FFFFFF,
FFFFFF,
FFFFFF,
FFFFFF,
FFFFFF,
FFFFFF,
FFFFFF,
FFFF00,
FFFFFF,
FFFFFF,
FFFFFF,
FFFFFF,
FFFFFF,
FFFFFF,
FFFFFF,
FFFFFF,
FFFF00,
FFFFFF,
00FFFF,
FF00FF,
FFFFFF,
FFFFFF,
FFFFFF,
FFFFFF,
FFFFFF,
FFFFFF,
FFFFFF,
FFFFFF,
FFFFFF,
FBF800,
9D8B83,
53392D,
502D1E,
4D291A,
43271B,
A69791,
FFFFFF,
FEFEFF,
FFFFFF,
FFFFFF,
FFFFFF,
FFFFFF,
FFFFFF,
FFFFFF,
FF00FF,
FFFFFF,
FFFFFF,
FFFFFF,
FFFFFF,
FFFFFF,
FF00FF,
FFFFFF,
FFFFFF,
FFFFFF,
FFFFFF,
FFFFFF,
FFFF00,
FFFFFF,
FFFFFF,
FFFFFF,
FFFFFF,
FFFFFE,
FFFFFE,
FEFFFF,
FEFFFF,
FEFEFE,
FFFFFC,
A89E97,
5B4A40,
574033,
4D3326,
442F24,
004200,
BDB5B2,
00FFFF,
FFFFFF,
FFFFFF,
FFFFFD,
FFFFFF,
FFFFFF,
FFFFFF,
FFFFFF,
FFFFFF,
00FFFF,
FFFFFF,
FFFFFF,
FFFFFF,
FFFFFF,
FFFFFF,
FFFFFF,
FFFFFF,
FFFFFF,
FFFFFF,
FFFFFF,
FFFF00,
FFFFFF,
FFFFFF,
FFFFFF,
FFFFFF,
FFFFFF,
FFFFFF,
FFFFFF,
FFFFFF,
FFFFFF,
FFFFFF,
FFFF00,
FFFFFF,
FFFFFF,
FFFFFF,
FFFFFF,
FFFFFF,
FFFFFF,
FFFFFF,
FFFF00,
FFFFFF,
FFFFFF,
FFFFFF,
FFFFFF,
FFFFFF,
FFFFFF,
FFFFFF,
FFFFFF,
FFFFFF,
FFFFFF,
FFFF00,
FFFFFF,
FFFFFF,
FFFFFF,
00FFFF,
FFFFFF,
FFFFFF,
FFFFFF,
FFFFFF,
FFFFFF,
FFFFFF,
FFFFFF,
FFFFFF,
FFFFFF,
FFFFFF,
FFFFFF,
FFFFFF,
FFFFFF,
FFFFFF,
FFFFFF,
FFFFFF,
FFFFFF,
FFFFFF,
FFFFFF,
FFFFFF,
FFFFFF,
FFFFFF,
FFFFFF,
FFFFFF,
FFFFFF,
FFFFFF,
FFFFFF,
FFFFFF,
FFFFFF,
FFFFFF,
FFFFFF,
FFFFFF,
FFFFFF,
FFFFFF,
FFFF00,
FFFFFF,
FFFFFF,
FFFFFF,
FFFFFF,
FFFFFF,
FFFFFF,
FFFFFF,
FFFFFF,
FFFFFF,
FFFFFF,
FFFFFF,
FFFFFF,
FFFFFF,
FFFFFF,
FFFFFF,
FFFFFF,
FFFFFF,
FFFFFF,
FFFFFF,
FFFFFF,
FFFF00,
FF00FF,
FFFFFF,
FFFFFF,
FEFEFE,
FEFEFE,
FEFEFE,
FEFEFE,
FFFFFF,
FFFFFF,
FFFFFF,
FFFFFF,
FFFFFF,
FFFFFF,
FFFFFF,
FFFFFF,
FFFFFF,
FFFEFE,
FEFEFE,
FFFEFE,
FEFEFE,
FFFFFF,
FFFFFF,
FFFFFF,
FFFFFF,
FFFFFF,
FFFFFF,
FFFFFF,
FFFFFF,
FFFFFF,
FFFFFF,
FFFFFF,
FFFFFF,
FFFFFF,
FFFFFF,
FFFFFF,
FEFFFF,
FEFFFF,
FFFFFD,
FFFEFC,
FE00FF,
FDFEFF,
FFFEFF,
AC9A8F,
563626,
5F3A2A,
623B27,
5F3B28,
7C6558,
FFF6F3,
FDFEFF,
FCFDFC,
00FEFB,
FFFFFF,
FFFFFF,
FFFFFF,
FFFFFF,
FEFEFE,
FEFEFE,
FEFEFE,
FEFEFE,
FFFFFF,
FFFFFF,
FFFFFF,
FFFFFF,
FFFFFF,
FFFFFF,
FFFFFF,
FFFFFF,
FEFEFE,
FEFEFE,
FEFEFE,
FEFEFE,
FFFFFF,
FFFFFF,
FFFFFF,
FFFFFF,
FEFEFE,
FEFEFE,
FEFEFE,
FEFEFE,
FEFEFE,
FEFEFE,
FEFEFE,
FEFEFE,
FEFEFE,
FEFEFE,
FEFEFE,
FEFEFE,
FEFEFE,
FEFEFF,
FEFEFE,
FEFEFE,
FFFFFF,
FFFFFF,
FFFFFF,
FFFFFF,
FEFEFE,
FEFEFE,
FEFEFE,
FFFFFF,
FEF8F4,
A39189,
54392D,
4F2C1D,
4F2B1C,
412519,
9D8E89,
FFFFFF,
FFFFFF,
FFFFFF,
FFFFFF,
FF00FF,
FFFFFF,
FFFFFF,
FFFFFF,
FFFFFF,
FFFFFF,
FFFFFF,
FFFFFF,
FFFFFF,
FFFFFF,
FFFFFF,
FFFFFF,
FFFFFF,
FFFFFF,
FEFEFE,
FEFEFE,
FEFEFE,
FEFEFE,
FEFEFE,
FEFEFE,
FEFEFE,
FEFFFD,
FDFFFD,
FDFFFE,
FFFFFE,
FDFDFC,
FEFDFB,
F4F0EC,
E1D8D2,
FF877F,
3F2B21,
44322B,
C8BEBB,
F8F6F6,
FFFEFD,
FEFEFE,
FEFEFE,
FEFEFC,
FEFEFE,
FEFEFE,
FEFEFE,
FEFEFE,
FFFFFF,
FFFFFF,
FFFFFF,
FFFFFF,
FFFFFF,
FFFFFF,
FFFFFF,
FFFFFF,
FEFEFE,
FEFEFE,
FEFEFE,
FEFEFE,
FFFFFF,
FFFFFF,
FFFFFF,
FFFFFF,
FEFEFE,
FEFEFE,
FEFEFE,
FEFEFE,
FFFFFF,
FFFFFF,
FFFFFF,
FFFFFF,
FFFFFF,
FFFFFF,
FFFFFF,
FFFFFF,
FEFFFE,
FEFEFE,
FEFEFE,
FEFEFE,
FEFEFE,
FEFEFE,
FEFEFE,
FEFEFE,
FFFFFF,
FFFFFF,
FFFFFF,
FFFFFF,
FE00FE,
FEFEFE,
FEFEFE,
FEFEFE,
FF00FF,
FFFFFF,
FFFFFF,
FFFFFF,
FEFEFE,
FEFE00,
FEFEFE,
FEFEFE,
FEFEFE,
FEFEFE,
FEFEFE,
FEFEFE,
FFFFFF,
FFFFFF,
FFFFFF,
FFFFFF,
FEFEFE,
FEFEFE,
FEFEFE,
FEFEFE,
FFFFFF,
FFFFFF,
FFFFFF,
FFFFFF,
FFFFFF,
FFFFFF,
FFFFFF,
FFFFFF,
FFFFFF,
FFFFFF,
FFFFFF,
FFFFFF,
FFFFFF,
FFFFFF,
FFFFFF,
FFFFFF,
FFFFFF,
FFFFFF,
FFFFFF,
FFFFFF,
FFFFFF,
FFFFFF,
FFFFFF,
FFFFFF,
FFFFFF,
FFFFFF,
FFFFFF,
FFFFFF,
FFFFFF,
FFFFFF,
FFFFFF,
FFFFFF,
FFFFFF,
FFFFFF,
FFFFFF,
FFFFFF,
FFFFFF,
FFFFFF,
FFFFFF,
FFFFFF,
FFFFFF,
FFFFFF,
FEFEFE,
FEFEFE,
FEFEFE,
FEFE00,
FFFFFF,
FFFFFF,
FFFFFF,
FFFFFF,
FFFFFF,
FFFFFF,
FFFFFF,
FFFFFF,
FFFFFF,
FEFEFE,
FEFEFE,
FEFEFE,
FEFEFE,
FFFFFF,
FFFFFF,
FFFFFF,
FFFFFF,
FFFFFF,
FFFFFF,
FFFFFF,
FFFFFF,
FFFFFF,
FFFFFF,
FFFFFF,
FFFFFF,
FFFFFF,
FFFFFF,
FFFFFF,
FEFFFF,
FEFFFF,
FFFFFD,
FFFEFC,
FEFFFF,
FDFEFF,
FFFEFD,
A79389,
583728,
FF3D2D,
643E2B,
5F3D29,
867366,
FFFCF9,
FDFFFF,
FEFEFE,
FFFEFD,
FFFFFF,
FFFFFF,
FFFFFF,
FFFFFF,
FE00FE,
FEFEFE,
FEFEFE,
FEFEFE,
FFFFFF,
FFFFFF,
FFFFFF,
FFFFFF,
FFFFFF,
FFFFFF,
FFFFFF,
FFFFFF,
FEFEFE,
FEFEFE,
FEFEFF,
FEFEFE,
FFFFFF,
FFFFFF,
FFFFFF,
FFFFFF,
FEFEFE,
FEFEFE,
FEFEFE,
FEFEFE,
FEFEFE,
FEFEFE,
FEFEFE,
FEFEFE,
FEFEFE,
FEFEFE,
FEFEFE,
FEFE00,
FEFEFE,
FEFEFE,
FEFEFE,
FEFEFE,
FFFFFF,
FFFFFF,
FFFFFF,
FFFFFF,
FEFEFE,
FEFEFE,
FEFEFE,
FFFFFF,
FFF9F5,
A7968E,
543A2E,
002C1D,
502C1D,
412419,
978883,
FFFFFF,
FFFFFF,
FFFFFF,
FFFFFF,
FFFFFF,
FFFFFF,
FFFFFF,
FFFFFF,
FFFFFF,
FFFFFF,
FFFFFF,
FFFFFF,
FFFFFF,
FFFFFF,
FFFFFF,
FFFFFF,
FFFFFF,
FFFFFF,
FEFEFE,
FEFEFE,
FEFEFF,
FEFEFE,
FEFEFE,
FEFEFE,
FEFEFE,
FEFEFD,
FDFFFD,
FDFFFE,
FDFFFE,
FDFDFD,
FFFDFD,
FFFCFB,
FFFFFF,
F6EEEA,
BBAEA8,
C8BFBB,
FDF9F8,
FFFCFD,
FEFEFE,
FEFEFE,
FEFEFE,
FEFEFC,
FEFEFE,
FFFEFE,
FEFEFE,
FEFEFE,
FFFFFF,
FFFFFF,
FFFFFF,
00FFFF,
FF00FF,
FFFFFF,
FFFFFF,
FFFFFF,
FEFEFE,
FEFEFE,
FEFEFE,
FEFEFE,
00FFFF,
FFFFFF,
FFFFFF,
FFFFFF,
FEFEFE,
FEFEFF,
FEFEFE,
FFFEFE,
FFFFFF,
FFFFFF,
FFFFFF,
FFFFFF,
FFFFFF,
FFFFFF,
FF00FF,
FFFFFF,
00FE00,
FEFEFE,
FEFEFE,
FEFEFE,
FEFEFE,
FEFEFE,
FEFEFE,
FEFEFE,
FFFFFF,
FFFFFF,
FFFFFF,
FFFFFF,
FEFEFE,
FEFEFE,
FEFEFE,
FEFEFE,
FFFFFF,
FFFFFF,
FFFFFF,
FFFFFF,
FEFEFE,
FEFFFE,
FEFEFE,
FEFFFE,
FEFEFE,
FEFEFE,
FEFEFE,
FEFEFE,
FFFFFF,
FFFFFF,
FFFFFF,
FFFFFF,
FEFEFE,
FEFEFE,
FEFEFE,
FEFEFE,
FFFFFF,
FFFFFF,
FFFFFF,
FFFFFF,
FFFFFF,
FFFFFF,
FFFFFF,
FFFFFF,
FFFFFF,
FFFFFF,
FFFFFF,
00FFFF,
FFFFFF,
FFFFFF,
FFFFFF,
FFFFFF,
FFFFFF,
FFFFFF,
FFFFFF,
FFFFFF,
FFFFFF,
FFFFFF,
FFFFFF,
FFFFFF,
FFFFFF,
FFFFFF,
FFFFFF,
FFFFFF,
FFFFFF,
FFFFFF,
FFFFFF,
FFFFFF,
FFFFFF,
FFFFFF,
FFFFFF,
FFFFFF,
FFFFFF,
FFFFFF,
FFFFFF,
FFFFFF,
FFFFFF,
FFFFFF,
FEFEFE,
FEFEFE,
FEFEFE,
FEFEFE,
FFFFFF,
FFFFFF,
FFFFFF,
FFFFFF,
FF00FF,
FF00FF,
FFFFFF,
FFFFFF,
FFFFFF,
FEFEFE,
FEFEFE,
FEFEFE,
FEFEFE,
FFFFFF,
FFFFFF,
FFFFFF,
FFFFFF,
FFFFFF,
FFFFFF,
FFFFFF,
FFFFFF,
FFFFFF,
FFFFFF,
FFFFFF,
FFFF00,
FFFFFF,
FFFFFF,
FFFFFF,
FEFFFF,
FEFFFF,
FFFFFD,
FFFEFC,
FEFFFF,
FEFFFF,
FFFDFC,
9E8A7F,
5A3A2A,
633D2E,
653E2C,
5E3C29,
98877B,
FFFFFE,
FBFFFF,
FFFEFF,
FFFEFE,
FFFFFF,
FFFFFF,
FFFFFF,
FFFFFF,
FEFEFE,
FEFEFE,
FEFEFE,
FEFEFE,
FFFFFF,
FFFFFF,
FFFFFF,
FFFFFF,
FFFFFF,
FFFFFF,
FFFFFF,
FFFFFF,
FEFEFE,
FEFEFE,
FEFEFE,
FEFEFE,
FFFFFF,
00FFFF,
FFFFFF,
FFFFFF,
FEFEFE,
FEFEFE,
FEFEFE,
FEFEFE,
FEFEFE,
FEFEFE,
FEFEFE,
FEFEFF,
FEFEFE,
FEFFFE,
FE00FE,
FEFEFE,
FEFEFE,
FEFEFE,
FEFEFE,
FEFEFE,
FFFFFF,
FFFFFF,
FFFFFF,
FFFF00,
FEFEFE,
FEFEFE,
FEFEFE,
FFFFFF,
FFFCF8,
AE9C94,
573C30,
FF2D1E,
002A1C,
42251A,
90817C,
FFFFFF,
FFFFFF,
FFFFFF,
FFFFFF,
FFFFFF,
FFFFFF,
FF00FF,
FFFFFF,
FFFFFF,
FFFFFF,
FFFFFF,
FFFFFF,
FFFFFF,
FFFFFF,
FFFFFF,
FFFFFF,
FFFF00,
0000FF,
FEFEFE,
FEFEFE,
FEFEFE,
FEFEFE,
FEFFFE,
FEFEFE,
FEFEFE,
FEFEFD,
FDFFFD,
FDFFFE,
FDFFFE,
FEFEFE,
FEFFFE,
FFFCFD,
FBFAFA,
FEFCFB,
FFFEFB,
FFFEFD,
FEFCFD,
FCFCFE,
FDFEFF,
FDFEFF,
FEFEFE,
FFFEFC,
FEFEFE,
FEFEFE,
FEFEFE,
FFFEFE,
FFFFFF,
FFFFFF,
FFFFFF,
FFFFFF,
FFFFFF,
FFFFFF,
FFFF00,
FFFFFF,
FE00FE,
FEFEFE,
FEFEFE,
FEFEFE,
FFFFFF,
FFFFFF,
FFFF00,
FFFFFF,
FEFEFF,
FEFEFE,
FEFE00,
FEFEFE,
FFFFFF,
FFFFFF,
FFFFFF,
FFFFFF,
FFFFFF,
FFFFFF,
FFFFFF,
FFFFFF,
FEFEFE,
FEFEFE,
FEFEFE,
00FEFE,
FEFEFE,
FEFEFE,
FEFE00,
FEFEFE,
FFFFFF,
FFFFFF,
FFFFFF,
FFFFFF,
FEFEFE,
FE00FE,
FEFEFE,
FEFEFE,
FFFFFF,
FFFFFF,
FFFFFF,
FFFFFF,
FEFEFE,
FEFEFE,
FEFEFE,
FEFEFE,
FEFEFE,
FEFEFF,
FEFEFE,
FEFEFE,
FFFFFF,
FFFFFF,
FFFFFF,
FFFFFF,
FEFEFE,
FEFE00,
FEFEFE,
FFFFFE,
FFFFFF,
FFFFFF,
FFFFFF,
FFFFFF,
FFFFFF,
FFFFFF,
FFFFFF,
FFFFFF,
FFFFFF,
FFFFFF,
FFFFFF,
FFFFFF,
FFFF00,
FFFFFF,
FFFFFF,
FFFFFF,
FFFFFF,
FFFFFF,
FFFFFF,
FFFFFF,
FFFFFF,
FFFFFF,
FFFFFF,
FFFFFF,
FFFFFF,
FFFFFF,
FFFFFF,
FFFFFF,
FFFFFF,
FFFFFF,
FFFFFF,
FFFFFF,
FFFF00,
FFFFFF,
FFFFFF,
FFFFFF,
FFFFFF,
FFFFFF,
FFFFFF,
FFFFFF,
FFFFFF,
FFFFFF,
FEFEFE,
FEFEFE,
FEFEFE,
FEFEFE,
FFFFFF,
FFFFFF,
FFFFFF,
FFFFFF,
FFFFFF,
FFFFFF,
FFFFFF,
FFFFFF,
FFFFFF,
00FEFE,
FEFEFE,
FEFEFE,
FEFEFE,
FFFFFF,
FFFFFF,
FFFFFF,
FFFFFF,
FFFFFF,
FFFFFF,
FFFFFF,
FFFFFF,
FFFFFF,
FFFFFF,
FFFFFF,
FFFFFF,
FFFFFF,
FFFFFF,
FFFFFF,
FEFFFF,
FEFFFF,
FFFFFD,
FFFEFC,
FFFFFF,
FFFFFF,
FE00FA,
937F74,
00FF2C,
613BFF,
643D2C,
5B3B28,
ACFF91,
FFFFFF,
FBFFFF,
FDFFFF,
FFFEFE,
FFFFFF,
FFFFFF,
FFFFFF,
FFFFFF,
FEFEFE,
FEFEFE,
FEFEFF,
FEFEFE,
FFFF00,
FFFFFF,
FFFFFF,
FFFFFF,
FFFFFF,
FFFFFF,
FFFFFF,
FFFFFF,
FEFEFE,
FEFEFE,
FEFEFE,
FEFEFE,
FFFFFF,
FFFFFF,
FFFFFF,
FFFFFF,
FEFEFE,
FEFEFE,
FEFEFE,
FEFEFE,
FEFEFE,
FEFEFE,
FEFEFE,
FEFEFE,
FEFEFE,
FEFEFE,
FEFEFE,
FEFEFE,
FFFEFE,
FEFEFE,
FEFEFE,
FEFEFE,
FFFFFF,
FFFFFF,
FFFFFF,
FFFFFF,
FEFEFE,
FEFEFE,
FEFEFE,
FEFEFF,
00FFFB,
B5A39B,
593E32,
502D1F,
4E2A1B,
422600,
877872,
FFFEFE,
FEFEFF,
FFFFFF,
FFFFFF,
FFFFFF,
FFFFFF,
FFFFFF,
FFFFFF,
FFFFFF,
FFFFFF,
FFFFFF,
FFFFFF,
FFFFFF,
FFFF00,
FFFFFF,
FFFFFF,
FFFFFF,
FFFFFF,
FEFEFE,
FEFEFE,
FEFEFE,
FEFEFE,
FEFEFE,
FEFEFE,
FEFEFE,
FEFEFE,
FDFFFD,
FDFFFC,
FEFEFD,
00FEFE,
FCFCFC,
FEFEFF,
FDFEFF,
FEFDFD,
FBF6F5,
FA00F8,
FBFBFD,
FBFCFF,
FCFFFF,
FDFEFF,
FEFEFE,
FF00FC,
FEFFFE,
FEFEFE,
FEFEFE,
FEFEFE,
FFFFFF,
FFFFFF,
FFFFFF,
FFFFFF,
FF00FF,
FFFFFF,
FFFFFF,
FFFFFF,
FEFEFE,
FEFEFE,
FEFEFE,
FEFEFE,
FFFFFF,
FFFFFF,
FFFFFF,
FFFF00,
FEFEFE,
FE00FE,
FEFEFE,
FEFEFE,
FFFFFF,
FFFFFF,
FFFFFF,
FFFFFF,
FFFFFF,
FFFFFF,
FF00FF,
FFFFFF,
FEFEFE,
FEFEFE,
FEFEFE,
FEFEFE,
00FEFE,
FEFEFE,
FEFEFE,
FEFEFE,
FFFFFF,
FFFFFF,
FFFFFF,
FFFFFF,
FEFEFE,
FEFEFE,
FEFEFE,
FEFEFE,
FFFFFF,
FFFFFF,
FFFFFF,
FFFFFF,
FEFEFE,
FEFFFE,
FEFEFE,
FEFEFE,
FEFEFE,
FEFFFE,
FEFEFE,
FEFEFE,
FFFFFF,
FFFFFF,
FFFFFF,
FFFFFF,
FEFEFE,
FEFEFE,
FEFEFE,
FEFEFE,
FFFFFF,
FFFFFF,
FFFFFF,
FFFF00,
FFFFFF,
FFFFFF,
FF00FF,
FFFFFF,
FFFFFF,
FFFFFF,
FFFFFF,
FFFFFF,
FFFFFF,
FFFFFF,
FFFFFF,
FFFFFF,
FFFFFF,
FFFFFF,
FFFFFF,
FFFFFF,
FFFFFF,
FFFFFF,
FFFFFF,
FFFFFF,
FFFFFF,
FFFFFF,
FFFFFF,
FFFFFF,
FFFFFF,
00FFFF,
FFFFFF,
FFFFFF,
FFFFFF,
FFFFFF,
FFFFFF,
FFFFFF,
FFFFFF,
FFFFFF,
00FFFF,
FFFFFF,
FFFFFF,
FFFFFF,
FEFEFE,
FEFEFE,
FEFEFE,
FEFEFE,
FFFFFF,
FFFFFF,
FFFFFF,
FFFFFF,
FF0000,
FFFF00,
FFFFFF,
FFFFFF,
FFFFFF,
FEFEFE,
FEFEFE,
FEFEFE,
FEFEFE,
FFFFFF,
FFFFFF,
FFFFFF,
FFFFFF,
FFFFFF,
FFFFFF,
FFFFFF,
FFFFFF,
FFFFFF,
FFFFFF,
FFFFFF,
FFFFFF,
FFFFFF,
FFFFFF,
FFFFFF,
FEFFFF,
FEFFFF,
FFFFFD,
FFFEFC,
FFFFFF,
FEFFFF,
FCF8F8,
8B786C,
5E3D2E,
5F3AFF,
643E2C,
5D3E2A,
BEB1A3,
FFFFFF,
F9FEFF,
FEFFFF,
FFFD00,
FFFFFF,
FFFFFF,
FFFFFF,
FFFFFF,
FEFEFE,
FEFEFE,
FEFEFE,
FEFEFE,
00FFFF,
FFFFFF,
FFFFFF,
FFFFFF,
FFFFFF,
FFFFFF,
FFFFFF,
FFFFFF,
FEFEFE,
FEFEFE,
FEFEFE,
FEFEFE,
FFFFFF,
FFFFFF,
FFFFFF,
FFFFFF,
FEFEFE,
FEFEFE,
FEFEFE,
FEFEFE,
FEFEFE,
FEFEFE,
FEFEFE,
FEFEFE,
FEFEFE,
FEFEFE,
FEFEFE,
FEFEFE,
FEFEFE,
FEFEFE,
FEFEFE,
FEFEFE,
FFFFFF,
FFFFFF,
FFFFFF,
FF00FF,
FEFEFE,
FEFEFE,
FFFEFE,
FEFEFE,
FFFF00,
00A8A0,
5B4100,
502D1E,
4D291A,
43271B,
81726C,
FFFCFC,
FEFEFF,
FFFFFF,
FF00FF,
FFFFFF,
00FFFF,
FFFFFF,
FFFFFF,
FFFFFF,
FFFFFF,
FFFFFF,
FFFFFF,
FFFFFF,
FFFFFF,
FFFFFF,
FFFFFF,
FFFFFF,
FFFFFF,
FEFEFE,
00FEFE,
FEFEFE,
FEFEFE,
FEFEFE,
FEFEFE,
FEFEFE,
FEFEFE,
FDFFFD,
FDFFFC,
FEFEFC,
FEFEFD,
FEFEFE,
FCFDFF,
FCFEFF,
FCFDFE,
FDFAFC,
00FFFD,
FCFBFE,
FFFEFF,
FFFEFF,
FDFEFF,
FEFEFE,
FFFEFC,
FEFEFE,
FEFEFE,
FEFEFE,
FEFEFE,
FFFFFF,
FFFFFF,
FFFFFF,
FFFFFF,
FFFFFF,
FFFFFF,
FFFFFF,
FFFFFF,
FEFEFE,
FEFEFE,
FFFEFE,
FEFEFF,
FFFFFF,
FF00FF,
FFFFFF,
FFFFFF,
FEFEFE,
FEFEFF,
FEFEFE,
FEFEFE,
FFFFFF,
FFFFFF,
FFFFFF,
FFFFFF,
FFFFFF,
FFFFFF,
FFFFFF,
FFFFFF,
FEFEFE,
FEFEFE,
FEFEFE,
FEFEFE,
FEFEFE,
FEFEFE,
FEFEFE,
FEFEFE,
FFFFFF,
FFFFFF,
FFFFFF,
FFFFFF,
FEFEFE,
FEFEFE,
FEFEFE,
FEFEFE,
FFFFFF,
FFFFFF,
FFFFFF,
FFFFFF,
FEFEFE,
FEFEFE,
FEFEFE,
FEFEFE,
FEFEFE,
FEFFFE,
FEFEFE,
FEFEFE,
FFFFFF,
FFFFFF,
FFFFFF,
FFFFFF,
FEFEFE,
FEFEFE,
FEFEFE,
FEFEFE,
FFFFFF,
FFFFFF,
FFFFFF,
FFFFFF,
FFFFFF,
FFFFFF,
FF00FF,
FFFFFF,
FFFFFF,
FFFFFF,
FFFFFF,
FFFFFF,
FFFFFF,
FFFFFF,
FFFFFF,
FFFF00,
FFFFFF,
FFFFFF,
FFFFFF,
FFFFFF,
FFFFFF,
FFFFFF,
FFFFFF,
FFFFFF,
FFFFFF,
FFFFFF,
FFFFFF,
FFFFFF,
FFFFFF,
FFFFFF,
FFFFFF,
FFFFFF,
FFFFFF,
FFFF00,
FFFFFF,
FFFFFF,
FFFFFF,
FFFFFF,
00FFFF,
FFFFFF,
FFFFFF,
FFFFFF,
FEFEFE,
FEFEFE,
FEFEFE,
FEFEFE,
FFFFFF,
FFFFFF,
FFFFFF,
FFFFFF,
FFFFFF,
FFFFFF,
FFFFFF,
FFFFFF,
FFFFFF,
FE00FE,
FEFEFE,
FEFEFE,
FEFEFE,
FFFFFF,
FFFFFF,
FFFFFF,
FFFFFF,
FFFFFF,
FFFFFF,
FFFFFF,
FFFFFF,
FFFFFF,
FFFF00,
FFFFFF,
FFFFFF,
FFFFFF,
FFFFFF,
FFFFFF,
FEFFFF,
FAFFFF,
FDFFFE,
FFFFFE,
FFFFFE,
FFFEFD,
FBF5F3,
85746C,
593F32,
59392B,
604232,
5A41FF,
CABDB3,
FFFFFF,
FCFEFF,
FEFFFF,
FEFDFE,
FFFFFF,
FFFFFF,
FFFFFF,
FFFFFF,
FEFEFE,
FEFEFE,
FEFEFE,
FEFEFE,
FFFFFF,
FFFFFF,
FFFFFF,
FFFFFF,
FFFFFF,
FFFFFF,
FFFFFF,
FFFFFF,
FEFEFE,
FEFEFE,
FFFEFE,
FEFFFE,
FFFFFF,
FFFFFF,
FF00FF,
FFFFFF,
FEFEFE,
FEFEFE,
FEFEFE,
FEFEFE,
FEFEFE,
FEFEFE,
FEFEFE,
FEFEFE,
FEFEFE,
FEFEFE,
FEFEFE,
FEFEFE,
FEFE00,
FEFFFE,
FEFEFE,
FEFFFE,
FFFFFF,
FFFFFF,
FFFFFF,
FFFFFF,
FEFEFE,
FEFEFE,
FEFEFE,
FEFEFE,
FF00FD,
C0AEA7,
5C4135,
512E1E,
4E2919,
46281A,
7E6C65,
FFFCF9,
FEFEFE,
FFFFFF,
FFFFFF,
FFFFFF,
FFFFFF,
FFFFFF,
FFFFFF,
FFFFFF,
FFFFFF,
FFFFFF,
FFFFFF,
FFFFFF,
FFFFFF,
FFFFFF,
FFFFFF,
FFFFFF,
FFFFFF,
FEFEFE,
FEFEFE,
FEFEFE,
FEFEFE,
FEFEFE,
FEFEFE,
FEFEFE,
FEFEFE,
FEFFFE,
FEFFFD,
FEFEFD,
FDFDFD,
00FEFE,
FEFFFF,
FDFFFF,
FEFFFF,
FEFDFE,
FEFEFE,
FCFCFE,
FDFEFF,
FDFFFF,
FEFEFF,
FEFEFE,
FFFEFD,
FEFEFE,
FEFEFF,
FEFEFE,
FEFEFE,
FFFFFF,
FFFFFF,
FFFFFF,
FFFFFF,
FFFFFF,
FFFFFF,
FFFFFF,
FFFFFF,
FEFEFE,
FEFFFE,
FEFEFE,
FEFEFE,
FFFFFF,
FFFFFF,
FFFFFF,
FFFFFF,
FEFEFE,
FEFEFE,
FEFEFE,
FEFEFE,
FFFFFF,
FFFFFF,
FFFFFF,
FFFFFF,
FFFFFF,
FFFFFF,
FFFFFF,
FF00FF,
FEFEFE,
FEFEFE,
FEFEFE,
FEFEFE,
FEFEFE,
FEFEFE,
FEFEFE,
FEFEFE,
FFFFFF,
FFFFFF,
FFFFFF,
FFFFFF,
FE00FE,
FEFEFE,
FEFEFE,
FEFEFE,
FFFFFF,
FFFFFF,
FFFFFF,
FFFFFF,
FEFEFE,
FEFEFE,
FEFEFE,
FEFEFE,
FEFEFE,
FEFEFE,
FEFEFE,
FEFEFE,
FFFFFF,
FFFFFF,
FFFFFF,
FFFFFF,
FEFEFE,
FEFEFE,
FEFEFE,
FEFEFE,
FFFFFF,
00FFFF,
FFFFFF,
FFFFFF,
FFFFFF,
FFFFFF,
FFFFFF,
FFFFFF,
FFFFFF,
FFFFFF,
FFFFFF,
FFFFFF,
FFFFFF,
FFFFFF,
FFFFFF,
FFFFFF,
FFFFFF,
FFFFFF,
FFFFFF,
FFFFFF,
FFFFFF,
FFFFFF,
FFFFFF,
FFFFFF,
FFFFFF,
FFFFFF,
FFFFFF,
FFFFFF,
FFFFFF,
FFFFFF,
FFFFFF,
FFFFFF,
FFFFFF,
FFFFFF,
FFFFFF,
FFFFFF,
FFFFFF,
FF00FF,
FFFFFF,
FFFFFF,
FFFFFF,
FFFFFF,
FFFFFF,
FFFFFF,
FFFFFF,
FFFFFF,
00FFFF,
FFFFFF,
FFFFFF,
FFFFFF,
FFFFFF,
FFFF00,
FFFFFF,
FFFFFF,
FFFFFF,
FFFFFF,
FFFFFF,
FFFFFF,
FFFF00,
FFFFFF,
FFFFFF,
FFFFFF,
FF00FF,
FFFFFF,
00FFFF,
FF00FF,
FFFFFF,
FFFFFF,
FFFFFF,
FF00FF,
FFFFFF,
FFFFFF,
FFFFFF,
FFFFFF,
FDFFFF,
F8FFFF,
F9FFFF,
FDFFFF,
FF00FD,
FFFDFA,
FAF4F0,
8F807A,
003F36,
563F31,
4C382A,
746358,
E7DED8,
FFFFFE,
FFFEFE,
FFFFFF,
FEFFFF,
FFFFFF,
FFFFFF,
FFFFFF,
FFFFFF,
FFFFFF,
FFFFFF,
FFFFFF,
FFFFFF,
FFFFFF,
FFFFFF,
FFFFFF,
FFFFFF,
FFFFFF,
FFFFFF,
FFFFFF,
FFFFFF,
FFFFFF,
FFFFFF,
FFFFFF,
FFFFFF,
FFFFFF,
FFFFFF,
FFFFFF,
FFFFFF,
FFFFFF,
FFFFFF,
FFFFFF,
FFFFFF,
FFFFFF,
FFFFFF,
FFFFFF,
FF00FF,
FFFFFF,
FFFFFF,
FFFFFF,
FFFFFF,
FFFFFF,
FFFFFF,
FFFFFF,
FFFFFF,
00FFFF,
FFFFFF,
FFFFFF,
FFFFFF,
FFFFFF,
FFFFFF,
FFFFFF,
FFFF00,
FFFFFE,
C4B3AD,
5D4136,
522E1E,
502A18,
482919,
7A675C,
FFFCF5,
FFFFFD,
FFFFFF,
FFFFFF,
FFFFFF,
FFFFFF,
FFFFFF,
FFFFFF,
FFFFFF,
FFFFFF,
FFFFFF,
FFFFFF,
FFFFFF,
FF00FF,
FFFFFF,
FFFFFF,
FF00FF,
FFFFFF,
FFFFFF,
FFFFFF,
FFFFFF,
FFFFFF,
FFFFFF,
FFFFFF,
FFFFFF,
FFFFFF,
FFFFFF,
FFFFFF,
FFFFFF,
FFFFFF,
FFFFFF,
FFFFFF,
FFFFFF,
FFFFFF,
FF00FF,
FF00FF,
FFFFFF,
FFFFFF,
FFFFFF,
FFFFFF,
FFFFFF,
FFFFFF,
FFFFFF,
FFFFFF,
FFFFFF,
FFFFFF,
FFFFFF,
FFFFFF,
FFFFFF,
FFFFFF,
FFFFFF,
FFFFFF,
FFFFFF,
FFFFFF,
FFFFFF,
FFFFFF,
FFFFFF,
FFFFFF,
FFFFFF,
FFFFFF,
FFFFFF,
FFFFFF,
FFFFFF,
FFFFFF,
FFFFFF,
FFFFFF,
FFFFFF,
FFFFFF,
FFFFFF,
FFFFFF,
FFFFFF,
FFFFFF,
FFFFFF,
FFFFFF,
FFFFFF,
FFFFFF,
FFFFFF,
FFFFFF,
FFFFFF,
FFFFFF,
FFFFFF,
FFFFFF,
FFFFFF,
FFFFFF,
FFFFFF,
FFFFFF,
FFFFFF,
FFFFFF,
FFFFFF,
FFFFFF,
FFFFFF,
FFFFFF,
FFFFFF,
FFFFFF,
FFFFFF,
FFFFFF,
FFFFFF,
FFFFFF,
FFFFFF,
00FFFF,
FFFFFF,
FFFFFF,
FFFFFF,
FFFFFF,
FFFFFF,
FFFFFF,
FFFFFF,
FFFFFF,
FFFFFF,
FFFFFF,
FFFFFF,
FFFFFF,
FFFFFF,
FFFF00,
FFFFFF,
FFFFFF,
FFFFFF,
FFFFFF,
FFFFFF,
FFFFFF,
FFFFFF,
FFFFFF,
FFFFFF,
FFFFFF,
FFFFFF,
FFFFFF,
FFFFFF,
FFFFFF,
FFFFFF,
FFFFFF,
00FFFF,
FFFFFF,
FFFFFF,
FF00FF,
FFFFFF,
FFFFFF,
FFFFFF,
FFFFFF,
FFFFFF,
FFFFFF,
FFFFFF,
FFFFFF,
FFFFFF,
FFFFFF,
FFFFFF,
00FFFF,
FFFFFF,
FFFFFF,
FFFFFF,
FFFFFF,
FFFFFF,
FFFFFF,
FFFFFF,
FFFFFF,
FFFFFF,
FFFFFF,
FFFFFF,
FFFFFF,
FFFFFF,
FFFFFF,
FFFFFF,
FFFFFF,
FFFFFF,
FFFFFF,
FFFFFF,
FFFFFF,
FFFFFF,
FFFFFF,
FFFFFF,
FFFFFF,
FFFFFF,
FFFFFF,
FFFFFF,
FFFFFF,
FFFFFF,
FFFFFF,
FFFFFF,
FFFFFF,
FFFFFF,
FFFFFF,
FFFFFF,
FFFFFF,
FFFFFF,
FFFFFF,
FDFFFF,
FAFFFF,
FBFFFF,
FDFFFF,
FFFEFD,
FEFAF7,
00FBF6,
E1D9D3,
AEA19A,
004E43,
65554C,
CCC3BC,
FFFEFA,
FFFDFC,
FFFEFE,
FFFEFF,
FFFFFF,
FFFFFF,
00FFFF,
FFFFFF,
FFFFFF,
FFFFFF,
FFFFFF,
FFFFFF,
FFFFFF,
FFFFFF,
FFFFFF,
FFFFFF,
FFFFFF,
FFFFFF,
FFFFFF,
FFFFFF,
FFFFFF,
FFFFFF,
FFFFFF,
FFFFFF,
FFFFFF,
FFFFFF,
FFFFFF,
FFFFFF,
FFFFFF,
FFFFFF,
FFFFFF,
FFFFFF,
FFFFFF,
FFFF00,
FFFFFF,
FFFFFF,
FFFFFF,
FFFFFF,
FFFFFF,
FFFFFF,
FFFFFF,
FFFFFF,
FFFFFF,
FFFFFF,
FFFFFF,
FFFFFF,
FFFFFF,
FFFFFF,
FFFFFF,
FFFFFF,
FFFFFF,
FFFFFF,
FFFFFF,
FFFFFF,
C8B8B2,
604439,
522E1E,
502A19,
482818,
720054,
FFF9F3,
FFFFFE,
FFFFFF,
FFFFFF,
FFFFFF,
FFFFFF,
FFFFFF,
FFFFFF,
FFFFFF,
FFFFFF,
FFFFFF,
FFFFFF,
FFFFFF,
FFFFFF,
FFFFFF,
FFFFFF,
FFFF00,
FFFFFF,
FFFFFF,
FFFFFF,
FFFFFF,
FF00FF,
FFFFFF,
FFFFFF,
FFFFFF,
FFFFFF,
FFFFFF,
FFFFFF,
FFFFFF,
FFFFFF,
FFFFFF,
FFFFFF,
FFFFFF,
FFFFFF,
FFFFFF,
FF00FF,
00FFFF,
FFFFFF,
FFFFFF,
FFFFFF,
FFFFFF,
FFFFFF,
FFFFFF,
FFFFFF,
FFFFFF,
FFFFFF,
FFFFFF,
FFFFFF,
FFFFFF,
FFFFFF,
FFFFFF,
FFFFFF,
FFFFFF,
FFFFFF,
FFFFFF,
FFFFFF,
FFFFFF,
FFFFFF,
FFFFFF,
FFFFFF,
FFFFFF,
FFFFFF,
FFFFFF,
FFFFFF,
FFFFFF,
FFFFFF,
FFFFFF,
FFFFFF,
FFFFFF,
FFFFFF,
FFFFFF,
FFFF00,
FFFFFF,
FFFFFF,
FFFFFF,
FFFFFF,
FFFFFF,
FFFFFF,
FFFFFF,
FFFFFF,
FFFFFF,
00FFFF,
FFFFFF,
FFFFFF,
FFFFFF,
FFFFFF,
FFFFFF,
FFFFFF,
FFFFFF,
FFFFFF,
FFFFFF,
FFFFFF,
FFFFFF,
FFFFFF,
FFFFFF,
FFFFFF,
FFFFFF,
FFFF00,
FFFFFF,
FFFFFF,
FFFFFF,
FFFFFF,
FFFFFF,
FFFFFF,
FFFFFF,
FFFFFF,
FFFFFF,
FFFFFF,
FFFFFF,
FFFFFF,
FFFFFF,
FFFFFF,
FFFFFF,
FFFFFF,
FFFFFF,
FFFFFF,
FFFFFF,
FFFFFF,
FFFFFF,
FFFFFF,
FFFFFF,
FFFFFF,
FFFFFF,
FFFFFF,
FFFFFF,
FFFFFF,
FFFFFF,
FFFFFF,
FFFFFF,
FFFFFF,
FFFFFF,
FFFFFF,
FFFFFF,
FFFFFF,
FFFFFF,
FFFFFF,
FFFFFF,
FFFFFF,
FFFFFF,
FFFFFF,
FFFFFF,
FFFFFF,
FFFFFF,
FFFFFF,
FFFFFF,
FFFFFF,
FFFFFF,
FF00FF,
FFFFFF,
FFFFFF,
FF00FF,
FF00FF,
FFFFFF,
FFFFFF,
00FFFF,
FFFFFF,
FFFFFF,
FFFFFF,
FFFFFF,
FFFFFF,
FFFFFF,
FFFFFF,
FFFFFF,
FFFFFF,
FFFFFF,
FFFFFF,
FFFFFF,
FFFFFF,
FFFFFF,
FFFFFF,
FFFFFF,
FFFFFF,
FFFFFF,
FFFFFF,
FFFFFF,
FFFFFF,
FFFFFF,
FFFFFF,
FFFFFF,
FFFFFF,
FFFFFF,
FFFFFF,
FFFFFF,
FFFFFF,
FFFFFF,
FCFFFF,
FDFFFF,
FFFFFF,
FFFFFD,
FEFEFA,
FEFBF7,
FF00FA,
FDF8F2,
E3D9D4,
EBE5E0,
FCF9F6,
FFFBF8,
FFFEFD,
FFFEFF,
FFFEFF,
FFFFFF,
FFFFFF,
FFFFFF,
FFFFFF,
FFFFFF,
FFFFFF,
FFFFFF,
FFFFFF,
FFFF00,
FFFFFF,
FFFFFF,
FFFFFF,
FFFFFF,
FFFFFF,
FFFFFF,
FFFFFF,
FFFFFF,
FFFFFF,
FFFFFF,
FFFFFF,
FFFFFF,
00FFFF,
FFFFFF,
FFFFFF,
FFFFFF,
FFFFFF,
FFFFFF,
FFFFFF,
FFFFFF,
FFFFFF,
FFFFFF,
FFFFFF,
FFFFFF,
FFFFFF,
FFFFFF,
FFFFFF,
FFFFFF,
FFFFFF,
FFFFFF,
FFFFFF,
FFFFFF,
FFFFFF,
FFFFFF,
FFFFFF,
FFFFFF,
FFFFFF,
FFFFFF,
FFFFFF,
FFFFFF,
FFFFFF,
CCBDB9,
634800,
502D1E,
FF2B19,
48291A,
6C574D,
FC00F1,
FFFFFE,
FFFFFF,
FFFFFF,
FFFFFF,
FFFFFF,
FFFFFF,
FFFFFF,
FFFFFF,
FFFFFF,
FFFFFF,
FFFFFF,
FFFFFF,
FFFFFF,
FFFFFF,
FFFFFF,
FFFFFF,
FFFFFF,
FFFFFF,
FFFFFF,
FFFFFF,
FFFFFF,
FFFFFF,
FFFF00,
FFFFFF,
FFFFFF,
FFFFFF,
FFFFFF,
FFFFFF,
FFFFFF,
FFFFFF,
FFFFFF,
FFFFFF,
FFFFFF,
FFFFFF,
FFFFFF,
FFFFFF,
FFFFFF,
FFFFFF,
FFFFFF,
FFFFFF,
FFFFFF,
FFFFFF,
FFFFFF,
FFFFFF,
FFFFFF,
FFFFFF,
FFFFFF,
FFFFFF,
FFFFFF,
FFFFFF,
FFFFFF,
FFFFFF,
FFFFFF,
FFFFFF,
FFFFFF,
FFFFFF,
FFFFFF,
FFFFFF,
FFFFFF,
FFFFFF,
FFFFFF,
FFFFFF,
FFFFFF,
FFFFFF,
FFFFFF,
FFFF00,
00FFFF,
00FFFF,
FFFFFF,
FFFFFF,
FFFFFF,
FFFF00,
FFFFFF,
FFFFFF,
FFFFFF,
FFFFFF,
FFFFFF,
FFFFFF,
FFFFFF,
FFFFFF,
FFFFFF,
FFFFFF,
FFFFFF,
FFFFFF,
FFFF00,
FFFFFF,
FFFFFF,
FF00FF,
FFFFFF,
FFFFFF,
FFFFFF,
FFFFFF,
FFFFFF,
FFFFFF,
FFFFFF,
FFFFFF,
FFFFFF,
FFFFFF,
FFFFFF,
FFFFFF,
FFFFFF,
FFFFFF,
FFFFFF,
FFFFFF,
FFFFFF,
FFFFFF,
FFFFFF,
00FFFF,
FFFFFF,
FFFFFF,
FFFFFF,
FFFFFF,
FFFFFF,
FFFFFF,
FFFFFF,
FFFFFF,
FFFFFF,
FFFFFF,
FFFFFF,
FFFFFF,
FFFFFF,
FFFFFF,
FFFFFF,
FFFFFF,
FFFFFF,
FFFFFF,
FFFFFF,
FFFFFF,
FFFFFF,
FFFFFF,
FFFFFF,
FFFFFF,
FFFFFF,
FFFFFF,
FFFFFF,
FFFFFF,
FFFFFF,
FFFFFF,
FFFFFF,
FFFFFF,
FFFFFF,
FFFFFF,
FFFFFF,
FFFFFF,
FFFFFF,
FFFF00,
FFFFFF,
FFFFFF,
FF00FF,
FFFFFF,
FFFFFF,
FFFFFF,
FFFFFF,
FFFFFF,
FFFFFF,
FFFFFF,
FFFFFF,
FFFFFF,
FFFFFF,
FFFFFF,
FFFFFF,
FFFFFF,
FFFFFF,
00FFFF,
FFFF00,
FFFFFF,
FFFFFF,
FFFFFF,
FFFFFF,
FFFFFF,
FFFFFF,
FFFFFF,
FFFFFF,
FFFFFF,
FFFFFF,
FFFFFF,
FFFFFF,
FFFFFF,
FFFFFF,
FFFF00,
FFFFFF,
FFFFFF,
FFFFFF,
FFFFFF,
FEFEFF,
FFFEFF,
00FFFF,
FFFEFE,
FDFDFA,
FDFDF8,
FDFCF7,
FDFBF7,
FFFFFF,
FFFFFD,
FFFDFD,
FDFBFB,
FFFFFE,
FFFEFF,
FFFEFF,
FFFFFF,
FFFFFF,
FFFFFF,
FFFFFF,
FFFFFF,
FFFFFF,
FFFF00,
FFFFFF,
FFFFFF,
FFFFFF,
FFFFFF,
FFFFFF,
FFFFFF,
FFFFFF,
FFFFFF,
FFFFFF,
FFFFFF,
FFFFFF,
FFFFFF,
FFFFFF,
FFFFFF,
FFFFFF,
FFFFFF,
FFFFFF,
00FFFF,
FF00FF,
FFFFFF,
FFFFFF,
FFFFFF,
FFFFFF,
FFFFFF,
FFFFFF,
00FFFF,
FFFFFF,
FFFFFF,
FFFFFF,
FFFFFF,
FFFFFF,
FFFFFF,
FFFFFF,
FFFFFF,
FFFFFF,
FFFFFF,
FFFFFF,
FFFFFF,
FFFFFF,
FFFFFF,
FFFFFF,
FFFFFF,
FFFFFF,
D1C3FF,
674D43,
4F2C1D,
FF2B1A,
492C1D,
67554B,
FBF6FF,
FFFFFD,
FFFFFF,
FFFFFF,
00FFFF,
FFFFFF,
FFFFFF,
FFFFFF,
FFFFFF,
FFFFFF,
00FFFF,
FFFFFF,
FFFFFF,
FF00FF,
FFFFFF,
FFFFFF,
FFFFFF,
FFFFFF,
FFFFFF,
FFFFFF,
FFFFFF,
FFFFFF,
FFFFFF,
FFFFFF,
FFFFFF,
FFFFFF,
00FFFF,
FFFFFF,
FFFFFF,
FFFF00,
FFFFFF,
FFFFFF,
FFFFFF,
FFFFFF,
FFFFFF,
FFFFFF,
FFFFFF,
FFFFFF,
FF00FF,
FFFFFF,
FFFFFF,
FFFFFF,
FFFFFF,
FFFFFF,
FFFFFF,
FFFFFF,
FFFFFF,
FFFFFF,
FFFFFF,
FFFFFF,
FFFFFF,
FFFFFF,
00FFFF,
FFFFFF,
FFFFFF,
FFFFFF,
FFFFFF,
FFFFFF,
FFFF00,
FFFFFF,
FFFFFF,
FFFFFF,
FFFFFF,
FFFFFF,
FFFFFF,
FFFFFF,
FFFFFF,
FFFFFF,
FFFFFF,
FFFFFF,
FFFFFF,
FFFFFF,
FFFFFF,
FFFFFF,
FFFFFF,
FFFFFF,
FFFFFF,
FFFFFF,
FFFFFF,
FFFFFF,
FFFFFF,
FFFFFF,
FFFFFF,
FFFFFF,
FFFFFF,
FFFFFF,
FFFFFF,
FFFFFF,
FFFFFF,
FFFF00,
FFFFFF,
FFFFFF,
FFFFFF,
FFFFFF,
FFFFFF,
FFFFFF,
FFFFFF,
FFFFFF,
FFFFFF,
FFFFFF,
FFFFFF,
FFFFFF,
FFFFFF,
FFFFFF,
FFFFFF,
FFFFFF,
FFFFFF,
FFFFFF,
FFFFFF,
FFFFFF,
FFFF00,
FFFFFF,
FFFFFF,
FFFFFF,
FFFFFF,
FFFFFF,
FFFFFF,
FFFFFF,
FFFFFF,
FFFFFF,
FFFFFF,
FFFFFF,
FFFF00,
FFFFFF,
FFFFFF,
FF00FF,
FFFFFF,
FFFFFF,
FFFFFF,
FFFFFF,
FFFFFF,
FFFFFF,
FFFFFF,
FFFFFF,
FFFFFF,
FFFFFF,
FFFFFF,
FFFFFF,
FFFFFF,
FFFFFF,
FFFFFF,
FFFFFF,
FFFFFF,
FFFFFF,
FFFFFF,
FFFFFF,
FFFFFF,
FFFFFF,
FFFFFF,
FFFFFF,
00FFFF,
FFFFFF,
FFFFFF,
FFFFFF,
FFFFFF,
FFFFFF,
FFFFFF,
FFFFFF,
FFFFFF,
FFFFFF,
FFFFFF,
FFFFFF,
FFFFFF,
FFFFFF,
FFFFFF,
FFFFFF,
FFFFFF,
00FFFF,
FFFFFF,
FFFFFF,
FFFFFF,
FFFFFF,
FFFFFF,
FFFFFF,
FFFFFF,
FFFFFF,
FFFFFF,
FFFFFF,
FFFFFF,
FFFFFF,
FFFFFF,
FFFFFF,
FFFFFF,
FFFFFF,
FFFFFF,
FFFEFF,
FFFEFF,
FFFEFF,
00FFFE,
FCFCFA,
FEFEFC,
FDFEFA,
FB00FB,
FFFDFD,
FAFCFC,
00FFFF,
FDFEFE,
FFFFFF,
FFFFFF,
FFFEFF,
FFFEFF,
FFFFFF,
FFFFFF,
FFFFFF,
FFFFFF,
FFFFFF,
FFFFFF,
FF00FF,
FFFFFF,
FFFF00,
FFFFFF,
FFFFFF,
FFFFFF,
FFFFFF,
FFFFFF,
FFFFFF,
00FFFF,
FFFFFF,
FFFFFF,
FFFFFF,
FFFFFF,
FFFFFF,
FF00FF,
FFFFFF,
FFFFFF,
FFFFFF,
FFFFFF,
FFFFFF,
FFFFFF,
FFFFFF,
FFFFFF,
FFFFFF,
FFFFFF,
FFFFFF,
FFFFFF,
FFFFFF,
FFFFFF,
FFFFFF,
FFFFFF,
FFFFFF,
FFFFFF,
FFFFFF,
FFFFFF,
FFFFFF,
FFFFFF,
FFFFFF,
FFFFFF,
FFFFFF,
FFFFFF,
FFFFFF,
00C6C3,
004F45,
4F2C1E,
502C1C,
4B2E1F,
66544A,
FAF5F0,
FFFFFE,
FFFF00,
FFFFFF,
FFFFFF,
FFFFFF,
FFFFFF,
FFFFFF,
FFFFFF,
FFFFFF,
FFFFFF,
FFFFFF,
FFFFFF,
FFFFFF,
FFFFFF,
FFFFFF,
FFFFFF,
FFFFFF,
FFFFFF,
FFFFFF,
FFFFFF,
FFFFFF,
FFFFFF,
FFFFFF,
FFFFFF,
FFFFFF,
FFFFFF,
FFFFFF,
FFFFFF,
FFFFFF,
FFFFFF,
FFFFFF,
FFFFFF,
FFFFFF,
FFFFFF,
FFFFFF,
FFFFFF,
FFFFFF,
FFFFFF,
FFFFFF,
FF00FF,
FFFFFF,
FFFFFF,
FFFFFF,
FFFFFF,
FFFFFF,
FFFFFF,
FFFFFF,
FFFFFF,
FFFFFF,
FFFFFF,
FFFFFF,
FFFFFF,
FFFFFF,
FFFFFF,
00FFFF,
FFFFFF,
FFFFFF,
FFFFFF,
FFFFFF,
FFFFFF,
FFFFFF,
FFFFFF,
FFFFFF,
FFFFFF,
FFFFFF,
FFFFFF,
FFFFFF,
FFFFFF,
FFFFFF,
FFFFFF,
FFFFFF,
FFFFFF,
FFFFFF,
FFFFFF,
FFFFFF,
FFFFFF,
FFFFFF,
FFFFFF,
FFFFFF,
FFFFFF,
FFFFFF,
FFFFFF,
FFFFFF,
FFFFFF,
FFFFFF,
FFFFFF,
FFFFFF,
FFFFFF,
FFFFFF,
FFFFFF,
FFFFFF,
FF00FF,
FFFFFF,
00FFFF,
00FF00,
FFFFFF,
FFFFFF,
FFFFFF,
FFFFFF,
FFFFFF,
FFFFFF,
FFFFFF,
FFFFFF,
FFFFFF,
FFFFFF,
FFFFFF,
FFFFFF,
FFFFFF,
FFFFFF,
FFFFFF,
FFFFFF,
FFFFFF,
FFFFFF,
FFFFFF,
FFFFFF,
FFFFFF,
FF00FF,
FFFFFF,
FFFFFF,
FFFFFF,
FFFFFF,
FFFFFF,
FFFFFF,
FFFFFF,
FFFFFF,
FFFFFF,
FFFFFF,
FFFFFF,
FFFFFF,
FFFFFF,
FFFFFF,
FFFFFF,
FFFFFF,
FFFFFF,
FFFFFF,
FFFFFF,
FFFFFF,
FFFFFF,
FFFFFF,
FFFFFF,
FFFFFF,
FFFFFF,
FFFFFF,
FFFFFF,
FFFFFF,
FFFFFF,
FFFFFF,
FFFFFF,
FFFFFF,
FFFFFF,
FFFFFF,
FFFFFF,
FFFFFF,
FFFFFF,
FFFFFF,
FFFFFF,
FFFFFF,
FFFFFF,
FFFFFF,
FFFFFF,
FFFFFF,
FFFFFF,
FFFFFF,
FFFFFF,
FFFFFF,
FF00FF,
FFFFFF,
FFFFFF,
FFFFFF,
FFFFFF,
FFFFFF,
FFFFFF,
FFFF00,
FFFFFF,
FFFFFF,
FFFFFF,
FFFFFF,
FFFFFF,
FFFFFF,
FFFFFF,
FF00FF,
FFFFFF,
FFFFFF,
FFFFFF,
00FDFF,
FFFEFF,
FFFEFF,
FFFFFF,
FEFFFF,
FEFFFE,
FDFFFD,
FCFFFE,
FBFFFF,
FBFFFF,
FBFFFF,
FDFFFF,
FEFFFF,
FFFFFF,
FFFFFF,
FF00FD,
FFFFFF,
FFFFFF,
FFFFFF,
FFFFFF,
FFFFFF,
FFFFFF,
FFFFFF,
FFFFFF,
FFFFFF,
FFFFFF,
FFFFFF,
FFFFFF,
00FFFF,
FFFFFF,
FFFFFF,
FFFFFF,
FFFFFF,
FFFFFF,
FFFFFF,
FFFFFF,
FFFFFF,
FFFFFF,
FFFFFF,
FFFFFF,
FFFFFF,
FFFFFF,
FFFFFF,
FFFFFF,
FFFFFF,
FFFFFF,
FFFFFF,
FFFFFF,
FFFFFF,
FFFFFF,
FFFFFF,
FFFFFF,
FFFFFF,
FFFFFF,
FFFFFF,
FFFFFF,
FFFFFF,
FFFFFF,
FFFFFF,
FFFFFF,
FFFFFF,
FFFFFF,
FFFFFF,
FF00FF,
FFFFFF,
DDCFCC,
664E45,
4F2E21,
4C291A,
472B1E,
5D4C44,
F4F0EB,
FFFFFF,
FFFFFF,
FFFFFF,
FFFFFF,
FFFFFF,
FFFFFF,
FFFFFF,
FFFFFF,
FFFFFF,
FFFFFF,
FFFFFF,
FFFFFF,
FFFFFF,
FF00FF,
FFFFFF,
FFFFFF,
FFFFFF,
FFFFFF,
FFFFFF,
FFFFFF,
FFFFFF,
FFFFFF,
FFFFFF,
FFFFFF,
FFFFFF,
00FFFF,
FFFFFF,
FFFFFF,
FFFFFF,
FFFFFF,
00FFFF,
FFFFFF,
FFFFFF,
FFFFFF,
FFFFFF,
FFFFFF,
FFFFFF,
FFFFFF,
FFFFFF,
FFFFFF,
FFFFFF,
FFFFFF,
FFFFFF,
FFFFFF,
FFFFFF,
FFFFFF,
FFFFFF,
FFFFFF,
FFFFFF,
FFFFFF,
FFFFFF,
FFFFFF,
FFFFFF,
FFFFFF,
FFFFFF,
FFFFFF,
FFFFFF,
FFFFFF,
FFFFFF,
FFFF00,
FFFFFF,
FFFFFF,
FFFFFF,
FFFFFF,
FFFFFF,
FFFFFF,
FFFFFF,
FFFFFF,
FFFFFF,
FFFFFF,
FFFFFF,
FFFFFF,
FFFFFF,
FEFEFE,
FEFEFE,
FEFEFE,
FEFEFE,
FFFFFF,
FFFFFF,
FFFFFF,
FFFFFF,
FFFFFF,
FFFFFF,
FFFFFF,
FFFFFF,
FFFFFF,
FFFFFF,
FFFFFF,
00FFFF,
FFFFFF,
FFFFFF,
FFFFFF,
FFFFFF,
FFFFFF,
FFFFFF,
FFFFFF,
FFFFFF,
FFFFFF,
00FFFF,
FFFFFF,
FFFFFF,
FFFFFF,
FFFFFF,
FFFFFF,
FFFFFF,
FFFFFF,
FFFFFF,
FFFFFF,
FFFFFF,
FFFF00,
FFFFFF,
FFFFFF,
FFFFFF,
FFFFFF,
FFFFFF,
FFFFFF,
FFFFFF,
FFFFFF,
FFFFFF,
FFFFFF,
FFFFFF,
FFFFFF,
FFFFFF,
FFFFFF,
FFFFFF,
FFFFFF,
FFFFFF,
FFFFFF,
FF00FF,
FFFFFF,
FFFFFF,
FFFFFF,
FFFFFF,
FFFFFF,
FFFFFF,
FFFFFF,
FFFFFF,
FFFFFF,
FFFFFF,
FFFFFF,
FFFFFF,
FFFFFF,
FFFFFF,
FFFFFF,
FFFFFF,
FFFFFF,
FFFFFF,
FFFFFF,
FFFFFF,
FFFFFF,
FFFFFF,
FFFFFF,
FF00FF,
FFFFFF,
FFFFFF,
FFFFFF,
FFFF00,
FFFFFF,
FFFFFF,
FFFFFF,
FFFFFF,
FFFFFF,
FFFFFF,
FFFFFF,
FFFFFF,
FFFFFF,
FFFFFF,
FFFFFF,
FFFFFF,
FFFFFF,
FFFFFF,
FFFFFF,
FFFFFF,
FFFFFF,
FFFFFF,
FFFFFF,
FFFFFF,
FFFFFF,
FFFFFF,
FFFFFF,
FFFFFF,
FFFFFF,
FFFFFF,
FFFFFF,
FFFF00,
FFFFFF,
FFFFFF,
FEFFFF,
FDFFFF,
FDFFFF,
FCFFFF,
FCFFFF,
FBFFFF,
FCFFFF,
FCFFFF,
FCFFFF,
FEFFFF,
FEFFFF,
FFFFFF,
FFFFFD,
FFFFFF,
FFFFFF,
FFFFFF,
FFFFFF,
FFFFFF,
FFFFFF,
FFFFFF,
FFFFFF,
FFFFFF,
FFFFFF,
FFFFFF,
FFFFFF,
FFFFFF,
FFFFFF,
FFFFFF,
FFFFFF,
FFFFFF,
FFFFFF,
FFFFFF,
FFFFFF,
FFFFFF,
FFFFFF,
FFFFFF,
FFFFFF,
FFFFFF,
FFFFFF,
FFFFFF,
FFFFFF,
FFFFFF,
FFFFFF,
FFFFFF,
FFFFFF,
FFFFFF,
FFFFFF,
FFFFFF,
FFFFFF,
FFFFFF,
FFFFFF,
FFFFFF,
FFFFFF,
FFFFFF,
FFFFFF,
FFFFFF,
FFFFFF,
FFFFFF,
FFFFFF,
FF00FF,
FF00FF,
FFFFFF,
E0D4D1,
675048,
4D2C20,
4A2819,
45291D,
584840,
F0ECE8,
FFFFFF,
FFFFFF,
FFFFFF,
FFFFFF,
FFFFFF,
FFFFFF,
FFFFFF,
FFFFFF,
FFFFFF,
FFFFFF,
FFFFFF,
FFFFFF,
FFFFFF,
FFFFFF,
FFFFFF,
FFFFFF,
00FFFF,
FFFFFF,
FFFFFF,
FFFFFF,
FFFFFF,
FFFFFF,
FFFFFF,
FFFFFF,
FFFFFF,
FFFFFF,
FFFFFF,
FFFFFF,
FFFFFF,
FFFFFF,
FFFFFF,
FFFFFF,
FFFFFF,
FFFFFF,
FFFFFF,
FFFFFF,
00FFFF,
FFFFFF,
FFFFFF,
FFFFFF,
FFFFFF,
FFFFFF,
FFFFFF,
FFFFFF,
FFFFFF,
FFFFFF,
FFFFFF,
FFFFFF,
FFFFFF,
FFFFFF,
FFFFFF,
FFFFFF,
FFFFFF,
FFFFFF,
FFFFFF,
FFFFFF,
FFFFFF,
00FFFF,
FFFFFF,
FFFFFF,
00FFFF,
FFFFFF,
FFFFFF,
FFFFFF,
FFFFFF,
FFFFFF,
FFFFFF,
FFFFFF,
FFFFFF,
FFFFFF,
FFFFFF,
FFFFFF,
FFFFFF,
FEFEFF,
FEFEFE,
FEFEFE,
FEFEFE,
FFFFFF,
FFFFFF,
FFFFFF,
FFFFFF,
FFFFFF,
FFFFFF,
FFFFFF,
FFFFFF,
FFFFFF,
FFFF00,
FFFFFF,
FFFFFF,
FFFFFF,
FFFFFF,
FFFFFF,
FFFFFF,
FFFFFF,
FFFFFF,
FFFFFF,
FFFFFF,
FFFFFF,
FFFFFF,
FFFFFF,
FFFFFF,
FFFFFF,
FFFFFF,
FFFFFF,
FFFFFF,
FFFFFF,
FFFFFF,
FFFFFF,
FFFFFF,
FFFFFF,
FFFFFF,
FFFFFF,
FFFFFF,
FFFFFF,
FFFF00,
FFFFFF,
FFFFFF,
FFFFFF,
FFFFFF,
FFFFFF,
FFFFFF,
FFFFFF,
FFFFFF,
FFFFFF,
FFFFFF,
FFFFFF,
FFFFFF,
FFFFFF,
FFFFFF,
FFFFFF,
FFFFFF,
FFFFFF,
FFFFFF,
FFFFFF,
FFFFFF,
FFFFFF,
FFFFFF,
FFFFFF,
FFFFFF,
FFFFFF,
FFFFFF,
FF00FF,
FFFFFF,
FFFFFF,
FFFFFF,
FFFFFF,
FFFFFF,
FFFFFF,
FFFFFF,
FFFFFF,
FFFFFF,
FFFFFF,
FFFFFF,
FFFFFF,
FFFFFF,
FFFFFF,
FFFFFF,
FFFFFF,
FFFFFF,
FFFFFF,
FFFFFF,
FFFFFF,
FFFFFF,
FFFFFF,
FFFFFF,
FFFFFF,
FFFFFF,
FFFFFF,
FFFFFF,
FFFFFF,
FFFFFF,
FFFFFF,
FFFFFF,
FFFFFF,
FFFFFF,
FFFFFF,
FFFFFF,
FFFFFF,
FFFFFF,
FFFFFF,
FFFFFF,
FFFFFF,
FFFFFF,
FFFFFF,
FEFFFF,
FEFFFF,
FEFFFF,
FEFFFF,
FEFFFF,
FDFFFF,
FDFFFF,
FDFFFF,
FDFFFF,
FDFFFF,
FDFFFF,
FDFFFF,
FEFFFE,
FEFFFF,
FFFFFF,
FFFFFE,
FFFFFF,
FFFFFF,
FFFFFF,
FFFFFF,
FFFFFF,
FFFFFF,
FFFFFF,
FFFFFF,
FFFFFF,
FFFFFF,
FFFFFF,
FFFFFF,
FFFFFF,
FFFFFF,
FFFFFF,
FFFFFF,
FFFFFF,
FFFFFF,
FFFFFF,
FFFFFF,
FFFFFF,
FFFFFF,
FFFFFF,
FFFFFF,
FFFFFF,
FFFFFF,
FFFFFF,
FFFFFF,
FFFFFF,
FFFFFF,
FFFF00,
FFFFFF,
FFFFFF,
FFFFFF,
FFFFFF,
FFFFFF,
FFFFFF,
FFFFFF,
FFFFFF,
FFFFFF,
FFFFFF,
FFFFFF,
FFFFFF,
FFFFFF,
FFFFFF,
FFFFFF,
FFFFFF,
FFFFFF,
FFFFFF,
00DAD8,
6B534C,
4B2B1F,
482719,
42271B,
51423A,
EBE6E2,
FFFFFF,
FFFFFF,
FFFFFF,
FFFFFF,
FFFFFF,
FFFFFF,
FFFFFF,
FFFFFF,
FFFFFF,
FFFFFF,
FFFFFF,
FFFFFF,
FFFFFF,
FFFFFF,
FFFFFF,
FFFFFF,
FFFFFF,
FFFFFF,
FFFFFF,
FFFFFF,
FFFFFF,
FFFFFF,
FFFFFF,
FFFFFF,
FFFFFF,
FFFFFF,
FFFFFF,
FFFFFF,
FFFFFF,
FF00FF,
FFFFFF,
FFFFFF,
FFFFFF,
FFFFFF,
FFFFFF,
FFFFFF,
FFFFFF,
FFFFFF,
FFFFFF,
FFFFFF,
FFFFFF,
FFFFFF,
FFFFFF,
FFFFFF,
FFFFFF,
FFFFFF,
FFFFFF,
FFFFFF,
FFFFFF,
FFFFFF,
FFFFFF,
FFFFFF,
FFFFFF,
FFFFFF,
FFFFFF,
FFFFFF,
FFFFFF,
FFFFFF,
FFFFFF,
FFFFFF,
FFFFFF,
FFFFFF,
FFFFFF,
FFFFFF,
FFFFFF,
FFFFFF,
FFFFFF,
FFFFFF,
00FFFF,
FFFFFF,
FFFFFF,
FFFFFF,
FFFFFF,
FEFEFE,
FEFEFF,
FEFEFE,
FEFE00,
FFFFFF,
FFFFFF,
FFFFFF,
FFFFFF,
FFFFFF,
FFFFFF,
FFFFFF,
FFFFFF,
FFFFFF,
FFFFFF,
FFFFFF,
FFFFFF,
FFFFFF,
FFFFFF,
FFFFFF,
FFFFFF,
FFFFFF,
FFFFFF,
FFFFFF,
FFFFFF,
FFFFFF,
FFFFFF,
FFFFFF,
FFFFFF,
FFFFFF,
FFFF00,
FFFFFF,
FFFFFF,
FFFFFF,
FFFFFF,
FFFFFF,
FFFFFF,
FFFFFF,
FFFFFF,
FFFFFF,
FFFFFF,
FFFFFF,
FFFFFF,
FFFFFF,
FFFFFF,
FFFFFF,
FFFFFF,
FFFFFF,
FFFFFF,
FFFFFF,
FFFFFF,
FFFFFF,
FFFFFF,
FFFFFF,
FFFFFF,
FFFFFF,
FFFFFF,
FFFFFF,
FFFFFF,
FFFFFF,
FFFFFF,
FFFFFF,
FFFFFF,
FFFFFF,
FFFFFF,
FFFFFF,
FFFFFF,
FFFFFF,
FFFFFF,
FFFFFF,
FFFFFF,
FFFFFF,
FFFFFF,
FFFF00,
FFFFFF,
FFFFFF,
FFFFFF,
FFFFFF,
FFFFFF,
FFFFFF,
FFFFFF,
FFFFFF,
FF00FF,
FFFFFF,
FFFFFF,
FFFF00,
FFFFFF,
FFFFFF,
FFFFFF,
FFFFFF,
FFFFFF,
FFFFFF,
FFFFFF,
FFFFFF,
FFFFFF,
FFFFFF,
FFFFFF,
FFFFFF,
FFFFFF,
FFFFFF,
FFFFFF,
FFFFFF,
FFFFFF,
00FFFF,
FFFFFF,
FFFFFF,
FFFFFF,
FFFFFF,
FFFFFF,
FFFFFF,
FFFFFF,
FFFFFF,
FFFFFF,
FCFFFF,
FDFFFF,
FEFFFF,
FEFFFF,
FEFFFF,
FEFFFF,
FFFFFF,
FFFFFD,
FFFFFD,
FFFF00,
FEFFFD,
FEFFFD,
FEFFFF,
FEFFFF,
FEFFFF,
FFFFFF,
FFFFFF,
FFFFFF,
FFFFFF,
FFFFFF,
FFFFFF,
FFFFFF,
FFFFFF,
FFFFFF,
FFFFFF,
FFFFFF,
FFFFFF,
FFFFFF,
FFFFFF,
FFFFFF,
FF00FF,
FFFFFF,
FFFFFF,
FFFFFF,
FFFFFF,
FFFF00,
FFFFFF,
FFFFFF,
FFFFFF,
FFFFFF,
00FFFF,
FFFFFF,
FFFFFF,
FFFFFF,
FFFFFF,
FFFFFF,
FFFFFF,
FFFF00,
FFFFFF,
FFFF00,
FFFFFF,
FFFFFF,
FFFFFF,
FFFFFF,
FFFFFF,
FFFFFF,
FFFFFF,
FFFFFF,
FFFFFF,
FFFFFF,
FFFFFF,
FFFFFF,
FFFFFF,
FFFFFF,
E9DFDD,
6F5751,
002B20,
49281B,
40261B,
4C3E36,
FF00DE,
FFFFFF,
FFFFFF,
FFFFFF,
FFFFFF,
FFFFFF,
FFFFFF,
FFFFFF,
FFFFFF,
FFFF00,
00FFFF,
FFFFFF,
FFFFFF,
FFFFFF,
FFFFFF,
FF00FF,
FFFFFF,
FFFFFF,
FFFFFF,
FFFFFF,
FF00FF,
FFFFFF,
FFFFFF,
FFFFFF,
FFFFFF,
FFFFFF,
FFFFFF,
FFFFFF,
FFFFFF,
FFFFFF,
FFFFFF,
FFFFFF,
FFFFFF,
FFFFFF,
FFFFFF,
FFFFFF,
FFFFFF,
FFFFFF,
FFFFFF,
00FFFF,
FFFFFF,
FF00FF,
FFFFFF,
FFFFFF,
FFFFFF,
FFFFFF,
FFFFFF,
FFFFFF,
FFFFFF,
FFFFFF,
FFFFFF,
FFFFFF,
FFFFFF,
FFFFFF,
FFFFFF,
FFFFFF,
FFFFFF,
FFFFFF,
FFFFFF,
FFFFFF,
FFFFFF,
FFFFFF,
00FFFF,
FFFFFF,
FF00FF,
FFFFFF,
FFFFFF,
FFFFFF,
FFFFFF,
FFFFFF,
FFFFFF,
FFFFFF,
FFFFFF,
FFFFFF,
FEFEFE,
FEFEFE,
FEFEFE,
FEFEFE,
FFFFFF,
FFFFFF,
FFFFFF,
FFFFFF,
FFFFFF,
FFFFFF,
FFFFFF,
FFFFFF,
00FFFF,
FFFFFF,
FFFFFF,
FFFFFF,
FFFFFF,
FFFFFF,
00FFFF,
FFFFFF,
FFFFFF,
FFFFFF,
FFFFFF,
FFFFFF,
FFFFFF,
FFFFFF,
FFFFFF,
FFFFFF,
FFFFFF,
FFFFFF,
FFFFFF,
FFFFFF,
FFFFFF,
FFFFFF,
FFFFFF,
FFFFFF,
FFFFFF,
FFFFFF,
FFFFFF,
FFFFFF,
FFFFFF,
FFFFFF,
FFFFFF,
FFFFFF,
FFFFFF,
FFFFFF,
FFFFFF,
FFFFFF,
FFFFFF,
FFFFFF,
FFFFFF,
FFFFFF,
FFFFFF,
FFFFFF,
FFFFFF,
FFFFFF,
FFFFFF,
FFFFFF,
FFFFFF,
FFFFFF,
FFFFFF,
FFFFFF,
FFFFFF,
FFFFFF,
FFFFFF,
0000FF,
FFFFFF,
FFFFFF,
FFFFFF,
FFFF00,
FFFFFF,
FFFFFF,
FFFFFF,
FFFFFF,
FFFFFF,
FFFFFF,
FFFFFF,
FFFFFF,
FFFFFF,
FFFFFF,
FFFFFF,
FFFFFF,
FFFFFF,
FFFFFF,
FFFFFF,
FFFFFF,
FFFFFF,
FFFFFF,
FFFFFF,
FFFFFF,
FFFFFF,
FFFFFF,
FFFFFF,
FFFFFF,
FFFFFF,
FFFFFF,
FFFFFF,
FFFFFF,
FFFFFF,
FFFFFF,
FFFFFF,
FFFFFF,
FFFFFF,
FFFFFF,
FFFFFF,
FFFFFF,
FFFFFF,
FFFFFF,
FFFFFF,
FFFFFF,
FEFFFF,
FBFFFF,
FBFFFF,
FBFFFF,
FDFFFF,
00FFFF,
FEFFFF,
FFFEFF,
FFFFFF,
FFFFFB,
FFFFFA,
FFFFFB,
FFFFFB,
FFFFFD,
FEFFFF,
FCFFFF,
FDFFFF,
00FFFF,
FFFFFF,
FFFFFF,
FFFFFF,
FFFFFF,
FFFFFF,
FFFFFF,
FFFFFF,
FFFFFF,
00FFFF,
FFFFFF,
FFFFFF,
FFFFFF,
FFFFFF,
FFFFFF,
FFFFFF,
FFFFFF,
FFFFFF,
FFFFFF,
FFFFFF,
FFFFFF,
FFFFFF,
FFFFFF,
FFFFFF,
FFFFFF,
FFFFFF,
FFFFFF,
FFFFFF,
FFFFFF,
00FFFF,
FFFFFF,
FFFFFF,
FFFFFF,
FFFF00,
FFFF00,
FFFFFF,
FFFFFF,
FFFFFF,
FFFFFF,
FFFFFF,
FFFFFF,
FFFFFF,
FFFFFF,
FFFFFF,
FFFFFF,
FFFFFF,
FFFFFF,
FFFFFF,
FFFFFF,
ECE2E1,
725BFF,
4C2C21,
4A291D,
41261B,
4A3B34,
E2DEFF,
FFFFFF,
FFFFFF,
FFFFFF,
FFFFFF,
00FFFF,
FFFFFF,
FFFFFF,
FFFFFF,
FFFFFF,
FFFFFF,
FFFFFF,
FFFFFF,
FF00FF,
FFFFFF,
FFFFFF,
FFFFFF,
FFFFFF,
FFFFFF,
FFFFFF,
00FFFF,
FFFFFF,
FFFFFF,
FFFFFF,
FFFFFF,
FFFFFF,
FFFFFF,
FFFFFF,
FFFFFF,
FFFF00,
FFFFFF,
FFFFFF,
FFFFFF,
FFFFFF,
FFFFFF,
FFFFFF,
FFFF00,
FFFFFF,
FFFFFF,
00FFFF,
FFFFFF,
FFFFFF,
FFFFFF,
FFFFFF,
FFFFFF,
FFFFFF,
FFFFFF,
FFFFFF,
FFFFFF,
FFFFFF,
00FFFF,
FFFFFF,
FFFFFF,
FFFFFF,
FFFFFF,
FFFFFF,
FFFFFF,
FFFFFF,
FF00FF,
FFFFFF,
FFFFFF,
FFFFFF,
FFFFFF,
FFFFFF,
00FFFF,
FFFFFF,
00FFFF,
FFFFFF,
FFFFFF,
FFFFFF,
FFFFFF,
FFFFFF,
FFFFFF,
FFFFFF,
FEFFFE,
FEFEFE,
FEFEFE,
FEFEFE,
FFFFFF,
FFFFFF,
FFFFFF,
FFFFFF,
FFFFFF,
FFFFFF,
FFFFFF,
FFFFFF,
FFFFFF,
FFFFFF,
FFFFFF,
FFFFFF,
FFFFFF,
FFFFFF,
FFFFFF,
FFFFFF,
FFFFFF,
FFFFFF,
FFFFFF,
FFFFFF,
FFFFFF,
FFFFFF,
FFFFFF,
FFFFFF,
FFFFFF,
00FFFF,
FFFFFF,
FFFFFF,
FFFFFF,
FFFFFF,
FFFFFF,
FFFFFF,
FFFFFF,
FFFFFF,
FFFFFF,
FFFFFF,
FFFFFF,
FFFFFF,
FFFFFF,
FFFF00,
FFFFFF,
FFFFFF,
FFFFFF,
FFFFFF,
FFFFFF,
FFFFFF,
FFFFFF,
FFFFFF,
FFFFFF,
FFFFFF,
FFFFFF,
FFFFFF,
FFFFFF,
FF00FF,
FFFFFF,
FFFFFF,
FFFFFF,
FFFFFF,
FFFFFF,
FFFFFF,
FFFFFF,
FFFFFF,
00FFFF,
FFFFFF,
FFFFFF,
FFFFFF,
FFFFFF,
FFFFFF,
FFFFFF,
FFFFFF,
FFFFFF,
FFFFFF,
FFFFFF,
FFFFFF,
FFFFFF,
FFFFFF,
FFFFFF,
FFFFFF,
FFFFFF,
FFFFFF,
FFFFFF,
FFFFFF,
FFFFFF,
FFFFFF,
FFFFFF,
FF00FF,
FFFFFF,
FFFFFF,
FFFFFF,
FFFFFF,
FFFFFF,
FFFFFF,
FFFFFF,
FFFFFF,
FFFFFF,
FFFFFF,
FFFFFF,
FFFFFF,
FFFFFF,
FFFFFF,
FFFFFF,
FFFFFF,
FFFFFF,
FFFFFF,
FF00FF,
FFFFFF,
FFFFFF,
FDFFFF,
FDFFFF,
FDFFFF,
00FFFF,
FFFFFF,
FFFFFF,
FFFFFF,
FFFFFF,
FFFFFD,
FFFFFC,
FFFFFC,
FFFFFD,
FFFFFE,
FFFFFF,
FEFFFF,
FFFFFF,
FFFFFF,
FFFFFF,
FFFFFF,
FFFFFF,
FFFFFF,
FFFFFF,
FFFFFF,
FFFFFF,
FFFFFF,
FFFFFF,
FFFFFF,
FFFFFF,
FFFFFF,
FFFFFF,
FFFFFF,
FFFFFF,
FEFEFE,
FEFEFE,
FEFEFE,
FEFEFE,
FFFFFF,
FFFFFF,
FFFFFF,
FFFFFF,
FFFFFF,
FF00FF,
FFFFFF,
FFFFFF,
FFFFFF,
FFFFFF,
FFFFFF,
FFFFFF,
FFFFFF,
FFFFFF,
FFFFFF,
FFFFFF,
FFFFFF,
FFFFFF,
FFFFFF,
FFFFFF,
FFFFFF,
FFFFFF,
FFFFFF,
FFFFFF,
FFFFFF,
FFFFFF,
FFFFFF,
FFFFFF,
FFFEFE,
F2E6E4,
765D57,
4F2C21,
FF281D,
432219,
4D3933,
E300D9,
FFFFFF,
FFFFFF,
FFFFFF,
FFFFFF,
FFFFFF,
FF0000,
FFFFFF,
FFFFFF,
00FFFF,
FFFFFF,
FFFFFF,
FFFFFF,
FFFFFF,
FFFFFF,
FFFFFF,
FFFFFF,
FFFFFF,
FFFFFF,
00FFFF,
FFFFFF,
FFFFFF,
FFFFFF,
FFFFFF,
FFFFFF,
FFFFFF,
FFFFFF,
FFFFFF,
FFFFFF,
FFFFFF,
FFFFFF,
FFFFFF,
FFFFFF,
FFFFFF,
FFFFFF,
FFFFFF,
FFFF00,
FFFFFF,
FFFFFF,
FFFFFF,
FFFFFF,
FFFFFF,
FFFFFF,
FFFFFF,
FFFFFF,
FFFFFF,
FFFFFF,
FFFFFF,
FFFFFF,
FFFFFF,
00FFFF,
FFFFFF,
FFFFFF,
FFFFFF,
FFFFFF,
FFFFFF,
FFFFFF,
FFFFFF,
FFFFFF,
FFFFFF,
FFFFFF,
FFFFFF,
FFFFFF,
FFFFFF,
FFFFFF,
FFFFFF,
FFFFFF,
FFFFFF,
FFFFFF,
FFFFFF,
FFFFFF,
FFFFFF,
FFFFFF,
FFFF00,
FFFFFF,
FFFFFF,
FFFFFF,
FFFFFF,
FFFFFF,
FFFFFF,
FFFFFF,
00FFFF,
FFFFFF,
FFFFFF,
FFFFFF,
FFFFFF,
FFFFFF,
FFFFFF,
FFFFFF,
FFFFFF,
FFFF00,
FFFFFF,
FFFFFF,
FFFFFF,
FFFFFF,
FFFFFF,
FFFF00,
FFFFFF,
FFFFFF,
FFFFFF,
FFFFFF,
FFFFFF,
FFFFFF,
FFFFFF,
FFFFFF,
FFFFFF,
FFFFFF,
00FFFF,
FFFFFF,
FF00FF,
FFFFFF,
FFFFFF,
FFFFFF,
FFFFFF,
FFFFFF,
FFFFFF,
FFFFFF,
FFFF00,
FFFFFF,
FFFFFF,
FFFFFF,
FFFFFF,
FFFFFF,
FFFFFF,
FFFFFF,
FFFFFF,
FFFFFF,
FFFFFF,
00FFFF,
FFFFFF,
FFFFFF,
FFFFFF,
FFFFFF,
FFFFFF,
FFFFFF,
FFFFFF,
FFFFFF,
FFFF00,
FFFF00,
FFFFFF,
FFFFFF,
FFFFFF,
FFFFFF,
FFFFFF,
FFFFFF,
FFFFFF,
FFFFFF,
FFFFFF,
FFFFFF,
FFFFFF,
FFFFFF,
FFFFFF,
FFFFFF,
FFFFFF,
FFFFFF,
FFFFFF,
FFFFFF,
FFFFFF,
FFFFFF,
FFFFFF,
FFFFFF,
FF00FF,
FFFFFF,
FFFFFF,
FF00FF,
FFFFFF,
FFFFFF,
FFFFFF,
FFFFFF,
FFFFFF,
FFFFFF,
FFFFFF,
FFFFFF,
FFFFFF,
FFFFFF,
00FFFF,
FFFFFF,
FFFFFF,
FFFFFF,
FFFFFF,
FFFFFF,
FFFFFF,
FFFFFF,
FFFFFF,
FFFFFF,
FFFFFF,
FFFFFF,
FFFFFF,
FFFFFF,
FFFFFF,
FFFFFF,
FFFFFF,
FFFFFF,
FFFFFF,
FFFFFF,
FFFFFF,
FFFFFF,
FFFFFF,
FFFFFF,
FF00FF,
FFFFFF,
FFFFFF,
FFFFFF,
FFFFFF,
FFFFFF,
FFFFFF,
FFFFFF,
FFFFFF,
FFFFFF,
FFFFFF,
FFFFFF,
FFFFFF,
FFFFFF,
FFFFFF,
FFFFFF,
00FFFF,
FFFFFF,
FEFEFE,
FEFEFE,
FEFEFE,
FEFEFE,
FFFFFF,
FFFFFF,
FFFFFF,
FFFFFF,
FFFFFF,
FFFFFF,
FFFFFF,
FFFFFF,
FFFFFF,
FFFFFF,
FFFFFF,
FFFFFF,
FFFFFF,
FFFFFF,
FFFFFF,
FFFFFF,
FFFF00,
FFFFFF,
FFFF00,
FFFFFF,
FFFFFF,
FFFFFF,
FFFFFF,
FFFFFF,
FFFFFF,
FFFFFF,
FFFFFF,
FFFFFF,
FFFFFF,
F3E8E5,
7F6660,
502C24,
4E001C,
4B2821,
4B352F,
D5CDCA,
FFFFFF,
FFFF00,
FFFFFF,
FFFFFF,
FFFFFF,
FFFFFF,
FFFFFF,
00FFFF,
FFFFFF,
FFFFFF,
FFFFFF,
FFFFFF,
FFFFFF,
FFFFFF,
FFFFFF,
FFFFFF,
FFFFFF,
FFFFFF,
FFFFFF,
FFFFFF,
FFFFFF,
FFFFFF,
FFFFFF,
FFFFFF,
FFFFFF,
FFFFFF,
FFFFFF,
FFFFFF,
FFFFFF,
FFFFFF,
FFFFFF,
FFFFFF,
FFFFFF,
FFFFFF,
FFFFFF,
FFFFFF,
FFFFFF,
FFFFFF,
FFFFFF,
FFFFFF,
FF00FF,
00FFFF,
FFFFFF,
FFFFFF,
FFFFFF,
FFFFFF,
FFFFFF,
FFFFFF,
FFFFFF,
FFFFFF,
FF0000,
00FFFF,
FFFFFF,
FFFFFF,
FFFFFF,
FFFFFF,
FFFFFF,
FFFFFF,
FFFFFF,
FFFFFF,
FFFFFF,
FFFFFF,
FFFFFF,
FFFFFF,
FFFFFF,
FFFFFF,
FFFFFF,
FFFFFF,
FFFFFF,
FFFFFF,
FFFFFF,
FFFFFF,
FFFFFF,
FFFFFF,
00FFFF,
FFFFFF,
FFFFFF,
FFFFFF,
FFFFFF,
FFFFFF,
FFFFFF,
FFFFFF,
FFFFFF,
FFFFFF,
FFFF00,
FFFFFF,
FFFFFF,
FFFFFF,
FFFFFF,
FFFFFF,
FFFFFF,
FFFFFF,
FFFFFF,
FFFFFF,
FFFFFF,
FFFFFF,
FFFFFF,
FFFFFF,
FFFFFF,
FFFFFF,
FFFFFF,
FFFFFF,
FFFFFF,
FFFFFF,
FFFFFF,
FFFFFF,
FFFFFF,
FFFFFF,
FFFFFF,
FFFFFF,
FFFFFF,
FFFFFF,
FFFFFF,
FFFFFF,
FFFFFF,
FFFFFF,
FFFFFF,
FFFF00,
FFFFFF,
FFFFFF,
FFFFFF,
FFFFFF,
FFFFFF,
FFFFFF,
FFFFFF,
FFFFFF,
FFFFFF,
FFFFFF,
FFFFFF,
FF00FF,
FFFFFF,
FFFFFF,
FFFFFF,
FFFFFF,
FFFFFF,
FFFFFF,
FFFFFF,
FFFFFF,
FFFFFF,
FFFFFF,
FFFFFF,
FFFFFF,
FFFFFF,
FFFFFF,
FFFFFF,
FFFFFF,
FFFFFF,
FFFFFF,
FFFFFF,
FFFFFF,
FFFFFF,
FFFFFF,
FFFFFF,
FFFFFF,
FFFFFF,
FFFFFF,
FFFFFF,
FFFFFF,
FFFFFF,
FFFFFF,
FFFFFF,
FFFFFF,
FFFFFF,
FFFFFF,
FFFFFF,
FF00FF,
FFFFFF,
FFFFFF,
FFFFFF,
FFFFFF,
FFFFFF,
FF00FF,
FFFFFF,
FFFFFF,
FFFFFF,
FFFFFF,
FFFFFF,
FFFFFF,
FFFFFF,
FFFFFF,
FFFFFF,
FFFFFF,
FFFFFF,
FFFFFF,
FFFFFF,
FFFFFF,
FFFFFF,
FFFFFF,
FFFFFF,
FFFFFF,
FFFFFF,
FFFFFF,
FFFFFF,
FFFFFF,
FFFFFF,
FFFFFF,
FF00FF,
00FFFF,
FFFFFF,
FFFFFF,
FFFFFF,
FFFFFF,
FFFFFF,
FFFFFF,
FFFFFF,
FFFFFF,
FFFFFF,
FFFFFF,
FFFFFF,
FFFFFF,
FFFFFF,
00FFFF,
FFFFFF,
FFFF00,
FFFFFF,
FFFFFF,
FEFEFE,
FEFEFE,
FEFEFE,
FEFEFE,
FFFF00,
FFFFFF,
FFFFFF,
FF00FF,
FFFFFF,
FFFFFF,
FFFFFF,
FFFFFF,
FFFFFF,
FFFFFF,
FFFFFF,
FFFFFF,
FFFFFF,
FFFFFF,
FFFFFF,
FFFFFF,
FFFFFF,
FFFFFF,
FFFFFF,
FFFFFF,
FFFFFF,
FFFFFF,
FFFFFF,
FFFFFF,
FFFFFF,
FFFFFF,
FFFFFF,
FFFFFF,
FFFFFE,
F9FFF0,
76FF5D,
4C2B24,
4A251E,
42241D,
43312D,
CBC7C5,
FFFFFF,
FFFFFF,
FFFFFF,
FFFFFF,
FFFFFF,
FFFFFF,
FFFFFF,
FF00FF,
FFFFFF,
FF00FF,
FFFFFF,
FFFFFF,
FFFFFF,
FF00FF,
FFFFFF,
FFFFFF,
FFFFFF,
FFFFFF,
FFFFFF,
FFFFFF,
FFFFFF,
FFFFFF,
FFFFFF,
FFFFFF,
FFFFFF,
FFFFFF,
FFFFFF,
FFFFFF,
FFFFFF,
FFFFFF,
FFFFFF,
FFFFFF,
FFFFFF,
FFFFFF,
FFFFFF,
FFFFFF,
FFFFFF,
FFFFFF,
FFFFFF,
FFFFFF,
FFFFFF,
FFFFFF,
FFFFFF,
FFFFFF,
FFFFFF,
FFFFFF,
FFFFFF,
FFFFFF,
FFFFFF,
FFFFFF,
FFFFFF,
FFFFFF,
FFFFFF,
FF00FF,
FFFFFF,
FFFFFF,
FFFFFF,
FFFFFF,
FFFFFF,
FFFFFF,
FFFFFF,
FFFFFF,
FFFF00,
FFFFFF,
FFFFFF,
FFFFFF,
FFFFFF,
00FFFF,
FFFFFF,
FFFFFF,
FFFFFF,
FFFFFF,
FFFFFF,
FFFFFF,
FFFFFF,
FFFFFF,
FFFFFF,
FFFFFF,
FFFFFF,
FFFFFF,
FFFFFF,
FFFFFF,
FFFFFF,
FFFFFF,
FFFFFF,
FFFFFF,
FFFFFF,
FFFFFF,
FFFFFF,
FFFFFF,
FFFFFF,
FFFFFF,
FFFFFF,
FFFFFF,
FFFFFF,
FFFFFF,
FFFFFF,
FFFFFF,
FFFFFF,
FFFFFF,
FFFFFF,
FFFFFF,
FFFFFF,
FFFFFF,
FFFFFF,
FFFFFF,
FFFFFF,
FFFFFF,
FFFFFF,
FFFF00,
FFFFFF,
FF00FF,
FFFFFF,
FFFFFF,
FFFFFF,
FFFFFF,
FFFFFF,
FFFFFF,
FFFFFF,
FFFFFF,
FFFFFF,
FFFFFF,
FFFFFF,
FFFFFF,
FFFFFF,
FFFFFF,
FF00FF,
FFFFFF,
FFFFFF,
FFFFFF,
FFFFFF,
FFFFFF,
FFFFFF,
FFFFFF,
FFFFFF,
FFFFFF,
FFFFFF,
FFFFFF,
FFFFFF,
FFFFFF,
FFFFFF,
FFFFFF,
FFFFFF,
FFFFFF,
FFFFFF,
FFFFFF,
FFFFFF,
FFFFFF,
FFFFFF,
FFFFFF,
FFFFFF,
FFFFFF,
FFFFFF,
FFFFFF,
FFFFFF,
FFFFFF,
FFFFFF,
FFFFFF,
FFFFFF,
FFFFFF,
FFFFFF,
FFFFFF,
FFFFFF,
FFFFFF,
FFFFFF,
FFFFFF,
FFFFFF,
FFFFFF,
FFFF00,
FFFFFF,
FFFFFF,
FFFFFF,
FFFFFF,
FFFFFF,
FFFFFF,
FFFFFF,
FFFFFF,
FFFFFF,
FF00FF,
FFFFFF,
FFFFFF,
FFFFFF,
FFFFFF,
FFFFFF,
FFFFFF,
FFFFFF,
FFFFFF,
FFFF00,
FFFFFF,
FFFFFF,
FFFFFF,
FFFFFF,
FFFFFF,
FFFFFF,
FFFFFF,
FFFFFF,
FFFFFF,
FFFFFF,
FFFFFF,
FFFFFF,
FFFFFF,
FF00FF,
FFFFFF,
FFFFFF,
FFFFFF,
FFFFFF,
FFFFFF,
FFFFFF,
FFFFFF,
FFFFFF,
FFFFFF,
FFFFFF,
FFFFFF,
FFFF00,
FFFFFF,
FFFFFF,
FEFEFE,
FEFEFE,
FEFEFF,
FEFEFE,
FFFFFF,
FFFFFF,
FFFFFF,
FFFFFF,
FFFFFF,
FFFFFF,
FFFFFF,
FFFFFF,
FFFFFF,
FFFFFF,
FFFFFF,
FFFFFF,
FFFFFF,
FFFFFF,
FFFFFF,
FFFFFF,
FFFFFF,
FFFFFF,
FFFFFF,
FFFFFF,
FF0000,
FFFFFF,
FFFFFF,
FFFFFF,
FFFFFF,
FFFFFF,
FFFFFF,
FFFFFF,
FFFFFF,
FBF6F6,
857572,
422823,
432721,
462E29,
3A2D2B,
C6C2C2,
FFFFFF,
FFFFFF,
FFFFFF,
FFFFFF,
FFFFFF,
FFFFFF,
FFFFFF,
FFFFFF,
FFFFFF,
FFFFFF,
FFFFFF,
FFFFFF,
FFFFFF,
FFFFFF,
FFFFFF,
FFFFFF,
FFFFFF,
FFFFFF,
FFFFFF,
FFFFFF,
FFFFFF,
FFFFFF,
FFFFFF,
FF00FF,
FFFFFF,
FFFFFF,
FFFFFF,
FFFFFF,
FFFFFF,
FFFFFF,
00FFFF,
FFFFFF,
FFFFFF,
FFFFFF,
FFFFFF,
FFFFFF,
00FFFF,
FFFFFF,
FFFFFF,
FFFFFF,
FFFFFF,
FFFFFF,
FFFFFF,
FFFFFF,
FFFFFF,
FFFFFF,
FFFFFF,
FFFFFF,
FFFFFF,
FFFFFF,
FFFFFF,
FFFF00,
FFFFFF,
FFFFFF,
FFFFFF,
FFFFFF,
FFFFFF,
FFFFFF,
FFFFFF,
FFFFFF,
FFFFFF,
FFFFFF,
FFFFFF,
FFFFFF,
FFFFFF,
FFFFFF,
FFFFFF,
FFFFFF,
FFFFFF,
FFFFFF,
FFFFFF,
FFFFFF,
FF00FF,
FFFFFF,
00FFFF,
FFFFFF,
00FFFF,
FFFFFF,
FFFFFF,
FFFFFF,
FFFFFF,
FFFFFF,
FFFFFF,
FFFFFF,
FFFFFF,
FFFFFF,
FFFFFF,
FFFFFF,
FFFFFF,
FFFFFF,
FFFFFF,
FFFFFF,
FFFFFF,
FFFFFF,
FFFFFF,
FFFFFF,
FFFFFF,
FFFFFF,
FFFFFF,
00FFFF,
FFFFFF,
FFFFFF,
FFFFFF,
FFFFFF,
FFFFFF,
FFFFFF,
00FFFF,
FFFFFF,
FFFFFF,
FFFFFF,
FFFFFF,
FFFFFF,
FFFFFF,
FFFFFF,
FFFFFF,
FFFFFF,
FFFFFF,
FFFFFF,
FFFFFF,
FFFFFF,
FFFFFF,
FFFFFF,
FFFFFF,
FFFFFF,
FFFFFF,
FFFFFF,
FFFFFF,
FFFFFF,
FFFFFF,
FFFFFF,
FFFFFF,
FFFFFF,
FFFFFF,
FF00FF,
FFFFFF,
FFFFFF,
FFFFFF,
FFFF00,
FFFFFF,
FFFFFF,
FFFFFF,
FFFFFF,
FFFFFF,
FFFFFF,
FFFFFF,
FFFFFF,
FFFFFF,
FFFFFF,
FFFFFF,
FFFFFF,
FFFFFF,
FFFFFF,
FFFFFF,
00FFFF,
FFFFFF,
FFFFFF,
FFFFFF,
FFFFFF,
FFFFFF,
FFFFFF,
FFFFFF,
FFFFFF,
FFFFFF,
FFFFFF,
FFFFFF,
FFFFFF,
FFFFFF,
FFFFFF,
FFFFFF,
FFFFFF,
FFFFFF,
FFFFFF,
FFFFFF,
FFFFFF,
FFFFFF,
FFFFFF,
FFFFFF,
FFFF00,
FFFFFF,
FFFFFF,
FFFFFF,
FFFFFF,
FFFFFF,
FFFFFF,
FFFFFF,
FFFFFF,
FFFFFF,
FFFFFF,
FFFFFF,
FFFFFF,
FFFFFF,
FFFFFF,
FFFFFF,
00FFFF,
FFFFFF,
FFFFFF,
FFFFFF,
FFFFFF,
FFFFFF,
FFFFFF,
FFFFFF,
FFFFFF,
FFFFFF,
FFFFFF,
FFFFFF,
FFFFFF,
FFFFFF,
00FFFF,
FFFFFF,
FFFFFF,
FFFFFF,
FFFFFF,
FFFFFF,
FFFFFF,
FFFFFF,
00FFFF,
FEFEFE,
FEFEFE,
FEFEFE,
FEFEFE,
FFFFFF,
FFFFFF,
FFFFFF,
00FFFF,
FFFFFF,
FFFFFF,
FFFFFF,
FFFFFF,
00FFFF,
FFFFFF,
FFFFFF,
FFFFFF,
FFFFFF,
FFFFFF,
FFFFFF,
FFFFFF,
FFFFFF,
FFFFFF,
FFFFFF,
FFFF00,
FFFFFF,
FFFFFF,
FFFFFF,
FFFFFF,
FFFFFF,
FFFFFF,
FF00FF,
FFFFFF,
FDFEFE,
FFFEFE,
B5AAFF,
483432,
3F2926,
3C2927,
625857,
FFD7D8,
FFFFFF,
FFFFFF,
FFFFFF,
FFFFFF,
FFFFFF,
FFFFFF,
FFFFFF,
FFFFFF,
FFFFFF,
FFFFFF,
FFFFFF,
FFFFFF,
FF00FF,
FFFFFF,
FFFFFF,
FFFFFF,
FFFFFF,
FFFFFF,
FFFFFF,
FFFFFF,
FFFFFF,
FFFFFF,
FFFFFF,
FFFFFF,
FFFFFF,
FFFFFF,
FFFFFF,
FFFFFF,
FFFFFF,
FFFFFF,
FFFFFF,
FFFFFF,
FFFFFF,
FFFFFF,
FFFFFF,
FFFFFF,
FFFFFF,
FFFFFF,
FFFFFF,
FFFF00,
FFFFFF,
FFFFFF,
FFFFFF,
FFFFFF,
FFFFFF,
FFFFFF,
FFFFFF,
FFFFFF,
FFFFFF,
FFFFFF,
FFFFFF,
FFFFFF,
FFFFFF,
FFFFFF,
FFFFFF,
FFFFFF,
FFFFFF,
FFFFFF,
FFFFFF,
FF0000,
FFFFFF,
FFFFFF,
FFFFFF,
FFFFFF,
FFFFFF,
FFFFFF,
FFFFFF,
FFFFFF,
FFFFFF,
FFFFFF,
FFFFFF,
FFFFFF,
FFFFFF,
FFFFFF,
FFFFFF,
FFFFFF,
FFFFFF,
FFFFFF,
FFFFFF,
FFFFFF,
FFFFFF,
FFFFFF,
FFFFFF,
FFFFFF,
FFFFFF,
FFFFFF,
FFFFFF,
FFFFFF,
FFFFFF,
FFFFFF,
FFFFFF,
FFFFFF,
FFFFFF,
00FFFF,
FFFFFF,
FFFFFF,
FFFFFF,
FFFFFF,
FFFFFF,
FFFFFF,
FFFFFF,
FFFFFF,
FFFFFF,
FFFFFF,
FFFFFF,
FFFFFF,
FFFFFF,
FFFFFF,
FFFFFF,
FFFFFF,
00FF00,
FFFFFF,
FFFFFF,
FFFFFF,
FFFFFF,
FFFFFF,
FFFFFF,
FFFFFF,
FFFFFF,
FFFFFF,
FFFFFF,
FFFFFF,
FFFFFF,
FFFFFF,
FFFFFF,
FFFFFF,
FF00FF,
FFFFFF,
FFFFFF,
FFFFFF,
FFFFFF,
FFFFFF,
FFFFFF,
FFFFFF,
FFFFFF,
FFFFFF,
FFFFFF,
FFFFFF,
FFFFFF,
FFFFFF,
FFFFFF,
FFFFFF,
FFFFFF,
FFFFFF,
FFFFFF,
FFFFFF,
FFFFFF,
FFFFFF,
FFFFFF,
FFFFFF,
FFFFFF,
FFFFFF,
FFFFFF,
FFFFFF,
FFFFFF,
FFFFFF,
FFFFFF,
FFFFFF,
FFFFFF,
FFFFFF,
FFFFFF,
FFFFFF,
FFFFFF,
FFFFFF,
FFFFFF,
FFFFFF,
FFFFFF,
FFFFFF,
FFFFFF,
FFFFFF,
FFFFFF,
FFFFFF,
FFFFFF,
FFFFFF,
FFFFFF,
FFFFFF,
FFFFFF,
FFFFFF,
FFFFFF,
FF00FF,
FFFFFF,
FFFFFF,
FFFFFF,
FFFFFF,
FFFFFF,
FFFFFF,
FFFFFF,
FFFFFF,
FFFFFF,
FFFFFF,
FFFFFF,
FFFFFF,
FFFFFF,
00FFFF,
FFFFFF,
FFFFFF,
FFFFFF,
FFFFFF,
FFFFFF,
FFFFFF,
FFFFFF,
FFFFFF,
FFFFFF,
FFFFFF,
FFFFFF,
FFFFFF,
FFFFFF,
FFFFFF,
FFFFFF,
FFFF00,
FFFFFF,
FFFFFF,
FFFFFF,
FFFFFF,
FFFFFF,
FFFFFF,
FEFEFE,
FEFEFE,
FEFEFE,
FEFEFE,
FFFFFF,
FFFFFF,
FFFFFF,
FFFFFF,
FFFFFF,
FFFFFF,
00FFFF,
FFFFFF,
FFFFFF,
FFFFFF,
FFFFFF,
FFFFFF,
FF00FF,
FFFFFF,
FFFFFF,
FFFFFF,
FFFFFF,
FFFFFF,
FFFFFF,
FFFFFF,
FFFFFF,
FFFFFF,
FFFFFF,
FFFFFF,
FFFFFF,
FFFFFF,
FFFFFF,
FFFFFF,
FEFFFF,
FEFEFF,
FCF9F9,
BFB4B4,
7A6D6D,
A59A9B,
F1EDEE,
FBFBFD,
FEFEFF,
FFFFFF,
FFFFFF,
FFFFFF,
FFFFFF,
FFFFFF,
FFFFFF,
FFFFFF,
FFFFFF,
FF00FF,
FFFFFF,
FFFFFF,
FFFFFF,
FFFFFF,
FFFFFF,
FFFFFF,
FFFFFF,
FFFFFF,
FFFFFF,
FFFFFF,
FFFFFF,
FFFFFF,
FFFFFF,
FFFFFF,
FFFFFF,
FFFFFF,
FFFFFF,
FFFFFF,
FFFFFF,
FFFFFF,
FFFFFF,
FFFFFF,
FFFFFF,
FFFFFF,
00FFFF,
FFFFFF,
FFFFFF,
FFFFFF,
FFFFFF,
FFFF00,
FFFFFF,
FFFFFF,
FFFFFF,
FFFFFF,
FFFFFF,
FFFFFF,
FFFFFF,
FFFFFF,
FFFFFF,
FFFFFF,
FFFFFF,
FFFFFF,
FFFFFF,
FFFFFF,
FFFFFF,
FFFFFF,
FFFFFF,
FFFFFF,
FFFFFF,
FFFFFF,
FFFFFF,
FFFFFF,
FFFFFF,
FFFFFF,
FF0000,
FFFFFF,
FFFFFF,
FFFFFF,
FFFFFF,
FFFFFF,
FFFFFF,
FFFFFF,
FFFFFF,
FFFFFF,
FFFFFF,
FFFFFF,
FFFFFF,
FFFFFF,
FFFFFF,
FFFFFF,
FFFFFF,
FFFFFF,
FFFFFF,
FFFFFF,
FFFFFF,
FFFFFF,
FFFFFF,
FFFFFF,
FFFFFF,
FFFFFF,
FFFFFF,
FFFFFF,
FFFFFF,
FFFFFF,
FFFFFF,
FFFFFF,
FFFFFF,
FFFFFF,
FFFFFF,
FFFFFF,
FFFFFF,
FFFFFF,
FFFFFF,
FFFFFF,
FFFFFF,
FFFFFF,
FFFFFF,
FFFFFF,
FFFFFF,
FFFFFF,
FFFFFF,
FFFFFF,
FFFFFF,
FFFFFF,
FFFFFF,
FFFFFF,
FFFFFF,
FFFFFF,
FFFFFF,
FFFFFF,
FFFFFF,
FFFFFF,
FFFFFF,
FFFFFF,
FFFFFF,
FFFFFF,
FFFFFF,
FFFFFF,
FFFFFF,
FFFFFF,
FFFFFF,
FFFFFF,
FFFFFF,
FFFFFF,
FFFFFF,
FFFFFF,
FFFFFF,
FFFFFF,
FFFFFF,
FFFFFF,
FFFFFF,
FFFFFF,
FFFFFF,
FFFFFF,
FFFFFF,
FFFFFF,
FFFFFF,
FFFFFF,
FFFFFF,
FFFFFF,
FFFFFF,
FFFFFF,
FFFFFF,
FFFFFF,
FFFFFF,
FFFFFF,
FFFFFF,
FFFFFF,
FFFFFF,
FFFFFF,
FFFFFF,
FFFFFF,
FFFFFF,
FFFFFF,
FFFFFF,
FFFFFF,
FFFFFF,
FFFFFF,
FFFFFF,
FFFFFF,
FFFFFF,
FFFFFF,
FFFFFF,
FFFFFF,
FFFFFF,
FFFFFF,
FFFFFF,
FF00FF,
FFFFFF,
FFFFFF,
FFFFFF,
FFFFFF,
FFFFFF,
FFFFFF,
FFFFFF,
FFFFFF,
FFFFFF,
FFFFFF,
FFFFFF,
FFFFFF,
FFFFFF,
FFFFFF,
FFFFFF,
FFFFFF,
FFFFFF,
FFFFFF,
FFFFFF,
FFFFFF,
FFFFFF,
FFFFFF,
FFFFFF,
FFFFFF,
FFFFFF,
FFFFFF,
FFFFFF,
FFFFFF,
FFFFFF,
FFFFFF,
FFFFFF,
FFFFFF,
FFFFFF,
FFFFFF,
FFFFFF,
FFFFFF,
FFFFFF,
FFFFFF,
FFFF00,
FFFFFF,
FFFFFF,
FFFFFF,
FFFFFF,
FFFFFF,
FFFFFF,
FFFFFF,
FFFFFF,
FFFFFF,
FFFFFF,
FFFFFF,
00FFFF,
FFFFFF,
FFFFFF,
FFFFFF,
FFFFFF,
FFFF00,
FFFFFF,
FFFFFF,
FFFFFF,
FFFFFF,
FFFFFF,
FFFF00,
FFFFFF,
FFFFFF,
FFFFFF,
FFFFFF,
FFFFFF,
FFFFFF,
FFFFFF,
FFFFFF,
FEFFFF,
FFFFFF,
FFFFFF,
FFFFFF,
FFFFFF,
FFFFFF,
FFFFFF,
FEFFFF,
FFFFFF,
FFFFFF,
FFFFFF,
FFFFFF,
FFFFFF,
FFFFFF,
00FFFF,
FFFFFF,
FFFFFF,
FFFFFF,
FFFFFF,
FFFF00,
FFFFFF,
FFFFFF,
FFFFFF,
FFFFFF,
FFFFFF,
00FFFF,
FFFFFF,
FFFFFF,
FFFFFF,
FFFFFF,
FFFFFF,
FFFFFF,
FFFFFF,
FFFFFF,
FFFFFF,
FFFFFF,
FFFFFF,
FFFFFF,
FFFFFF,
FFFFFF,
FFFFFF,
FFFFFF,
FFFFFF,
FFFFFF,
FFFFFF,
FFFFFF,
FFFFFF,
FFFFFF,
FFFFFF,
FFFFFF,
FFFFFF,
FFFFFF,
FFFFFF,
FFFFFF,
FFFFFF,
FFFFFF,
FFFFFF,
FFFFFF,
FFFF00,
FFFFFF,
FFFFFF,
FFFFFF,
FFFFFF,
FFFFFF,
FFFFFF,
FFFFFF,
FFFFFF,
FFFFFF,
FFFFFF,
FFFFFF,
FFFFFF,
FFFFFF,
FFFFFF,
FFFFFF,
FFFFFF,
FFFFFF,
FFFFFF,
FFFFFF,
FFFFFF,
FFFFFF,
FFFFFF,
FFFFFF,
FFFFFF,
FFFFFF,
FFFFFF,
FFFFFF,
FFFFFF,
FFFFFF,
FFFFFF,
FFFFFF,
FFFFFF,
FFFFFF,
FFFFFF,
FFFFFF,
FFFFFF,
FFFFFF,
FFFFFF,
FFFFFF,
FFFFFF,
FFFFFF,
FFFFFF,
FFFFFF,
FFFFFF,
FFFFFF,
FFFFFF,
FFFFFF,
FFFFFF,
FFFFFF,
FFFFFF,
FFFFFF,
FFFFFF,
FFFFFF,
FFFFFF,
FFFFFF,
FFFFFF,
FFFFFF,
FFFFFF,
FFFFFF,
FFFFFF,
FFFFFF,
FFFFFF,
00FFFF,
FFFFFF,
FFFFFF,
FFFFFF,
FFFFFF,
FFFFFF,
FFFFFF,
FFFFFF,
FFFFFF,
FFFF00,
FFFFFF,
FFFFFF,
FFFFFF,
FFFFFF,
FF00FF,
FFFFFF,
FF00FF,
FFFFFF,
FFFFFF,
FFFFFF,
FFFFFF,
FFFFFF,
FFFFFF,
FFFFFF,
FFFFFF,
FFFFFF,
FFFFFF,
FFFFFF,
FFFFFF,
FFFFFF,
FFFFFF,
FFFFFF,
FFFFFF,
FFFFFF,
FFFFFF,
FFFFFF,
FFFFFF,
FFFFFF,
FFFFFF,
FFFFFF,
FFFFFF,
FFFFFF,
FFFFFF,
FFFFFF,
FFFFFF,
FFFFFF,
FFFFFF,
FFFFFF,
FFFFFF,
FFFFFF,
FFFFFF,
FFFFFF,
FFFFFF,
FFFFFF,
FFFFFF,
FFFFFF,
FFFFFF,
FFFFFF,
FFFFFF,
FFFFFF,
FF00FF,
FFFFFF,
FFFFFF,
FFFFFF,
FFFFFF,
FFFFFF,
FFFFFF,
FFFF00,
FFFFFF,
FFFFFF,
FFFFFF,
FFFFFF,
FFFFFF,
FFFFFF,
FFFF00,
FFFFFF,
FFFFFF,
FFFFFF,
FFFFFF,
FFFFFF,
FFFFFF,
FFFFFF,
FFFFFF,
FFFFFF,
FFFFFF,
FF00FF,
FFFFFF,
FFFFFF,
FFFFFF,
FFFFFF,
FFFFFF,
FFFFFF,
FFFFFF,
FFFFFF,
FFFFFF,
FFFFFF,
FFFFFF,
FFFFFF,
FFFFFF,
FFFFFF,
FFFFFF,
FFFFFF,
FFFFFF,
FFFFFF,
FFFFFF,
FFFFFF,
FFFFFF,
FFFFFF,
FFFFFF,
FFFFFF,
FFFFFF,
FFFFFF,
FFFFFF,
FFFFFF,
FFFFFF,
FFFFFF,
FFFFFF,
FFFFFF,
FFFFFF,
FFFFFF,
FFFFFF,
FFFFFF,
FFFFFF,
FFFFFF,
FFFFFF,
FFFFFF,
FFFFFF,
FFFFFF,
FFFFFF,
FF00FF,
FFFFFF,
FFFFFF,
FFFFFF,
FFFFFF,
FFFFFF,
FF00FF,
FFFF00,
FFFFFF,
FFFEFF,
FFFEFF,
FFFEFF,
FFFFFF,
FFFFFF,
FFFFFF,
FFFFFF,
FFFF00,
FFFFFF,
FFFFFF,
FFFFFF,
FFFFFF,
FFFFFF,
FFFFFF,
FFFFFF,
FFFFFF,
FFFFFF,
FFFFFF,
FFFFFF,
FFFFFF,
FFFFFF,
FF00FF,
FF00FF,
FFFFFF,
FFFFFF,
FFFFFF,
FFFFFF,
FFFFFF,
FFFFFF,
FFFFFF,
FFFFFF,
FFFFFF,
FFFFFF,
FFFFFF,
FFFFFF,
FFFFFF,
FFFFFF,
FFFFFF,
FFFFFF,
FFFFFF,
FFFFFF,
FFFFFF,
FFFFFF,
FFFFFF,
FFFFFF,
FFFFFF,
FFFFFF,
FFFFFF,
FFFFFF,
FFFFFF,
FFFFFF,
FFFFFF,
FFFFFF,
FF00FF,
FFFFFF,
FFFFFF,
FFFFFF,
FFFFFF,
FFFFFF,
FFFFFF,
FFFFFF,
FFFFFF,
FFFFFF,
FFFFFF,
FFFFFF,
FFFFFF,
FF00FF,
FFFFFF,
FFFFFF,
FFFFFF,
FFFFFF,
FFFFFF,
FFFFFF,
FFFFFF,
FFFFFF,
FFFFFF,
FFFFFF,
FFFFFF,
FFFFFF,
FFFFFF,
FFFFFF,
FFFFFF,
FFFFFF,
FFFFFF,
FFFFFF,
00FFFF,
FFFFFF,
FFFFFF,
FFFFFF,
FFFFFF,
FFFFFF,
FFFFFF,
FFFFFF,
00FFFF,
FFFFFF,
FFFFFF,
FFFFFF,
FFFFFF,
FF00FF,
FFFFFF,
FFFFFF,
FFFFFF,
FFFFFF,
FFFFFF,
FF00FF,
FFFFFF,
FFFFFF,
FFFFFF,
FFFFFF,
FFFFFF,
FFFFFF,
FFFFFF,
FFFFFF,
FFFFFF,
FFFFFF,
00FFFF,
FFFFFF,
FFFFFF,
FFFFFF,
FFFFFF,
FFFFFF,
00FFFF,
FFFFFF,
00FFFF,
FFFFFF,
FFFFFF,
FFFFFF,
FFFFFF,
FFFFFF,
FFFFFF,
FFFFFF,
FFFFFF,
FFFFFF,
FFFFFF,
FFFFFF,
FFFF00,
FFFFFF,
FFFFFF,
FFFFFF,
FFFFFF,
FFFFFF,
FFFFFF,
FFFFFF,
FFFFFF,
FFFFFF,
FFFFFF,
FFFFFF,
00FFFF,
FFFFFF,
FFFFFF,
FFFFFF,
FFFFFF,
FFFFFF,
FFFFFF,
FFFFFF,
FFFFFF,
FFFFFF,
FFFFFF,
FF00FF,
FFFFFF,
FFFFFF,
FFFFFF,
FFFFFF,
FFFFFF,
FFFFFF,
FFFFFF,
FFFFFF,
FFFFFF,
FF00FF,
FFFFFF,
FFFFFF,
FFFFFF,
FFFFFF,
FFFFFF,
FFFFFF,
00FFFF,
FFFFFF,
FFFFFF,
FFFFFF,
FFFFFF,
FFFFFF,
FFFFFF,
FFFFFF,
FFFFFF,
FFFFFF,
FFFFFF,
FFFFFF,
FFFFFF,
FFFFFF,
FFFFFF,
FFFFFF,
FFFFFF,
FFFFFF,
FFFFFF,
FFFFFF,
FFFFFF,
FFFFFF,
FFFFFF,
FFFFFF,
FFFFFF,
FFFFFF,
FFFFFF,
FFFFFF,
FFFFFF,
FFFFFF,
FFFFFF,
FFFFFF,
00FFFF,
FFFFFF,
FFFFFF,
FFFFFF,
FFFFFF,
FFFFFF,
FFFFFF,
FFFFFF,
FFFFFF,
FFFFFF,
FFFFFF,
FFFFFF,
FFFFFF,
FFFFFF,
FFFFFF,
FFFFFF,
FFFFFF,
FFFFFF,
FFFFFF,
FFFFFF,
FFFFFF,
FFFFFF,
FFFFFF,
FFFFFF,
FFFFFF,
FFFFFF,
FFFFFF,
FF00FF,
FFFFFF,
FFFFFF,
FFFFFF,
FFFFFF,
FFFFFF,
FF00FF,
FFFFFF,
FFFFFF,
FFFFFF,
FFFFFF,
FFFFFF,
FFFFFF,
FFFFFF,
FFFF00,
FFFFFF,
FFFFFF,
FFFFFF,
FFFFFF,
FFFFFF,
FFFFFE,
FFFFFE,
FF00FF,
FFFFFF,
FFFFFF,
FF00FE,
FFFFFE,
FFFFFF,
FFFFFF,
FFFF00,
FFFFFF,
FFFFFF,
FFFFFF,
FFFFFF,
FFFFFF,
FFFFFF,
FFFFFF,
FFFFFF,
FFFFFF,
FFFFFF,
FFFFFF,
FFFFFF,
FFFFFF,
FFFFFF,
FFFFFF,
FFFFFF,
FFFFFF,
FFFFFF,
FFFFFF,
FFFFFF,
FFFFFF,
FFFFFF,
FFFFFF,
FFFFFF,
FFFFFF,
FFFFFF,
00FFFF,
FFFFFF,
FFFFFF,
FFFFFF,
FFFFFF,
FFFFFF,
FFFFFF,
FFFFFF,
FFFFFF,
FFFFFF,
FFFFFF,
FFFFFF,
FFFFFF,
FF00FF,
FFFF00,
0000FF,
FFFFFF,
FFFFFF,
FFFFFF,
FFFFFF,
FFFFFF,
FFFFFF,
FFFFFF,
FFFFFF,
FFFFFF,
FFFF00,
FFFFFF,
FFFFFF,
FFFFFF,
FFFFFF,
FFFFFF,
FFFFFF,
FFFFFF,
FFFFFF,
FFFFFF,
FFFFFF,
FFFFFF,
FFFFFF,
FFFFFF,
FF00FF,
FFFFFF,
FFFFFF,
FFFFFF,
FFFFFF,
FFFFFF,
00FFFF,
FFFFFF,
FFFFFF,
FFFFFF,
FFFFFF,
FFFFFF,
FFFFFF,
FFFFFF,
FFFFFF,
FFFFFF,
FFFFFF,
FFFFFF,
FFFFFF,
FFFFFF,
FFFFFF,
FFFFFF,
FFFFFF,
FF00FF,
FFFFFF,
FFFFFF,
FFFFFF,
FFFFFF,
FFFFFF,
FFFFFF,
FFFFFF,
FFFFFF,
FFFFFF,
FFFFFF,
FFFFFF,
FFFFFF,
FFFFFF,
FFFFFF,
FFFFFF,
FFFFFF,
FFFFFF,
FFFFFF,
FFFFFF,
FFFFFF,
FFFF00,
FFFFFF,
FFFFFF,
FFFFFF,
FFFFFF,
FFFFFF,
FFFFFF,
FFFFFF,
FFFFFF,
FFFFFF,
FFFFFF,
FFFFFF,
FFFF00,
FFFFFF,
FFFFFF,
FFFFFF,
FFFFFF,
FFFFFF,
FFFFFF,
FFFFFF,
FFFFFF,
FFFFFF,
FFFFFF,
FFFFFF,
FFFFFF,
FFFFFF,
FFFFFF,
FFFFFF,
FFFFFF,
FFFFFF,
FF00FF,
FFFFFF,
FFFFFF,
FFFFFF,
FFFFFF,
FFFFFF,
FFFFFF,
FFFFFF,
FFFFFF,
FFFFFF,
FFFFFF,
FFFFFF,
FFFFFF,
FFFFFF,
FFFFFF,
00FFFF,
FFFFFF,
FFFFFF,
FFFFFF,
FFFFFF,
FFFFFF,
FFFFFF,
FFFFFF,
FFFFFF,
FFFFFF,
FFFFFF,
FFFFFF,
FFFFFF,
00FFFF,
FFFFFF,
FFFFFF,
FFFFFF,
FFFFFF,
FFFFFF,
FFFFFF,
FF00FF,
FFFFFF,
FFFFFF,
FFFFFF,
FFFFFF,
FFFFFF,
FFFFFF,
FFFFFF,
FFFFFF,
FFFFFF,
FFFFFF,
FFFFFF,
FFFFFF,
FFFFFF,
FFFFFF,
FFFFFF,
FFFFFF,
FFFFFF,
FFFFFF,
FFFFFF,
FFFFFF,
FFFFFF,
FFFFFF,
FFFFFF,
FFFFFF,
FFFFFF,
FFFFFF,
FFFFFF,
FFFFFF,
FF00FF,
FF00FF,
FFFF00,
FFFFFF,
FFFFFF,
FFFFFF,
FFFFFF,
FFFFFF,
FFFFFF,
FFFFFF,
FFFFFF,
FFFFFF,
FFFFFF,
FFFFFF,
FFFFFF,
FFFFFF,
FFFFFF,
FFFFFF,
FFFFFF,
FFFFFF,
FFFFFF,
FFFFFF,
FFFF00,
FFFFFF,
00FFFF,
FFFFFF,
FFFFFF,
FFFFFF,
FFFFFF,
FFFFFF,
FFFFFF,
FFFFFF,
FFFFFF,
FF00FF,
FFFFFF,
FFFFFF,
00FFFF,
FFFFFF,
FFFFFF,
FFFFFF,
FFFFFF,
FFFFFF,
FFFFFE,
FFFFFD,
FFFFFE,
FEFFFF,
FEFF00,
FFFFFF,
FFFFFE,
FF00FD,
FFFFFE,
00FF00,
FFFFFF,
FFFFFF,
FFFFFF,
FFFFFF,
FFFFFF,
FFFF00,
FFFFFF,
FFFFFF,
FFFFFF,
FFFFFF,
FFFFFF,
FFFFFF,
FFFFFF,
FFFFFF,
FFFFFF,
FFFFFF,
FFFFFF,
FFFFFF,
FFFFFF,
FFFFFF,
FFFFFF,
FFFFFF,
FFFFFF,
00FFFF,
FFFFFF,
FFFFFF,
FFFFFF,
FFFFFF,
FFFFFF,
FFFFFF,
FFFFFF,
FFFFFF,
FFFFFF,
00FFFF,
FFFFFF,
FFFFFF,
FFFFFF,
FFFFFF,
FFFFFF,
FFFFFF,
FFFFFF,
FFFFFF,
FFFFFF,
FFFFFF,
FFFFFF,
FFFFFF,
FFFFFF,
FFFFFF,
FFFFFF,
FFFFFF,
FFFFFF,
FFFFFF,
FFFFFF,
FFFFFF,
FFFFFF,
FFFFFF,
FFFFFF,
FFFFFF,
FFFFFF,
FFFFFF,
FFFFFF,
FFFFFF,
FFFFFF,
FFFFFF,
FFFFFF,
FFFFFF,
FFFFFF,
FF00FF,
FFFFFF,
FFFFFF,
FFFFFF,
FFFFFF,
FFFFFF,
FFFFFF,
FFFFFF,
FFFFFF,
FFFFFF,
FFFFFF,
FFFFFF,
FFFFFF,
00FFFF,
FFFFFF,
FF00FF,
FFFFFF,
FFFFFF,
FFFFFF,
00FFFF,
FFFFFF,
FFFFFF,
FFFFFF,
00FFFF,
FFFFFF,
FFFFFF,
FFFFFF,
FFFFFF,
FFFFFF,
FFFFFF,
FF00FF,
FFFFFF,
FFFFFF,
00FFFF,
FFFFFF,
FFFFFF,
FFFFFF,
FFFFFF,
FFFFFF,
FFFFFF,
FFFFFF,
FFFFFF,
FFFFFF,
FFFFFF,
FFFFFF,
FFFFFF,
FFFFFF,
00FFFF,
FFFFFF,
FFFFFF,
FFFFFF,
FFFFFF,
FFFFFF,
FFFFFF,
FFFFFF,
FFFFFF,
FFFFFF,
FFFFFF,
FFFFFF,
FFFFFF,
FFFFFF,
FFFFFF,
FFFFFF,
FFFFFF,
FFFFFF,
FFFFFF,
FFFFFF,
FFFFFF,
FFFFFF,
FFFFFF,
FFFFFF,
FFFFFF,
FFFFFF,
FFFFFF,
FFFFFF,
FFFFFF,
FFFFFF,
FFFFFF,
FFFFFF,
FFFFFF,
FFFFFF,
FFFFFF,
FFFFFF,
FFFFFF,
FFFFFF,
FFFFFF,
FFFFFF,
FFFFFF,
FFFFFF,
FFFFFF,
FFFFFF,
FFFFFF,
FFFFFF,
FFFFFF,
FFFFFF,
FFFFFF,
FFFFFF,
FFFFFF,
FFFFFF,
FFFFFF,
FFFFFF,
FFFFFF,
FFFFFF,
FFFFFF,
FFFFFF,
FFFFFF,
FFFFFF,
FFFFFF,
FFFFFF,
FFFFFF,
FFFFFF,
FFFFFF,
FFFFFF,
FFFFFF,
FFFFFF,
FFFFFF,
FFFFFF,
FFFFFF,
FFFFFF,
FFFFFF,
FFFFFF,
FFFFFF,
FFFFFF,
FFFFFF,
FFFFFF,
FFFFFF,
FFFF00,
00FFFF,
FFFFFF,
FFFFFF,
FFFFFF,
FFFFFF,
FFFFFF,
FFFFFF,
FFFFFF,
FFFFFF,
FFFFFF,
FFFFFF,
FFFFFF,
FFFFFF,
FFFFFF,
FFFFFF,
FFFFFF,
00FFFF,
FFFFFF,
00FFFF,
FFFFFF,
FFFFFF,
FFFFFF,
FFFFFF,
FFFFFF,
FFFFFF,
FFFFFF,
FFFFFF,
FFFFFF,
FF00FF,
FFFFFF,
FFFFFF,
FFFFFF,
FFFFFF,
FFFFFF,
FFFFFF,
FFFFFF,
FFFFFF,
FFFF00,
FFFFFF,
FFFF00,
FFFFFF,
FFFFFF,
FFFFFF,
FFFFFF,
FFFFFF,
FFFFFF,
FFFFFF,
FFFFFF,
FFFFFF,
FFFFFF,
FFFFFF,
FFFFFF,
FFFF00,
FFFFFC,
FFFFFD,
FEFFFE,
FCFFFF,
FDFFFE,
FFFFFD,
FFFFFC,
FFFFFE,
FFFFFF,
FFFFFF,
FFFFFF,
FFFFFF,
FFFFFF,
FF00FF,
FFFFFF,
FFFFFF,
FFFFFF,
FFFFFF,
FFFFFF,
FFFFFF,
FFFFFF,
FFFFFF,
FFFFFF,
FFFFFF,
FFFFFF,
FFFFFF,
FFFFFF,
FFFFFF,
FFFFFF,
FFFFFF,
FFFFFF,
FFFFFF,
FFFFFF,
FFFFFF,
FFFFFF,
FFFFFF,
FFFF00,
FFFFFF,
FFFFFF,
FFFFFF,
FFFFFF,
FFFFFF,
FFFFFF,
FFFFFF,
FFFFFF,
FFFFFF,
FFFFFF,
FFFFFF,
FFFFFF,
FFFFFF,
FFFFFF,
FFFFFF,
FFFFFF,
FFFFFF,
FFFFFF,
FFFFFF,
FFFFFF,
FFFFFF,
FFFFFF,
FFFFFF,
FFFF00,
FFFFFF,
FFFFFF,
FFFFFF,
FFFFFF,
FFFFFF,
FFFFFF,
FFFFFF,
FFFFFF,
FFFFFF,
FFFFFF,
FFFFFF,
FFFFFF,
00FFFF,
FFFFFF,
FFFFFF,
FFFFFF,
FFFFFF,
FFFF00,
FFFFFF,
FFFFFF,
FFFFFF,
00FFFF,
FFFFFF,
FFFFFF,
FFFFFF,
FFFFFF,
FFFFFF,
FFFFFF,
FFFFFF,
FFFFFF,
FFFFFF,
FFFFFF,
FFFFFF,
FFFFFF,
FFFFFF,
FFFFFF,
FFFFFF,
FFFFFF,
FFFFFF,
FFFFFF,
FF00FF,
FFFFFF,
FFFFFF,
FFFFFF,
FFFFFF,
FFFFFF,
FFFFFF,
FFFF00,
FFFFFF,
FFFFFF,
FFFFFF,
FFFFFF,
FFFFFF,
FFFFFF,
FFFFFF,
00FFFF,
FFFFFF,
FFFFFF,
FFFF00,
FFFFFF,
FFFFFF,
FFFFFF,
FFFF00,
FFFFFF,
FFFFFF,
FFFFFF,
FFFFFF,
FFFFFF,
FFFFFF,
FFFFFF,
FFFFFF,
FFFFFF,
FFFFFF,
FFFFFF,
FFFFFF,
FFFFFF,
FFFFFF,
FFFFFF,
FFFFFF,
00FFFF,
FFFFFF,
FFFFFF,
FFFFFF,
FFFFFF,
FFFFFF,
FFFFFF,
FFFFFF,
FFFFFF,
FFFFFF,
FFFFFF,
FFFFFF,
FFFFFF,
FFFFFF,
FFFFFF,
FFFFFF,
FFFFFF,
FFFFFF,
FEFEFE,
FEFEFE,
FEFEFE,
FEFEFE,
FFFFFF,
FFFFFF,
FFFFFF,
FFFFFF,
FEFEFE,
FEFEFE,
FEFEFE,
FEFEFE,
FF00FE,
FF00FF,
FFFFFF,
FFFFFF,
FFFFFF,
FF00FF,
FFFFFF,
FFFFFF,
FFFFFF,
FFFFFF,
FFFFFF,
00FFFF,
FFFFFF,
FFFFFF,
FF00FF,
FFFFFF,
FFFFFF,
FFFFFF,
FFFFFF,
FFFFFF,
FFFFFF,
FFFFFF,
FFFFFF,
FFFF00,
FFFFFF,
FFFFFF,
FFFFFF,
FFFFFF,
FFFFFF,
FFFFFF,
FFFFFF,
FFFFFF,
FFFFFF,
FFFFFF,
FFFFFF,
FFFFFF,
FFFF00,
FFFFFF,
FFFFFF,
FFFFFF,
FFFFFF,
FEFEFE,
FEFEFE,
FEFEFE,
FEFEFE,
FFFFFF,
00FFFF,
FFFFFF,
00FFFF,
FFFFFF,
FFFFFF,
FFFFFF,
FFFFFF,
FEFEFE,
FEFEFF,
FEFEFE,
FEFEFE,
FFFFFF,
FFFFFF,
FFFFFF,
FFFF00,
FEFEFE,
FEFEFE,
FEFEFE,
FEFFFE,
FEFEFE,
FEFEFE,
FEFEFE,
FEFEFE,
FEFEFE,
FEFEFE,
FEFEFE,
FEFFFE,
FFFFFF,
FFFFFF,
FF00FF,
FFFFFF,
FFFFFF,
FFFFFF,
FFFFFF,
FFFFFF,
FEFEFE,
FFFEFE,
FEFEFE,
FEFEFE,
FEFEFE,
FEFEFE,
FEFEFE,
FEFEFE,
FEFFFF,
FFFFFF,
FFFFFF,
FFFFFF,
FFFFFF,
FFFFFF,
FFFFFF,
FFFFFF,
FFFFFF,
FFFFFF,
00FFFF,
FFFFFF,
FFFFFF,
FFFFFF,
FFFFFF,
FFFFFF,
FFFFFF,
FFFFFF,
FFFFFF,
FFFFFF,
FFFFFF,
FEFEFE,
FEFEFE,
FEFE00,
FEFEFE,
FFFFFF,
FFFFFF,
FFFFFF,
FFFFFF,
FF00FF,
FFFFFF,
FFFF00,
FFFFFF,
FFFFFF,
FF00FF,
FFFFFF,
FF00FF,
00FFFF,
FFFFFF,
FFFFFF,
FFFF00,
FEFEFE,
FEFEFE,
FEFEFE,
FEFEFE,
FFFFFF,
FFFFFF,
FFFFFF,
FFFFFF,
FEFEFE,
FEFEFE,
FEFEFE,
FFFEFE,
FFFFFF,
FFFFFF,
FFFFFF,
FFFFFF,
FEFEFE,
FEFEFE,
FEFEFE,
FEFEFE,
FFFFFF,
FFFFFF,
FFFFFF,
FFFFFF,
FFFFFF,
FFFFFF,
FFFFFF,
FFFFFF,
FFFFFF,
FFFFFF,
FFFFFF,
FFFFFF,
FFFFFF,
FFFFFF,
FFFFFF,
FFFFFF,
FEFEFE,
FEFEFE,
FEFEFE,
FEFEFE,
FFFFFF,
FFFFFF,
FFFFFF,
FFFFFF,
FFFFFF,
FFFFFF,
FFFFFF,
FFFFFF,
FE00FE,
FEFEFE,
FEFEFE,
FEFEFE,
FFFFFF,
FFFFFF,
FFFFFF,
FFFFFF,
FFFFFF,
FFFFFF,
FFFFFF,
FFFFFF,
FFFFFF,
FFFFFF,
FFFFFF,
FFFFFF,
FFFFFF,
FFFFFF,
FFFFFF,
FFFFFF,
FEFEFE,
FEFEFE,
FEFEFE,
FEFEFE,
00FFFF,
FFFFFF,
FFFFFF,
FFFFFF,
FFFFFF,
FFFFFF,
FFFFFF,
FFFFFF,
FFFFFF,
FFFFFF,
FFFFFF,
FFFFFF,
FFFFFF,
FFFFFF,
FFFFFF,
FFFFFF,
FFFFFF,
FFFFFF,
FFFFFF,
FFFFFF,
FFFFFF,
FFFFFF,
FFFFFF,
FFFFFF,
FFFFFF,
FF00FF,
FFFFFF,
FFFFFF,
FFFFFF,
FFFFFF,
FFFFFF,
FFFFFF,
FFFFFF,
FFFFFF,
00FFFF,
FFFFFF,
FFFFFF,
FFFFFF,
FFFFFF,
FFFFFF,
FFFFFF,
FFFFFF,
FEFEFE,
FEFEFE,
FEFEFE,
FEFEFE,
FFFFFF,
FFFFFF,
FFFFFF,
FFFFFF,
FEFFFE,
FEFEFE,
FEFEFE,
FEFEFE,
FEFEFE,
FFFFFF,
FFFFFF,
FFFFFF,
FFFFFF,
FFFFFF,
FFFFFF,
FFFFFF,
FFFFFF,
FFFFFF,
FFFFFF,
FFFFFF,
FFFFFF,
FFFFFF,
FFFFFF,
FFFFFF,
FFFFFF,
FFFFFF,
FFFFFF,
FFFFFF,
FFFF00,
FFFFFF,
FFFFFF,
00FFFF,
FFFFFF,
FFFFFF,
FFFFFF,
FFFFFF,
FFFFFF,
FFFFFF,
FFFFFF,
FFFFFF,
FFFFFF,
FFFFFF,
FFFFFF,
00FFFF,
FFFFFF,
FFFFFF,
FFFFFF,
FFFFFF,
FFFFFF,
FEFEFE,
FEFEFE,
FEFEFE,
FEFEFE,
FFFFFF,
FFFFFF,
FFFFFF,
FFFFFF,
FFFFFF,
FFFFFF,
FFFFFF,
FFFFFF,
FEFEFE,
FEFEFE,
FEFEFE,
FFFEFE,
FFFF00,
FFFFFF,
FFFFFF,
FFFFFF,
FEFEFE,
FEFEFE,
FEFEFE,
FEFEFE,
FEFEFE,
FEFEFE,
FEFEFE,
FEFEFE,
FEFEFE,
FEFEFE,
FEFEFE,
FEFEFE,
FF00FF,
00FFFF,
FFFFFF,
FFFFFF,
FFFFFF,
FFFFFF,
FFFFFF,
FFFFFF,
FEFEFE,
FEFEFE,
FEFEFE,
FEFEFE,
FEFEFE,
FEFEFE,
FEFEFE,
FEFEFE,
FFFFFF,
FFFFFF,
FFFFFF,
FFFF00,
FFFFFF,
FFFFFF,
FFFFFF,
FFFFFF,
FFFFFF,
FFFFFF,
FFFFFF,
FFFFFF,
FFFFFF,
FFFFFF,
FFFFFF,
FFFFFF,
FFFFFF,
FFFFFF,
FFFFFF,
FFFFFF,
FFFFFF,
FEFEFE,
FEFEFE,
FEFEFF,
FEFEFE,
FFFFFF,
FFFFFF,
FFFFFF,
FFFFFF,
FFFFFF,
FFFFFF,
FFFFFF,
FFFFFF,
FFFFFF,
FFFFFF,
FFFFFF,
FFFFFF,
FFFFFF,
FFFFFF,
FFFFFF,
FFFFFF,
FEFEFE,
FEFEFE,
FEFEFE,
FEFEFE,
FFFFFF,
FFFFFF,
FFFFFF,
FFFFFF,
FEFEFE,
FEFEFE,
FEFEFE,
FEFEFE,
FFFFFF,
FFFFFF,
FF00FF,
FFFFFF,
FEFEFE,
FEFEFE,
FEFEFE,
FEFEFE,
FFFFFF,
FFFFFF,
FFFFFF,
FFFFFF,
FFFFFF,
FFFFFF,
FFFFFF,
FFFFFF,
FFFFFF,
FFFFFF,
FFFFFF,
00FFFF,
FFFFFF,
FFFFFF,
FFFFFF,
FFFFFF,
FEFEFE,
FEFEFE,
FEFEFE,
FEFEFE,
FFFFFF,
FFFFFF,
FFFFFF,
FFFFFF,
FFFFFF,
FFFFFF,
FFFFFF,
FFFFFF,
FEFEFE,
FEFEFE,
FEFEFE,
FEFEFE,
FFFFFF,
FFFFFF,
FFFFFF,
FFFFFF,
FFFFFF,
FFFFFF,
FFFFFF,
FFFFFF,
FFFFFF,
FFFFFF,
FFFFFF,
FFFFFF,
FFFFFF,
FFFFFF,
FFFFFF,
FF00FF,
FEFEFE,
FEFEFE,
FFFEFE,
FFFEFE,
FFFFFF,
FFFFFF,
FFFFFF,
FFFFFF,
FFFFFF,
FFFFFF,
FFFFFF,
FFFFFF,
FFFFFF,
FFFFFF,
00FFFF,
FFFFFF,
FFFFFF,
FFFFFF,
FFFFFF,
FFFFFF,
FFFFFF,
FFFF00,
FFFFFF,
FFFFFF,
FFFFFF,
FFFFFF,
FFFF00,
FFFFFF,
FFFFFF,
FFFFFF,
FFFFFF,
FFFFFF,
FFFFFF,
FFFFFF,
FFFFFF,
FFFFFF,
FFFFFF,
FFFFFF,
FFFFFF,
FF00FF,
FFFFFF,
FFFFFF,
FFFFFF,
FFFFFF,
FFFFFF,
FFFFFF,
FEFEFE,
FEFEFE,
FEFFFE,
FEFEFE,
FF00FF,
FFFFFF,
FF00FF,
FFFFFF,
FEFEFE,
FEFEFE,
FEFEFE,
FEFEFE,
FEFEFE,
FFFFFF,
FFFFFF,
FFFFFF,
FFFFFF,
FFFFFF,
FFFFFF,
FFFFFF,
FFFFFF,
FFFFFF,
FFFFFF,
FFFFFF,
FFFFFF,
FFFFFF,
FFFFFF,
FFFFFF,
FF00FF,
FFFFFF,
FFFFFF,
FFFFFF,
FFFFFF,
FFFFFF,
FFFFFF,
FFFFFF,
FFFFFF,
FFFFFF,
FFFFFF,
FFFFFF,
FFFFFF,
00FFFF,
FFFFFF,
FFFFFF,
FFFFFF,
FFFFFF,
FFFFFF,
FFFFFF,
FFFFFF,
FFFFFF,
FFFFFF,
FFFFFF,
00FFFF,
FEFEFE,
FEFEFE,
FEFEFE,
FEFEFE,
FFFFFF,
FFFFFF,
FFFFFF,
FFFFFF,
FFFFFF,
FFFFFF,
FFFFFF,
FFFFFF,
FEFEFE,
FEFEFE,
FEFEFE,
FEFEFE,
FFFFFF,
FFFFFF,
FFFFFF,
FFFFFF,
FEFEFE,
FEFEFE,
FEFEFE,
FEFEFE,
FEFEFF,
00FEFE,
FEFEFE,
FEFEFE,
FEFEFE,
FEFEFE,
FEFEFE,
FEFEFE,
FFFFFF,
FFFFFF,
FFFFFF,
FFFFFF,
FFFFFF,
FFFFFF,
00FFFF,
FFFFFF,
FEFEFE,
FE00FE,
FEFEFE,
FEFEFE,
FEFEFE,
FEFEFE,
FEFEFE,
FEFEFE,
00FFFF,
FFFFFF,
FFFFFF,
FFFFFF,
FFFFFF,
FFFFFF,
FFFFFF,
FFFFFF,
FFFFFF,
FFFFFF,
FFFFFF,
FFFFFF,
FFFFFF,
FFFFFF,
FFFFFF,
00FFFF,
FFFFFF,
FFFFFF,
FFFF00,
FFFFFF,
FFFFFF,
FEFEFE,
FEFEFE,
FEFEFE,
FEFEFE,
FFFFFF,
FFFFFF,
FFFFFF,
FFFFFF,
FFFFFF,
FFFFFF,
FFFFFF,
FFFFFF,
FFFFFF,
FFFFFF,
FFFFFF,
FFFFFF,
FFFFFF,
FFFFFF,
FFFFFF,
FFFFFF,
FEFEFE,
FEFEFE,
FEFEFE,
FEFEFE,
FFFFFF,
FFFFFF,
FFFFFF,
FF00FF,
FEFEFE,
FFFEFE,
FEFEFE,
FEFEFE,
FFFFFF,
FFFFFF,
FFFFFF,
FFFFFF,
FEFEFE,
FEFEFE,
FEFEFE,
FEFEFE,
00FFFF,
FFFFFF,
FFFFFF,
FFFFFF,
FFFFFF,
FFFFFF,
FFFFFF,
FFFFFF,
FFFFFF,
FFFFFF,
FFFFFF,
FFFFFF,
00FFFF,
FFFFFF,
FFFFFF,
FFFFFF,
FEFEFE,
FEFEFE,
FEFEFF,
FEFEFE,
FFFFFF,
FFFFFF,
FFFFFF,
FFFFFF,
FFFFFF,
FFFFFF,
FFFFFF,
FFFFFF,
FEFEFE,
FEFEFE,
FEFEFE,
FEFEFE,
FFFFFF,
FFFFFF,
FFFFFF,
FFFFFF,
FFFFFF,
FFFFFF,
FFFFFF,
FFFFFF,
FFFFFF,
FFFFFF,
FFFFFF,
FFFFFF,
FFFFFF,
FFFFFF,
FFFFFF,
FFFFFF,
FEFFFE,
FEFEFE,
FEFEFE,
FEFEFE,
FFFFFF,
FFFFFF,
FFFFFF,
FFFFFF,
FFFFFF,
FFFFFF,
FFFFFF,
FFFFFF,
FFFFFF,
FFFFFF,
FFFF00,
FFFFFF,
FFFFFF,
FFFFFF,
FFFFFF,
FFFFFF,
FFFFFF,
FFFFFF,
FFFFFF,
FFFFFF,
FFFFFF,
FFFFFF,
FFFFFF,
FFFFFF,
FFFFFF,
FFFFFF,
FFFFFF,
FFFFFF,
FFFFFF,
FFFFFF,
FFFFFF,
FFFFFF,
FFFFFF,
FFFF00,
FFFFFF,
FFFFFF,
FFFFFF,
FFFFFF,
FFFFFF,
FFFFFF,
FFFFFF,
FFFFFF,
FEFEFE,
FEFEFF,
FEFEFE,
FEFEFE,
FFFFFF,
FFFFFF,
FFFFFF,
FFFFFF,
FEFEFE,
FEFEFE,
FEFEFE,
FEFEFE,
FFFEFE,
FFFFFF,
FF00FF,
FFFFFF,
FFFFFF,
FFFFFF,
FFFFFF,
FFFFFF,
FFFFFF,
FFFFFF,
FFFFFF,
FFFFFF,
FFFFFF,
FFFFFF,
FFFFFF,
FFFFFF,
FFFFFF,
FFFFFF,
FFFFFF,
FFFFFF,
FFFFFF,
FFFFFF,
FFFFFF,
FFFFFF,
FFFFFF,
FFFFFF,
FFFFFF,
FFFFFF,
FFFFFF,
FFFFFF,
FFFFFF,
FFFFFF,
FFFFFF,
FFFFFF,
FFFFFF,
FFFFFF,
FFFFFF,
FFFFFF,
FFFFFF,
FFFFFF,
FFFFFF,
FEFEFE,
FEFEFE,
FEFEFE,
FEFEFE,
FFFFFF,
00FFFF,
FFFFFF,
FFFFFF,
FFFF00,
FFFFFF,
FFFFFF,
FF00FF,
FEFEFE,
FEFEFE,
FEFEFE,
FEFEFE,
FFFFFF,
FFFFFF,
FFFFFF,
FFFFFF,
FEFEFE,
FEFEFE,
FEFEFE,
FEFEFE,
FEFEFE,
FEFEFE,
FEFEFE,
FEFEFE,
FEFEFE,
FEFEFE,
FEFEFE,
FEFEFE,
FFFFFF,
FFFFFF,
FFFFFF,
FFFFFF,
FFFFFF,
FFFFFF,
FFFFFF,
FFFFFF,
00FEFE,
FEFEFE,
FEFEFE,
FEFEFE,
FEFEFE,
FEFEFE,
FEFEFE,
FEFE00,
FFFFFF,
FFFFFF,
FFFFFF,
FFFFFF,
FFFFFF,
FFFFFF,
0000FF,
FFFFFF,
FFFFFF,
FFFFFF,
FFFFFF,
FFFFFF,
FFFFFF,
FFFFFF,
FFFF00,
FFFFFF,
FFFFFF,
FFFFFF,
FFFFFF,
FFFFFF,
FFFFFF,
FEFEFE,
FEFEFE,
FEFEFE,
FEFEFE,
FFFFFF,
FFFFFF,
FFFFFF,
FFFFFF,
FFFF00,
FFFFFF,
FFFFFF,
FFFFFF,
FFFFFF,
FFFFFF,
FFFFFF,
FFFFFF,
FFFF00,
FFFFFF,
FFFFFF,
FFFFFF,
FEFEFE,
FEFEFE,
FEFEFE,
FEFEFE,
FFFFFF,
FFFFFF,
FFFFFF,
FFFFFF,
FEFEFE,
FEFEFE,
FEFEFE,
FEFEFE,
FFFFFF,
FFFF00,
FFFFFF,
FF00FF,
FEFEFE,
FEFEFE,
FEFEFE,
FEFEFE,
FFFFFF,
FFFFFF,
FFFFFF,
FFFFFF,
FFFFFF,
FFFFFF,
FFFFFF,
FFFFFF,
FFFFFF,
FFFFFF,
FFFFFF,
FFFFFF,
FFFFFF,
FFFFFF,
FFFFFF,
FFFFFF,
FEFEFE,
FEFEFE,
FEFEFE,
FEFEFE,
FFFFFF,
FFFFFF,
FFFF00,
FFFFFF,
FFFFFF,
FFFFFF,
FFFFFF,
FFFFFF,
FEFEFE,
FEFEFE,
FEFEFE,
FEFEFE,
FF00FF,
FFFFFF,
FFFFFF,
FFFFFF,
FFFFFF,
FFFFFF,
FFFFFF,
FFFFFF,
FFFFFF,
FFFFFF,
FFFFFF,
FFFFFF,
FFFFFF,
FFFFFF,
FFFFFF,
FFFFFF,
FEFEFE,
FEFEFE,
FEFEFE,
FEFEFE,
FFFFFF,
FFFFFF,
FFFFFF,
FFFFFF,
FFFFFF,
FFFFFF,
FFFFFF,
FFFFFF,
FFFFFF,
FFFFFF,
FFFFFF,
FFFFFF,
FFFFFF,
FFFFFF,
FFFFFF,
FFFFFF,
FFFFFF,
FFFFFF,
FFFFFF,
FFFFFF,
FFFFFF,
FFFFFF,
FFFFFF,
FFFFFF,
FFFFFF,
FFFFFF,
FFFFFF,
FFFFFF,
FFFFFF,
FFFFFF,
FFFFFF,
FFFFFF,
FFFFFF,
FFFFFF,
FFFFFF,
FFFFFF,
FFFFFF,
FF00FF,
FFFFFF,
FFFFFF,
FFFFFF,
FFFFFF,
FEFEFE,
FEFEFE,
FEFEFE,
FEFEFE,
FFFFFF,
FFFFFF,
FFFFFF,
FFFFFF,
FEFEFE,
FEFEFE,
FEFEFE,
FEFEFE,
FEFEFE,
FFFFFF,
FFFFFF,
FFFFFF,
FF00FF,
FFFFFF,
FFFFFF,
00FFFF,
FFFFFF,
FFFF00,
00FF00,
FFFFFF,
FFFFFF,
FFFFFF,
FFFFFF,
FFFFFF,
FFFFFF,
FFFFFF,
FFFFFF,
FFFFFF,
FFFFFF,
FFFFFF,
FFFFFF,
FFFFFF,
FFFF00,
FFFFFF,
FFFFFF,
FFFFFF,
FFFFFF,
FFFFFF,
FFFFFF,
FFFFFF,
FFFFFF,
FFFFFF,
FFFFFF,
FFFFFF,
FFFFFF,
FFFFFF,
FFFFFF,
FFFFFF,
FFFFFF,
FEFEFE,
FEFEFE,
FE00FE,
FEFEFE,
FFFFFF,
FFFFFF,
FFFFFF,
FFFFFF,
FFFFFF,
FFFFFF,
FFFFFF,
FFFFFF,
FEFEFE,
FEFEFE,
FEFEFE,
FEFEFE,
FFFFFF,
FFFFFF,
FFFFFF,
FFFFFF,
FEFEFE,
FEFEFE,
FFFEFE,
FEFEFE,
FEFEFE,
FEFEFE,
FEFEFE,
FEFEFE,
FEFEFE,
FEFEFE,
FEFEFE,
00FEFE,
FFFFFF,
FFFFFF,
FFFFFF,
FFFFFF,
FFFFFF,
FFFFFF,
FFFFFF,
FFFFFF,
FEFEFE,
FEFEFE,
FFFEFE,
FEFFFE,
FEFEFE,
FEFEFE,
FEFEFE,
FEFEFE,
FFFFFF,
FFFFFF,
FFFFFF,
FF00FF,
FFFFFF,
FFFFFF,
FFFFFF,
FFFFFF,
FFFFFF,
FFFFFF,
FFFFFF,
FFFFFF,
FFFFFF,
FFFFFF,
FFFFFF,
FFFFFF,
FFFFFF,
FFFFFF,
FFFFFF,
FFFFFF,
FFFFFF,
FEFEFE,
FEFEFE,
FEFEFE,
FEFEFE,
FFFFFF,
FFFFFF,
FFFFFF,
FFFFFF,
FFFFFF,
FFFFFF,
FFFFFF,
FF00FF,
FFFFFF,
FFFFFF,
FFFFFF,
FFFFFF,
FFFFFF,
FFFFFF,
FFFF00,
FFFFFF,
FEFEFE,
FEFEFE,
FFFEFE,
FE00FE,
FF00FF,
FFFFFF,
FFFFFF,
FFFFFF,
FEFEFE,
FEFEFE,
FEFEFE,
FEFE00,
FFFFFF,
FFFFFF,
FFFFFF,
FFFFFF,
FEFE00,
FEFEFE,
FEFEFE,
FEFEFE,
FFFFFF,
FFFFFF,
FFFFFF,
FFFFFF,
FFFFFF,
FFFFFF,
FFFFFF,
FFFFFF,
FFFFFF,
FFFFFF,
FFFFFF,
FFFFFF,
FFFFFF,
FFFFFF,
FFFFFF,
FFFFFF,
FEFEFE,
FEFEFE,
FEFEFE,
FEFEFE,
FFFFFF,
FFFFFF,
FFFFFF,
FFFFFF,
FFFF00,
FFFFFF,
FFFFFF,
FFFFFF,
FEFEFE,
FEFEFE,
FEFEFE,
FEFEFE,
FFFFFF,
FFFFFF,
FFFFFF,
FFFF00,
FFFFFF,
FFFFFF,
FFFFFF,
FFFFFF,
FFFFFF,
FFFFFF,
FFFFFF,
FFFFFF,
FFFFFF,
FFFFFF,
FFFFFF,
FFFFFF,
FEFEFE,
FEFEFE,
FE00FE,
FEFEFE,
FFFFFF,
FFFFFF,
FFFFFF,
FFFFFF,
FFFFFF,
FFFFFF,
FFFFFF,
FFFFFF,
FFFFFF,
FFFFFF,
FFFFFF,
FFFFFF,
FFFFFF,
FFFFFF,
FFFFFF,
FFFFFF,
FFFFFF,
FFFFFF,
FFFFFF,
FFFFFF,
FFFFFF,
FFFFFF,
FFFFFF,
00FFFF,
FF00FF,
FFFFFF,
FFFFFF,
FFFFFF,
FFFFFF,
FFFFFF,
FFFFFF,
FFFFFF,
FFFFFF,
FFFFFF,
FFFF00,
FFFFFF,
FFFFFF,
FFFFFF,
FFFFFF,
FFFFFF,
FFFFFF,
FFFFFF,
FEFEFE,
FEFEFE,
FEFEFE,
FEFEFE,
FFFFFF,
FFFFFF,
FFFFFF,
FFFFFF,
FEFEFE,
FEFEFE,
FEFEFE,
FEFEFE,
FEFEFE,
FFFFFF,
FFFFFF,
FFFFFF,
FFFFFF,
FFFFFF,
FFFFFF,
FFFFFF,
FFFFFF,
FFFFFF,
FFFFFF,
FFFFFF,
FF00FF,
FFFFFF,
FFFFFF,
FFFFFF,
FFFFFF,
FFFFFF,
FFFFFF,
FFFFFF,
FFFFFF,
FFFFFF,
00FFFF,
FFFFFF,
FFFFFF,
FFFFFF,
FFFFFF,
FFFFFF,
FFFFFF,
FFFFFF,
FFFFFF,
FF00FF,
FFFFFF,
FFFFFF,
FFFFFF,
FFFFFF,
FFFFFF,
FFFFFF,
FFFFFF,
FFFFFF,
FFFFFF,
FEFEFF,
FEFEFE,
FEFEFE,
FEFEFE,
FFFFFF,
FFFFFF,
FFFFFF,
FFFFFF,
FFFFFF,
FFFFFF,
FFFFFF,
FFFFFF,
FEFEFE,
FEFEFE,
FEFEFE,
FEFEFE,
FFFFFF,
FFFFFF,
FFFFFF,
FFFFFF,
FEFEFE,
FEFEFE,
FEFEFE,
FEFEFE,
FEFEFE,
FEFEFE,
FEFEFE,
FEFEFE,
FEFEFE,
FEFEFE,
FEFEFE,
FEFEFE,
FFFFFF,
FFFFFF,
FFFFFF,
FFFFFF,
FF00FF,
FFFFFF,
FFFFFF,
FFFFFF,
FEFEFE,
FEFE00,
FEFEFE,
FEFEFE,
FEFEFE,
FEFEFE,
FEFEFE,
FEFEFE,
FFFFFF,
FFFFFF,
FFFFFF,
FF00FF,
FFFFFF,
FFFFFF,
FFFFFF,
FFFFFF,
FFFFFF,
FFFFFF,
00FFFF,
FFFFFF,
FFFFFF,
FFFFFF,
FFFFFF,
FFFFFF,
FFFFFF,
FFFFFF,
FFFFFF,
FFFFFF,
FFFFFF,
FEFEFE,
FEFEFE,
00FEFE,
FEFEFE,
FFFFFF,
FFFFFF,
FFFFFF,
FFFFFF,
FFFFFF,
FFFFFF,
FFFFFF,
FFFFFF,
FFFFFF,
FFFFFF,
FFFFFF,
FFFFFF,
FFFFFF,
FFFFFF,
FFFFFF,
FF00FF,
FEFEFE,
FEFEFE,
FEFEFE,
00FEFE,
FFFFFF,
FFFFFF,
FFFFFF,
FFFFFF,
FEFEFE,
FEFEFE,
FEFEFE,
FEFEFE,
FFFFFF,
FFFFFF,
FFFFFF,
FFFFFF,
FEFEFE,
FEFEFE,
FEFEFF,
FEFEFE,
FFFFFF,
FFFFFF,
FFFFFF,
FFFFFF,
FFFFFF,
FFFFFF,
FFFFFF,
FFFFFF,
FFFFFF,
FFFFFF,
FFFFFF,
FFFFFF,
FFFFFF,
FFFFFF,
FFFFFF,
FFFFFF,
FE00FE,
FEFEFE,
FEFEFE,
FEFEFE,
FFFFFF,
FFFFFF,
FFFFFF,
FFFFFF,
FFFFFF,
FFFFFF,
FFFFFF,
FFFFFF,
FEFEFE,
FE00FE,
FEFEFE,
FEFEFE,
FFFFFF,
FFFFFF,
FFFFFF,
FFFFFF,
FFFFFF,
FFFFFF,
FFFFFF,
FFFFFF,
FFFFFF,
FFFFFF,
FFFFFF,
FFFFFF,
FFFFFF,
FFFFFF,
FFFFFF,
FFFFFF,
FEFEFE,
FEFEFE,
FEFEFE,
FEFEFE,
FFFFFF,
FFFFFF,
FFFFFF,
FFFFFF,
FFFFFF,
FFFFFF,
FFFFFF,
FFFFFF,
FFFF00,
FFFFFF,
FFFFFF,
FFFFFF,
FFFFFF,
FFFF00,
FFFFFF,
FFFF00,
FFFFFF,
FFFFFF,
FFFFFF,
00FFFF,
FFFF00,
FFFFFF,
FFFFFF,
FFFFFF,
FFFFFF,
FFFFFF,
FFFF00,
FFFFFF,
FFFFFF,
FFFFFF,
FFFFFF,
FFFFFF,
FFFFFF,
FFFFFF,
FFFFFF,
FFFFFF,
FFFFFF,
FFFFFF,
FFFFFF,
FFFFFF,
FFFFFF,
FFFFFF,
FFFFFF,
FFFFFF,
FFFFFF,
FFFFFF,
FFFFFF,
FFFFFF,
FFFFFF,
FFFFFF,
FFFFFF,
FFFFFF,
FFFFFF,
FF00FF,
FFFFFF,
FFFFFF,
FFFFFF,
FFFFFF,
FFFFFF,
FFFFFF,
FFFFFF,
FFFFFF,
FFFFFF,
FFFFFF,
FFFF00,
FFFFFF,
FFFFFF,
FFFFFF,
FFFFFF,
FFFFFF,
FFFFFF,
00FFFF,
FFFFFF,
FFFFFF,
FFFFFF,
FFFFFF,
FFFFFF,
FFFFFF,
FFFFFF,
FFFFFF,
FFFFFF,
FFFFFF,
FFFFFF,
FF00FF,
FFFFFF,
FFFFFF,
FFFFFF,
FFFFFF,
FFFFFF,
FFFFFF,
FFFFFF,
FFFFFF,
FFFFFF,
FFFFFF,
FFFFFF,
FFFFFF,
FFFFFF,
FFFFFF,
FFFFFF,
FFFFFF,
FFFFFF,
FFFFFF,
FF00FF,
FFFFFF,
FFFFFF,
FFFFFF,
FFFFFF,
FFFFFF,
FFFFFF,
FF00FF,
FFFFFF,
FFFFFF,
FFFFFF,
FFFFFF,
FFFFFF,
FFFFFF,
FF00FF,
FFFFFF,
FFFFFF,
FFFFFF,
FFFFFF,
FFFF00,
FFFFFF,
FFFFFF,
FFFFFF,
FFFFFF,
FFFF00,
FFFFFF,
FFFFFF,
FFFFFF,
FFFFFF,
FFFFFF,
FFFFFF,
FFFFFF,
FFFFFF,
FFFFFF,
FFFFFF,
FFFFFF,
FFFFFF,
FFFFFF,
FFFFFF,
FFFFFF,
FFFFFF,
FFFFFF,
FFFFFF,
FFFFFF,
FFFFFF,
FFFFFF,
FFFFFF,
FFFFFF,
FFFFFF,
FFFFFF,
FFFFFF,
FFFFFF,
00FFFF,
FFFFFF,
FFFFFF,
FFFFFF,
FFFFFF,
FFFFFF,
FFFFFF,
FFFFFF,
FFFFFF,
FFFFFF,
FFFFFF,
FFFFFF,
FFFFFF,
FFFFFF,
FFFFFF,
FFFFFF,
FFFFFF,
FFFFFF,
FFFFFF,
FFFFFF,
FFFFFF,
FFFFFF,
FFFF00,
FFFFFF,
FFFFFF,
00FFFF,
FFFFFF,
FFFFFF,
FFFFFF,
FFFFFF,
FFFFFF,
FFFFFF,
FFFFFF,
FFFFFF,
FFFFFF,
FFFFFF,
FFFFFF,
FFFFFF,
FFFFFF,
FFFFFF,
FFFFFF,
FFFFFF,
FFFFFF,
FFFFFF,
FFFFFF,
FFFFFF,
FFFFFF,
FFFFFF,
FFFFFF,
FFFFFF,
FFFFFF,
FFFFFF,
FFFFFF,
FFFFFF,
FFFFFF,
FFFFFF,
FFFFFF,
FFFFFF,
FFFFFF,
FFFFFF,
FFFFFF,
FFFFFF,
FFFFFF,
FFFFFF,
FFFFFF,
FFFFFF,
FFFFFF,
FFFFFF,
FFFFFF,
FFFFFF,
FFFFFF,
FFFFFF,
FFFFFF,
00FFFF,
FFFFFF,
FFFFFF,
FFFFFF,
FFFFFF,
FFFFFF,
FFFFFF,
FFFFFF,
FFFFFF,
FFFFFF,
FFFFFF,
FFFFFF,
FFFFFF,
FFFFFF,
FF00FF,
FFFFFF,
FFFFFF,
FFFFFF,
FFFFFF,
FFFFFF,
FFFFFF,
FFFFFF,
FFFFFF,
FFFFFF,
FFFFFF,
FFFFFF,
FFFF00,
FFFFFF,
FFFFFF,
FFFFFF,
FFFFFF,
FFFFFF,
FFFFFF,
FFFFFF,
FFFFFF,
FFFFFF,
FFFFFF,
FFFFFF,
FFFFFF,
FFFFFF,
FFFFFF,
FFFFFF,
FFFFFF,
FFFFFF,
FFFFFF,
FFFFFF,
FFFFFF,
FFFFFF,
FFFFFF,
FFFFFF,
FFFFFF,
FFFFFF,
FFFFFF,
FFFFFF,
FFFFFF,
FFFFFF,
FF00FF,
FFFFFF,
FFFFFF,
FFFFFF,
FFFFFF,
FFFFFF,
FFFFFF,
FFFFFF,
FFFFFF,
FFFFFF,
FFFFFF,
FFFFFF,
FFFFFF,
FFFFFF,
FFFFFF,
FFFFFF,
FFFFFF,
FFFFFF,
FFFFFF,
FFFFFF,
00FFFF,
FFFFFF,
FFFFFF,
FFFFFF,
FFFFFF,
FFFFFF,
FFFFFF,
FFFFFF,
FFFFFF,
FFFFFF,
FFFFFF,
FFFFFF,
FFFFFF,
00FFFF,
00FFFF,
FFFFFF,
FFFFFF,
FFFFFF,
FFFFFF,
FFFFFF,
FFFFFF,
00FFFF,
FFFFFF,
FFFFFF,
FFFFFF,
FFFFFF,
FFFFFF,
FFFFFF,
FFFFFF,
FFFFFF,
FFFFFF,
FFFFFF,
FFFFFF,
FFFFFF,
FFFFFF,
FFFFFF,
FFFFFF,
FFFFFF,
FFFFFF,
FFFFFF,
FFFFFF,
FFFFFF,
FFFFFF,
FFFFFF,
FFFFFF,
FFFFFF,
FFFFFF,
FFFFFF,
FF00FF,
FF00FF,
FFFFFF,
FFFFFF,
FFFFFF,
FFFFFF,
FFFFFF,
FF00FF,
FFFFFF,
FFFFFF,
FFFFFF,
FFFFFF,
FFFFFF,
FFFFFF,
FFFFFF,
FFFFFF,
FFFFFF,
FFFFFF,
FFFFFF,
FFFFFF,
FFFF00,
FFFF00,
FFFFFF,
FF00FF,
FFFFFF,
FFFFFF,
FFFFFF,
FFFFFF,
FFFFFF,
FFFFFF,
FFFFFF,
FFFFFF,
FFFFFF,
FFFFFF,
FFFFFF,
FFFFFF,
FFFFFF,
FFFFFF,
FFFFFF,
FFFFFF,
FFFFFF,
FFFFFF,
FFFFFF,
FFFFFF,
FFFFFF,
FFFFFF,
FFFFFF,
FFFFFF,
FFFFFF,
FFFFFF,
FFFFFF,
FFFFFF,
FFFFFF,
FFFFFF,
FFFFFF,
FFFFFF,
FFFFFF,
00FFFF,
FFFFFF,
FFFFFF,
FFFFFF,
FFFFFF,
FFFFFF,
FFFFFF,
FFFFFF,
FFFFFF,
FFFFFF,
FFFFFF,
FFFFFF,
FFFF00,
FFFFFF,
FFFFFF,
FFFFFF,
FFFFFF,
FFFFFF,
FFFFFF,
FFFFFF,
FFFFFF,
FFFFFF,
FFFFFF,
FFFFFF,
FFFFFF,
FFFFFF,
FFFFFF,
FFFFFF,
FFFFFF,
FFFFFF,
FFFFFF,
FFFFFF,
FFFFFF,
FFFFFF,
FFFFFF,
FFFFFF,
FFFFFF,
FFFFFF,
FFFFFF,
FFFFFF,
FFFFFF,
FFFFFF,
FFFFFF,
FFFFFF,
FFFFFF,
FFFFFF,
FFFFFF,
FFFFFF,
FFFFFF,
FFFFFF,
FFFFFF,
FFFFFF,
FFFFFF,
FFFFFF,
00FFFF,
00FFFF,
FFFFFF,
FFFFFF,
FFFFFF,
FFFFFF,
FFFFFF,
FFFFFF,
FFFFFF,
FFFFFF,
FFFFFF,
FFFFFF,
FFFFFF,
FFFFFF,
FFFFFF,
FFFFFF,
FFFFFF,
FFFFFF,
FFFFFF,
FF00FF,
FFFFFF,
FFFFFF,
FFFFFF,
FFFFFF,
FFFFFF,
FFFFFF,
FFFFFF,
FFFFFF,
FFFFFF,
FFFFFF,
FFFFFF,
FFFFFF,
FFFFFF,
FFFFFF,
FFFFFF,
FFFFFF,
FFFFFF,
FFFFFF,
FFFFFF,
FFFFFF,
FFFFFF,
FFFFFF,
FFFFFF,
FFFFFF,
FFFFFF,
FFFFFF,
FFFFFF,
FFFFFF,
FFFFFF,
FFFFFF,
FFFFFF,
FFFFFF,
FFFFFF,
FFFFFF,
FFFFFF,
FFFFFF,
FFFFFF,
FFFFFF,
FFFFFF,
FFFFFF,
FFFFFF,
FFFFFF,
FFFFFF,
FFFFFF,
FFFFFF,
FFFFFF,
FFFFFF,
FFFFFF,
FFFFFF,
FFFFFF,
FFFFFF,
FFFFFF,
00FFFF,
FFFFFF,
FFFFFF,
FFFFFF,
FFFFFF,
FFFFFF,
FFFFFF,
FFFFFF,
FFFFFF,
FFFFFF,
FFFFFF,
FFFFFF,
FFFFFF,
FFFFFF,
FFFFFF,
FFFFFF,
FFFFFF,
FFFFFF,
FFFFFF,
FFFFFF,
FFFF00,
FFFFFF,
FFFFFF,
FFFFFF,
FFFFFF,
FFFF00,
FFFFFF,
FFFFFF,
FFFFFF,
FFFFFF,
FFFFFF,
FFFFFF,
00FFFF,
FFFFFF,
FFFFFF,
FFFFFF,
FFFFFF,
FFFFFF,
FFFFFF,
FFFFFF,
FFFFFF,
FFFFFF,
FFFFFF,
FFFFFF,
FFFFFF,
FFFFFF,
FFFFFF,
FFFFFF,
FFFFFF,
FFFFFF,
FFFFFF,
FFFFFF,
FFFFFF,
FFFFFF,
FFFFFF,
FFFFFF,
FFFFFF,
FFFFFF,
FFFFFF,
FFFFFF,
FFFFFF,
FFFFFF,
FFFFFF,
FFFFFF,
FFFFFF,
FFFFFF,
FFFFFF,
FFFFFF,
FFFFFF,
00FFFF,
FFFFFF,
FFFFFF,
FFFFFF,
FFFFFF,
FFFFFF,
FFFFFF,
FFFFFF,
FFFFFF,
FFFFFF,
FFFFFF,
FFFFFF,
FFFFFF,
FFFFFF,
FFFFFF,
FFFFFF,
FFFFFF,
FFFFFF,
FFFFFF,
FFFFFF,
FFFFFF,
FFFFFF,
FFFFFF,
FFFFFF,
FFFFFF,
FFFFFF,
FFFFFF,
FFFFFF,
FFFFFF,
FFFFFF,
FFFFFF,
FFFFFF,
FFFFFF,
FFFFFF,
FFFFFF,
FFFFFF,
FFFFFF,
FFFFFF,
FFFFFF,
FFFFFF,
FFFFFF,
FFFFFF,
FFFFFF,
FFFFFF,
FFFFFF,
FFFFFF,
FFFFFF,
FF00FF,
FFFF00,
FFFFFF,
FFFFFF,
FFFFFF,
FFFFFF,
FFFFFF,
0000FF,
FFFFFF,
FFFFFF,
FFFFFF,
FFFFFF,
FFFFFF,
FFFFFF,
FFFFFF,
FFFFFF,
FFFFFF,
FFFFFF,
00FFFF,
FFFFFF,
FFFFFF,
FFFFFF,
FFFFFF,
FFFFFF,
FFFFFF,
FFFFFF,
FFFFFF,
FFFFFF,
FFFFFF,
FFFFFF,
FFFFFF,
FFFFFF,
FFFFFF,
00FFFF,
FFFFFF,
FFFFFF,
FFFFFF,
FFFFFF,
FFFF00,
FFFFFF,
FFFFFF,
FFFFFF,
FFFFFF,
FFFFFF,
FFFFFF,
FFFFFF,
FFFFFF,
FFFFFF,
FFFFFF,
FFFFFF,
00FFFF,
FF0000,
FF00FF,
FFFFFF,
FFFFFF,
FFFFFF,
FF00FF,
FFFF00,
FFFFFF,
FFFFFF,
FFFFFF,
FFFFFF,
FFFFFF,
FF0000,
FFFFFF,
FFFFFF,
FFFFFF,
FFFFFF,
FFFF00,
FF00FF,
FFFFFF,
FFFFFF,
FFFFFF,
FFFFFF,
FFFFFF,
FFFFFF,
FFFFFF,
FFFFFF,
FFFFFF,
FFFFFF,
FFFFFF,
FFFFFF,
FFFFFF,
FFFFFF,
FFFFFF,
FFFFFF,
FFFFFF,
FFFFFF,
FFFFFF,
FFFFFF,
FFFFFF,
FFFFFF,
FFFFFF,
FFFFFF,
FFFFFF,
FFFFFF,
FFFFFF,
FFFFFF,
FFFFFF,
FFFFFF,
FFFFFF,
FFFFFF,
FFFFFF,
FF00FF,
FFFFFF,
FFFFFF,
FFFFFF,
FFFFFF,
FFFFFF,
FFFFFF,
FFFFFF,
FFFFFF,
FFFFFF,
FFFFFF,
FFFFFF,
FFFFFF,
FFFFFF,
FFFFFF,
FFFFFF,
FFFFFF,
FFFFFF,
FFFFFF,
FFFFFF,
FFFFFF,
00FFFF,
FFFFFF,
FFFFFF,
FFFFFF,
FFFFFF,
FFFFFF,
FFFFFF,
FFFFFF,
FFFFFF,
FFFFFF,
FFFFFF,
FFFFFF,
FFFFFF,
FFFFFF,
FFFFFF,
FFFFFF,
FFFFFF,
FFFFFF,
FFFFFF,
FFFFFF,
FFFFFF,
FFFFFF,
FFFFFF,
FF00FF,
FFFFFF,
00FFFF,
FFFFFF,
FFFFFF,
00FFFF,
FFFFFF,
FFFFFF,
FFFFFF,
FFFFFF,
FFFFFF,
00FFFF,
FFFFFF,
FFFFFF,
FFFFFF,
FFFF00,
FFFFFF,
FFFFFF,
FFFFFF,
FFFFFF,
FFFFFF,
FFFFFF,
FFFFFF,
FFFFFF,
00FFFF,
FFFFFF,
FFFFFF,
FFFFFF,
FFFFFF,
FFFFFF,
FFFFFF,
FFFFFF,
FFFFFF,
FFFFFF,
FFFFFF,
FFFFFF,
FFFFFF,
FFFFFF,
FFFFFF,
FFFFFF,
FFFFFF,
FFFFFF,
FFFFFF,
FFFFFF,
FFFFFF,
FFFFFF,
FFFFFF,
FFFFFF,
FFFFFF,
FFFFFF,
FFFFFF,
FFFFFF,
FFFFFF,
FFFFFF,
FFFFFF,
FFFFFF,
FFFFFF,
FFFFFF,
FFFFFF,
FFFFFF,
FFFFFF,
FFFFFF,
00FFFF,
FFFFFF,
FFFFFF,
FFFFFF,
FFFFFF,
FFFFFF,
FF00FF,
FFFFFF,
FFFFFF,
FFFFFF,
FFFFFF,
FFFFFF,
FFFFFF,
FFFFFF,
FFFFFF,
FFFFFF,
FFFFFF,
FFFFFF,
FFFFFF,
FFFFFF,
FFFFFF,
FFFFFF,
FFFFFF,
FFFFFF,
FFFFFF,
FFFFFF,
FFFFFF,
FFFFFF,
FFFFFF,
FFFFFF,
FFFFFF,
FFFFFF,
FFFFFF,
FFFFFF,
FFFFFF,
FFFFFF,
FFFF00,
FFFFFF,
FF00FF,
FFFFFF,
FFFFFF,
FFFFFF,
FFFFFF,
FFFFFF,
FFFFFF,
FFFFFF,
FFFFFF,
FFFFFF,
FFFFFF,
FFFFFF,
FFFFFF,
FFFFFF,
FFFFFF,
FFFFFF,
FF00FF,
FFFFFF,
FFFFFF,
FFFFFF,
FFFFFF,
FFFFFF,
FFFFFF,
FFFFFF,
FFFFFF,
FFFFFF,
FFFFFF,
00FFFF,
FFFFFF,
FFFFFF,
FFFFFF,
FFFFFF,
FFFFFF,
FFFFFF,
FFFFFF,
FFFFFF,
00FFFF,
00FFFF,
FFFFFF,
FFFFFF,
FFFFFF,
FFFFFF,
FFFFFF,
FFFFFF,
FFFFFF,
FFFFFF,
FFFFFF,
FFFFFF,
FFFFFF,
FFFFFF,
FFFFFF,
FFFFFF,
FFFF00,
FFFFFF,
FFFFFF,
FFFFFF,
FFFFFF,
FFFFFF,
FFFFFF,
FFFFFF,
FFFFFF,
FFFFFF,
FFFFFF,
FFFFFF,
FFFFFF,
FFFFFF,
FFFFFF,
FFFFFF,
FFFFFF,
FFFFFF,
FFFFFF,
FFFFFF,
FFFFFF,
FFFFFF,
FFFFFF,
FF00FF,
FFFFFF,
FFFFFF,
FFFFFF,
FFFFFF,
FFFFFF,
FFFFFF,
FFFF00,
FFFFFF,
FFFFFF,
FFFFFF,
FF00FF,
FFFFFF,
FFFFFF,
FFFFFF,
FFFFFF,
FFFFFF,
FFFFFF,
FFFFFF,
FFFFFF,
FFFFFF,
FFFFFF,
FFFFFF,
FFFFFF,
FFFFFF,
FFFFFF,
FFFFFF,
FFFFFF,
FFFFFF,
FFFF00,
FFFFFF,
FFFFFF,
FFFFFF,
FFFFFF,
00FFFF,
FFFFFF,
FFFFFF,
FFFFFF,
FFFFFF,
FFFFFF,
FFFFFF,
FFFF00,
FFFF00,
FFFFFF,
FFFFFF,
FFFFFF,
00FFFF,
FFFFFF,
FFFFFF,
FFFFFF,
FFFFFF,
FFFFFF,
FFFFFF,
FFFFFF,
FFFFFF,
FFFFFF,
FFFFFF,
FFFFFF,
FFFFFF,
FFFFFF,
FFFFFF,
FFFFFF,
FFFFFF,
FFFFFF,
FFFFFF,
FFFFFF,
FFFFFF,
FFFFFF,
FFFFFF,
FFFFFF,
FFFFFF,
FFFFFF,
FFFFFF,
FFFFFF,
FFFFFF,
FFFFFF,
FFFFFF,
FFFF00,
FFFFFF,
FFFFFF,
FFFFFF,
FFFFFF,
FFFFFF,
FFFFFF,
00FFFF,
FFFFFF,
FFFFFF,
FFFF00,
FFFFFF,
FF00FF,
FFFFFF,
FFFFFF,
FFFFFF,
FFFFFF,
FFFFFF,
FFFFFF,
FFFFFF,
FFFFFF,
FFFFFF,
FFFFFF,
FFFFFF,
FFFFFF,
FFFFFF,
FFFFFF,
FFFFFF,
FFFFFF,
FFFFFF,
FFFFFF,
FFFFFF,
FFFFFF,
FFFFFF,
FFFFFF,
FFFFFF,
FFFF00,
FFFFFF,
FFFFFF,
FFFFFF,
FFFFFF,
FFFFFF,
FFFFFF,
FFFFFF,
FFFFFF,
FFFFFF,
FFFFFF,
FFFFFF,
FFFFFF,
FFFFFF,
FFFFFF,
FFFFFF,
FFFFFF,
FFFFFF,
FFFFFF,
FFFFFF,
FFFFFF,
00FFFF,
FFFFFF,
FFFFFF,
FFFFFF,
FFFFFF,
FFFFFF,
00FFFF,
FFFFFF,
FFFFFF,
FFFFFF,
FFFFFF,
FFFFFF,
FFFFFF,
FFFFFF,
FFFFFF,
FFFFFF,
FFFFFF,
FFFFFF,
FFFFFF,
FFFFFF,
FFFFFF,
FFFFFF,
FFFFFF,
FFFFFF,
FFFFFF,
FFFFFF,
FFFFFF,
FFFFFF,
FFFFFF,
00FFFF,
FFFFFF,
FFFF00,
FFFFFF,
FFFFFF,
FFFFFF,
FFFFFF,
FFFFFF,
FFFFFF,
FFFFFF,
FFFFFF,
FFFFFF,
FFFFFF,
FFFFFF,
FFFFFF,
FFFFFF,
FFFFFF,
FFFFFF,
FFFFFF,
FFFFFF,
FFFFFF,
FFFFFF,
FFFFFF,
FFFFFF,
FFFFFF,
FFFFFF,
FFFFFF,
FFFFFF,
FFFFFF,
FFFFFF,
FFFFFF,
FFFFFF,
FFFFFF,
FFFFFF,
FFFFFF,
FFFFFF,
FFFFFF,
FFFFFF,
FFFFFF,
FFFFFF,
FFFFFF,
FFFFFF,
FFFFFF,
FFFFFF,
FFFF00,
FFFFFF,
FFFFFF,
FFFFFF,
FFFFFF,
FFFFFF,
FFFFFF,
FFFFFF,
FFFFFF,
FFFFFF,
FFFFFF,
FFFFFF,
00FFFF,
FFFFFF,
FFFFFF,
FFFFFF,
FFFFFF,
FFFFFF,
FFFFFF,
FFFFFF,
FFFFFF,
FFFFFF,
FFFFFF,
FFFFFF,
FFFFFF,
FFFF00,
FFFFFF,
FFFFFF,
FFFFFF,
FFFFFF,
FFFFFF,
FFFFFF,
FFFFFF,
FFFFFF,
FFFFFF,
FFFFFF,
FFFFFF,
FFFFFF,
00FFFF,
FFFFFF,
FFFFFF,
FFFFFF,
FFFFFF,
FFFFFF,
FFFFFF,
FFFFFF,
FFFFFF,
FFFFFF,
FFFFFF,
00FFFF,
FFFFFF,
FFFFFF,
FFFFFF,
FFFFFF,
FFFFFF,
FFFFFF,
FFFFFF,
00FFFF,
FFFFFF,
FFFFFF,
FFFFFF,
FFFFFF,
FFFFFF,
FFFFFF,
FFFFFF,
FFFFFF,
FFFFFF,
FFFFFF,
FFFFFF,
FFFFFF,
FFFFFF,
FFFFFF,
FFFFFF,
FFFFFF,
FFFFFF,
FFFFFF,
FFFFFF,
FFFFFF,
FFFF00,
FFFFFF,
FFFFFF,
FFFFFF,
FFFFFF,
FFFFFF,
FFFFFF,
00FFFF,
FFFFFF,
FFFFFF,
FFFFFF,
FFFFFF,
FFFFFF,
FFFFFF,
FFFFFF,
FF00FF,
FFFFFF,
FFFFFF,
FFFFFF,
FFFFFF,
FFFFFF,
FFFFFF,
FFFFFF,
FFFFFF,
FF00FF,
FFFFFF,
FFFFFF,
FFFFFF,
FFFFFF,
FFFFFF,
FFFFFF,
FFFFFF,
FFFFFF,
FFFFFF,
FFFFFF,
FFFFFF,
FFFFFF,
FFFFFF,
FFFFFF,
FFFFFF,
FFFFFF,
FFFFFF,
FFFFFF,
FFFFFF,
FFFFFF,
FFFFFF,
FFFFFF,
FFFFFF,
FFFFFF,
FFFFFF,
FFFFFF,
FFFFFF,
FFFFFF,
FFFFFF,
FFFFFF,
FFFFFF,
FFFFFF,
FFFFFF,
FFFFFF,
FFFFFF,
FFFFFF,
FFFFFF,
FFFFFF,
FFFFFF,
FFFFFF,
FFFEFE,
00FEFE,
FEFEFE,
FEFEFE,
FFFF00,
FFFFFF,
00FFFF,
FFFFFF,
FFFFFF,
FFFFFF,
FFFFFF,
FFFFFF,
FFFFFF,
FFFFFF,
FFFF00,
FFFFFF,
FFFFFF,
FFFFFF,
FFFFFF,
FFFFFF,
FFFFFF,
FFFFFF,
FFFFFF,
FFFFFF,
FFFFFF,
FFFF00,
FFFFFF,
FF00FF,
FFFFFF,
FF00FF,
FFFFFF,
FFFFFF,
FFFFFF,
FFFFFF,
FF00FF,
FFFFFF,
FFFFFF,
FFFFFF,
FFFF00,
FFFFFF,
FFFFFF,
FFFFFF,
FFFFFF,
FFFFFF,
FFFFFF,
FFFFFF,
FFFFFF,
FFFFFF,
FFFFFF,
FFFFFF,
FFFFFF,
FFFFFF,
FFFFFF,
FFFFFF,
FFFFFF,
FFFFFF,
FFFFFF,
FFFFFF,
FFFFFF,
FFFFFF,
FFFFFF,
FFFFFF,
FFFFFF,
FFFFFF,
FFFFFF,
FEFEFE,
FEFEFE,
FEFEFE,
00FE00,
FFFFFF,
FFFFFF,
FFFFFF,
FFFFFF,
FFFFFF,
FFFFFF,
FFFFFF,
FFFFFF,
FEFEFE,
FEFEFE,
00FEFE,
FEFEFE,
FFFFFF,
FFFFFF,
FFFFFF,
FFFFFF,
FFFFFF,
FFFFFF,
FFFFFF,
FFFFFF,
FFFFFF,
FFFFFF,
FFFFFF,
FFFFFF,
FEFEFE,
FEFEFE,
FEFEFE,
FEFEFE,
FFFFFF,
FFFFFF,
FFFFFF,
FFFFFF,
FF00FF,
FFFFFF,
FFFFFF,
FFFF00,
FFFFFF,
FFFFFF,
FFFFFF,
FFFFFF,
FFFFFF,
FFFFFF,
FFFFFF,
FFFFFF,
FFFFFF,
FFFFFF,
FFFFFF,
FFFFFF,
FFFFFF,
FFFFFF,
FFFFFF,
FFFFFF,
FFFFFF,
FFFFFF,
FFFFFF,
FFFFFF,
FFFFFF,
FFFFFF,
FFFF00,
FFFFFF,
FFFFFF,
FFFFFF,
FF00FF,
FFFFFF,
FF00FF,
FFFFFF,
FFFFFF,
FFFFFF,
FFFFFF,
FFFFFF,
FFFFFF,
FFFFFF,
FFFFFF,
FFFFFF,
FFFFFF,
FF00FF,
FFFFFF,
FFFFFF,
FFFFFF,
FFFFFF,
FFFFFF,
FFFFFF,
FFFFFF,
FFFFFF,
FFFFFF,
FFFFFF,
FFFFFF,
FFFFFF,
FFFFFF,
FFFFFF,
FFFFFF,
FFFFFF,
FFFFFF,
FFFFFF,
FFFFFF,
FFFFFF,
FFFF00,
FFFFFF,
FFFFFF,
FFFFFF,
FFFFFF,
FFFFFF,
FFFFFF,
FFFFFF,
FFFFFF,
FFFFFF,
FFFFFF,
FFFFFF,
FFFFFF,
FEFEFE,
FEFEFE,
FEFEFE,
FEFEFE,
FFFFFF,
FFFFFF,
FF00FF,
FFFFFF,
FFFFFF,
FFFFFF,
FFFFFF,
FFFFFF,
FFFFFF,
FFFFFF,
FFFFFF,
FFFFFF,
FFFFFF,
FFFFFF,
FFFFFF,
FFFFFF,
FEFEFE,
FEFEFE,
FEFEFE,
FEFEFE,
FFFFFF,
FFFFFF,
FFFFFF,
FFFFFF,
FFFFFF,
FFFFFF,
FFFFFF,
FFFFFF,
FFFFFF,
FFFFFF,
FF00FF,
FFFFFF,
FFFFFF,
FFFFFF,
FFFFFF,
FFFFFF,
FFFFFF,
FFFFFF,
FFFFFF,
FFFFFF,
FFFFFF,
FFFFFF,
FFFFFF,
FFFFFF,
FFFFFF,
FFFFFF,
FFFFFF,
FFFFFF,
FFFFFF,
FFFFFF,
FFFFFF,
FFFFFF,
FFFFFF,
FFFFFF,
FFFFFF,
FFFFFF,
FFFFFF,
FFFFFF,
FFFFFF,
00FFFF,
FFFFFF,
FFFFFF,
FFFFFF,
FFFF00,
FFFFFF,
FFFFFF,
FFFFFF,
FFFFFF,
FFFFFF,
FFFFFF,
FFFFFF,
FFFFFF,
FFFFFF,
FFFFFF,
FEFEFE,
00FEFE,
00FEFE,
FEFEFE,
FFFFFF,
FFFFFF,
FFFFFF,
FFFFFF,
FFFFFF,
FFFFFF,
FFFFFF,
FFFFFF,
FFFFFF,
FFFFFF,
FFFFFF,
FFFFFF,
FFFFFF,
FFFFFF,
FFFFFF,
FFFFFF,
FFFFFF,
FFFFFF,
FFFFFF,
FFFFFF,
FF00FF,
FFFFFF,
FFFFFF,
FFFFFF,
FF00FF,
FFFFFF,
FFFFFF,
FFFFFF,
FFFFFF,
FFFFFF,
FFFFFF,
FFFFFF,
FFFFFF,
FFFFFF,
FFFFFF,
FFFFFF,
FFFFFF,
FFFFFF,
FFFFFF,
FFFFFF,
FFFFFF,
FFFFFF,
FFFFFF,
FFFFFF,
FFFFFF,
FFFFFF,
FFFFFF,
FFFFFF,
FFFFFF,
FFFFFF,
FFFFFF,
FFFFFF,
FFFFFF,
FFFFFF,
FFFFFF,
FFFFFF,
FFFFFF,
FFFFFF,
FFFFFF,
FFFFFF,
FFFFFF,
FEFEFE,
FEFEFE,
FEFEFE,
FEFEFE,
FFFFFF,
FFFFFF,
FFFFFF,
FFFFFF,
FFFFFF,
FFFFFF,
FFFFFF,
FFFFFF,
00FEFE,
FEFEFE,
FEFEFE,
FEFEFE,
FFFFFF,
FFFFFF,
FFFFFF,
FFFFFF,
FFFFFF,
FFFFFF,
FFFFFF,
FFFFFF,
FFFFFF,
FFFFFF,
FFFFFF,
FFFFFF,
FEFEFE,
FEFEFE,
FEFEFE,
FEFEFE,
FFFFFF,
FFFFFF,
FFFFFF,
FFFFFF,
00FFFF,
FFFFFF,
FFFFFF,
FFFFFF,
FFFFFF,
FFFFFF,
FFFFFF,
FFFFFF,
FFFFFF,
FFFFFF,
FFFFFF,
FFFFFF,
FFFFFF,
FFFFFF,
FFFFFF,
FFFFFF,
FFFFFF,
FFFFFF,
FFFFFF,
FFFF00,
FFFFFF,
FFFFFF,
FFFFFF,
FFFFFF,
FFFFFF,
FFFFFF,
FFFFFF,
FFFFFF,
FFFFFF,
FFFFFF,
FFFFFF,
FFFFFF,
FFFFFF,
FFFFFF,
FFFFFF,
FFFFFF,
FFFFFF,
FFFFFF,
FFFFFF,
FF00FF,
FFFF00,
FFFFFF,
FFFFFF,
FFFFFF,
FFFFFF,
FFFFFF,
FFFFFF,
FFFFFF,
FF00FF,
FFFFFF,
FFFFFF,
FFFFFF,
FFFFFF,
FFFFFF,
FFFFFF,
FFFFFF,
FFFFFF,
FFFFFF,
FFFFFF,
FFFFFF,
FFFFFF,
FFFFFF,
FFFFFF,
FFFFFF,
FFFFFF,
FFFFFF,
FFFFFF,
FFFF00,
FFFFFF,
FFFF00,
FFFFFF,
FFFFFF,
FFFFFF,
FFFFFF,
FFFFFF,
FFFFFF,
FFFFFF,
FEFEFE,
00FEFE,
FEFEFE,
FEFEFE,
FFFFFF,
FFFFFF,
FFFFFF,
FFFFFF,
00FFFF,
FFFFFF,
FFFFFF,
FFFFFF,
FFFFFF,
FFFFFF,
FFFFFF,
FFFFFF,
FFFFFF,
FFFFFF,
FFFFFF,
FF00FF,
FEFEFE,
FFFEFE,
FEFEFE,
FEFEFE,
FFFFFF,
FFFFFF,
FFFFFF,
FFFFFF,
FFFFFF,
FFFFFF,
FFFFFF,
FFFFFF,
FFFFFF,
FFFFFF,
FFFFFF,
FFFFFF,
FFFFFF,
FFFFFF,
FFFFFF,
FFFFFF,
FFFFFF,
FFFFFF,
FFFFFF,
FFFFFF,
FFFFFF,
FFFFFF,
FFFFFF,
FFFFFF,
FFFFFF,
FFFFFF,
FFFFFF,
00FFFF,
FFFFFF,
FFFFFF,
FFFFFF,
FFFFFF,
00FFFF,
FFFFFF,
FFFFFF,
FFFFFF,
FFFFFF,
FFFFFF,
FFFFFF,
FFFFFF,
FFFFFF,
FFFFFF,
FFFFFF,
FFFFFF,
FFFFFF,
FFFFFF,
FFFFFF,
FFFFFF,
FFFFFF,
00FFFF,
FFFFFF,
FFFFFF,
FFFFFF,
FFFFFF,
00FEFE,
FEFEFE,
FEFEFE,
FEFEFE,
FFFFFF,
FFFFFF,
FFFFFF,
FFFFFF,
FFFFFF,
FFFFFF,
FFFFFF,
FFFFFF,
FFFFFF,
FFFFFF,
FFFFFF,
FFFFFF,
FFFFFF,
FFFFFF,
FFFFFF,
FFFFFF,
FFFFFF,
FFFFFF,
FFFFFF,
FFFFFF,
00FFFF,
FFFFFF,
FFFFFF,
FFFFFF,
FFFFFF,
FFFFFF,
FFFFFF,
FFFF00,
FFFF00,
FFFFFF,
FFFFFF,
FFFFFF,
FFFFFF,
00FFFF,
FFFFFF,
FFFFFF,
FFFFFF,
FFFFFF,
FFFFFF,
FFFFFF,
FFFFFF,
FFFFFF,
FFFFFF,
FFFFFF,
FFFFFF,
FFFFFF,
FFFFFF,
FFFFFF,
FFFFFF,
FFFFFF,
FFFFFF,
FFFFFF,
FFFFFF,
FFFFFF,
FFFFFF,
FFFF00,
FFFFFF,
FFFFFF,
FFFFFF,
FFFFFF,
00FFFF,
FEFEFE,
FEFEFE,
FFFEFE,
FEFEFE,
FFFFFF,
FFFF00,
FFFFFF,
FFFFFF,
FFFFFF,
FFFFFF,
FFFFFF,
FFFFFF,
FEFEFE,
00FEFE,
FEFEFE,
FEFEFE,
FFFFFF,
FFFFFF,
FFFFFF,
FFFFFF,
FFFFFF,
FFFFFF,
FFFFFF,
FFFFFF,
FFFFFF,
FFFFFF,
FFFFFF,
FFFFFF,
FEFEFE,
FEFEFE,
FEFEFE,
FEFEFE,
FFFFFF,
FFFFFF,
FFFFFF,
FFFFFF,
00FFFF,
FFFFFF,
FFFFFF,
FFFFFF,
FFFFFF,
FFFFFF,
FFFFFF,
FFFFFF,
FFFFFF,
FFFFFF,
00FFFF,
FFFFFF,
FFFFFF,
FFFF00,
FF00FF,
FFFFFF,
FFFFFF,
FFFFFF,
FFFFFF,
FFFFFF,
FFFFFF,
FFFFFF,
FFFFFF,
FFFFFF,
FFFFFF,
FF00FF,
FFFFFF,
00FFFF,
FFFFFF,
FFFFFF,
FFFFFF,
FFFFFF,
FFFFFF,
FFFFFF,
FFFFFF,
FFFFFF,
FFFFFF,
FFFFFF,
FFFFFF,
FFFFFF,
FFFFFF,
FFFFFF,
FF00FF,
FFFFFF,
FFFFFF,
FFFFFF,
FFFFFF,
FFFFFF,
FFFFFF,
FFFFFF,
FFFFFF,
FFFFFF,
FFFFFF,
FFFFFF,
FFFF00,
FFFFFF,
FFFFFF,
FFFFFF,
FFFFFF,
FFFFFF,
FFFFFF,
FFFFFF,
FFFFFF,
FFFFFF,
FFFFFF,
FFFFFF,
FFFFFF,
FFFFFF,
FFFFFF,
FFFFFF,
FFFFFF,
FFFFFF,
FFFFFF,
FFFFFF,
FFFFFF,
FFFFFF,
FFFFFF,
FEFEFF,
FEFEFE,
FEFEFE,
FEFEFE,
FFFF00,
FFFFFF,
FFFFFF,
FFFFFF,
FFFFFF,
FFFFFF,
FFFFFF,
FFFFFF,
FFFFFF,
FFFFFF,
00FFFF,
FFFFFF,
FFFFFF,
FFFFFF,
FFFFFF,
FFFFFF,
00FEFE,
FEFEFE,
FEFEFE,
00FEFE,
FFFFFF,
FFFFFF,
FFFFFF,
FFFFFF,
FFFFFF,
FFFFFF,
FFFFFF,
00FFFF,
FFFFFF,
FFFFFF,
FFFFFF,
FFFFFF,
FFFFFF,
FFFFFF,
FFFFFF,
FFFFFF,
FFFFFF,
FFFFFF,
FFFFFF,
FFFFFF,
FFFFFF,
FFFFFF,
FFFFFF,
FFFFFF,
FF00FF,
FFFFFF,
FFFFFF,
FFFFFF,
FFFFFF,
FFFFFF,
FFFF00,
FFFFFF,
FFFFFF,
FFFFFF,
FFFFFF,
FFFFFF,
FFFFFF,
FFFFFF,
FFFFFF,
FFFF00,
FFFFFF,
FFFFFF,
FFFFFF,
FFFFFF,
FFFFFF,
FFFFFF,
FFFFFF,
FFFFFF,
FFFFFF,
FFFFFF,
00FFFF,
FFFFFF,
FFFFFF,
FFFFFF,
FEFEFF,
FEFEFE,
FEFEFE,
FFFEFE,
FFFFFF,
FFFFFF,
FFFFFF,
FFFFFF,
FFFFFF,
FFFFFF,
FFFFFF,
FFFFFF,
FFFFFF,
FFFFFF,
FFFFFF,
FFFFFF,
FFFFFF,
FFFFFF,
FFFFFF,
FFFFFF,
FFFFFF,
FFFFFF,
FFFFFF,
FFFFFF,
00FFFF,
FFFFFF,
FFFFFF,
FFFFFF,
FFFFFF,
FFFFFF,
FFFFFF,
FFFFFF,
FFFFFF,
FFFFFF,
FFFFFF,
FFFFFF,
00FFFF,
FFFFFF,
FFFFFF,
FFFFFF,
FFFFFF,
FFFFFF,
FFFF00,
FFFFFF,
FFFFFF,
FFFFFF,
FFFFFF,
FFFFFF,
00FFFF,
FFFFFF,
00FFFF,
FFFFFF,
00FFFF,
FFFFFF,
FFFFFF,
FFFFFF,
FFFFFF,
FFFFFF,
FFFFFF,
FFFFFF,
FFFFFF,
FFFFFF,
FFFFFF,
FFFFFF,
FFFFFF,
FEFEFE,
FEFEFE,
FEFEFE,
FEFEFE,
FFFFFF,
FFFFFF,
FFFFFF,
FFFFFF,
FFFFFF,
FFFFFF,
FFFFFF,
FF0000,
FEFEFE,
FEFEFE,
FEFEFE,
FEFEFE,
FFFFFF,
FFFFFF,
FFFFFF,
FFFFFF,
FFFFFF,
FFFFFF,
FFFFFF,
00FFFF,
FFFFFF,
FFFFFF,
00FFFF,
FFFFFF,
FEFEFE,
00FEFE,
FE00FE,
FEFEFE,
FFFFFF,
FFFFFF,
FFFFFF,
FFFFFF,
FFFFFF,
FFFFFF,
FFFFFF,
FFFFFF,
FFFFFF,
FFFFFF,
FFFFFF,
FFFFFF,
FFFFFF,
FFFFFF,
FFFFFF,
FFFFFF,
FFFFFF,
FFFF00,
FFFFFF,
FFFFFF,
FFFFFF,
FFFFFF,
FFFFFF,
FFFFFF,
FFFFFF,
FFFFFF,
FFFFFF,
FFFFFF,
FFFFFF,
FFFFFF,
FFFFFF,
FFFFFF,
FFFFFF,
FFFFFF,
FFFFFF,
FFFFFF,
FFFFFF,
FFFFFF,
FFFFFF,
FFFFFF,
FFFFFF,
FFFFFF,
FFFFFF,
FFFFFF,
FFFFFF,
FFFFFF,
FFFFFF,
FFFFFF,
FFFFFF,
FFFFFF,
FFFFFF,
FFFFFF,
FFFFFF,
FFFFFF,
FFFFFF,
FFFFFF,
FFFFFF,
FFFFFF,
FFFF00,
FFFFFF,
FFFFFF,
FFFFFF,
FFFF00,
FFFFFF,
FFFFFF,
FFFFFF,
FFFFFF,
FFFFFF,
FFFFFF,
FFFFFF,
FFFFFF,
FFFFFF,
FFFFFF,
FFFFFF,
FFFFFF,
FFFFFF,
FFFFFF,
FFFFFF,
FFFFFF,
FFFFFF,
FFFFFF,
FEFFFE,
FEFEFE,
FEFEFE,
FEFEFE,
FFFFFF,
FFFFFF,
FFFFFF,
FFFFFF,
FFFFFF,
FFFFFF,
FFFFFF,
FFFFFF,
FFFFFF,
FFFFFF,
FFFFFF,
FFFFFF,
FFFFFF,
FF00FF,
FFFFFF,
FFFFFF,
FEFEFE,
FEFEFE,
FEFEFE,
FEFEFE,
FFFFFF,
FFFFFF,
FFFFFF,
FFFFFF,
FFFFFF,
FFFFFF,
FFFFFF,
FFFFFF,
FFFFFF,
FFFFFF,
FFFFFF,
FFFFFF,
FFFFFF,
FFFF00,
FFFFFF,
FFFFFF,
FFFFFF,
FFFFFF,
FFFFFF,
FFFFFF,
FFFFFF,
FFFFFF,
FFFFFF,
FFFFFF,
FFFFFF,
FFFFFF,
FFFFFF,
FFFFFF,
FFFFFF,
FFFFFF,
FFFFFF,
FFFFFF,
FFFFFF,
FFFFFF,
FFFFFF,
FFFFFF,
FFFFFF,
FFFFFF,
FFFFFF,
FFFFFF,
FFFFFF,
FFFFFF,
FFFFFF,
FFFFFF,
FFFFFF,
FFFFFF,
FFFFFF,
FFFFFF,
FFFFFF,
FFFFFF,
FFFFFF,
FFFFFF,
FFFFFF,
FFFFFF,
FEFEFE,
FE00FE,
FEFEFE,
FEFEFE,
FFFFFF,
FFFFFF,
FFFFFF,
FF00FF,
FFFFFF,
FFFFFF,
FFFFFF,
FFFFFF,
FFFFFF,
FFFFFF,
FFFFFF,
FFFFFF,
FFFFFF,
FFFFFF,
FFFFFF,
FFFFFF,
FFFFFF,
00FFFF,
FFFFFF,
FFFFFF,
FFFFFF,
FFFFFF,
FFFFFF,
FFFFFF,
FFFFFF,
FFFFFF,
FFFFFF,
FFFF00,
FFFFFF,
FFFFFF,
FFFFFF,
FFFFFF,
FFFFFF,
FFFFFF,
00FFFF,
FFFFFF,
FFFFFF,
FFFFFF,
FFFFFF,
FFFFFF,
FFFFFF,
FF00FF,
FFFFFF,
FFFFFF,
FFFFFF,
FFFFFF,
FFFFFF,
FFFFFF,
00FFFF,
FFFFFF,
FFFFFF,
FFFFFF,
FFFFFF,
FFFFFF,
FFFFFF,
FFFFFF,
FFFFFF,
FFFFFF,
FFFFFF,
FFFFFF,
FFFFFF,
FEFEFE,
FEFEFE,
00FEFE,
FEFEFE,
FFFFFF,
00FFFF,
FFFFFF,
FFFFFF,
FFFFFF,
FFFFFF,
FFFFFF,
FFFFFF,
FEFEFE,
FEFEFE,
FFFEFE,
FEFEFE,
FFFFFF,
FFFFFF,
FFFFFF,
FFFF00,
FFFFFF,
FFFFFF,
FFFF00,
FF00FF,
FFFFFF,
FFFFFF,
FFFFFF,
FFFFFF,
FEFEFE,
FEFEFE,
FEFEFE,
FEFEFE,
FFFFFF,
FFFFFF,
FFFFFF,
FFFFFF,
FFFFFF,
FFFFFF,
FFFFFF,
FFFFFF,
FFFFFF,
FFFFFF,
FFFFFF,
FFFFFF,
FFFFFF,
FFFFFF,
FFFF00,
FFFFFF,
FFFFFF,
FFFFFF,
00FFFF,
FFFFFF,
FFFFFF,
FFFFFF,
FFFFFF,
FFFFFF,
FFFFFF,
FFFFFF,
FFFFFF,
FFFFFF,
FFFFFF,
FFFF00,
FFFFFF,
FFFF00,
FFFFFF,
FFFFFF,
FFFFFF,
FFFFFF,
FFFFFF,
FFFFFF,
FFFFFF,
FFFFFF,
FFFFFF,
FFFFFF,
00FFFF,
FFFFFF,
FFFFFF,
FFFFFF,
FFFFFF,
FFFFFF,
FFFFFF,
FFFFFF,
FFFFFF,
FFFFFF,
FF00FF,
FFFFFF,
FF00FF,
FFFF00,
FF00FF,
FFFFFF,
FFFFFF,
FFFFFF,
FFFFFF,
FFFFFF,
FFFFFF,
FFFFFF,
FFFFFF,
FFFFFF,
FFFFFF,
FFFFFF,
FFFFFF,
FFFFFF,
FFFFFF,
FFFFFF,
FFFF00,
FFFFFF,
FFFFFF,
FFFFFF,
FFFFFF,
FFFFFF,
FFFFFF,
FFFFFF,
FFFFFF,
FEFEFE,
FE00FE,
FEFEFE,
FE00FE,
FFFFFF,
FFFFFF,
0000FF,
FFFFFF,
FFFFFF,
FFFFFF,
FFFFFF,
FFFFFF,
FFFFFF,
FFFFFF,
FFFFFF,
00FFFF,
FFFFFF,
FFFFFF,
FFFFFF,
FFFFFF,
FEFEFE,
FEFEFE,
FEFEFE,
FEFEFE,
FFFFFF,
FFFFFF,
00FFFF,
FFFFFF,
00FFFF,
FFFFFF,
FFFFFF,
FFFFFF,
FFFFFF,
FFFFFF,
FFFFFF,
FFFFFF,
FFFFFF,
FFFFFF,
FFFFFF,
FFFFFF,
FFFFFF,
FFFFFF,
FEFEFE,
FFFEFE,
FEFEFE,
FEFEFE,
FFFFFF,
FFFFFF,
FFFFFF,
FFFFFF,
FFFFFF,
FFFFFF,
FFFFFF,
FFFFFF,
FFFFFF,
FFFFFF,
FFFFFF,
FFFFFF,
FFFFFF,
FFFFFF,
FFFFFF,
FFFFFF,
FFFFFF,
FFFFFF,
FFFFFF,
FFFFFF,
FEFEFE,
FEFEFE,
FEFEFE,
FEFEFE,
FFFFFF,
FFFFFF,
FFFFFF,
FFFFFF,
FFFFFF,
FFFFFF,
FFFFFF,
FFFFFF,
FFFFFF,
FFFFFF,
FFFFFF,
FFFFFF,
FFFFFF,
FFFFFF,
FFFF00,
FFFFFF,
FFFFFF,
FFFFFF,
FFFFFF,
FFFFFF,
FFFFFF,
FFFFFF,
FFFFFF,
FFFFFF,
FFFFFF,
FFFFFF,
FF00FF,
FFFFFF,
FFFFFF,
FFFFFF,
FFFFFF,
FFFFFF,
FFFFFF,
FFFFFF,
FFFFFF,
FFFFFF,
FFFFFF,
FFFFFF,
FFFFFF,
FFFFFF,
FFFFFF,
FFFFFF,
FFFFFF,
FFFFFF,
FFFFFF,
FFFFFF,
FFFFFF,
FFFFFF,
FFFFFF,
FFFFFF,
00FFFF,
FFFFFF,
FFFFFF,
FF00FF,
FFFFFF,
FFFFFF,
FFFFFF,
FEFEFE,
FEFEFE,
FEFEFE,
FEFEFE,
FFFFFF,
FFFFFF,
FFFFFF,
FFFFFF,
FFFFFF,
FFFFFF,
FFFFFF,
FF00FF,
FFFFFF,
FFFFFF,
FF00FF,
FFFFFF,
FEFEFE,
FEFEFE,
FE00FE,
FEFEFE,
FFFFFF,
FFFFFF,
FFFFFF,
FFFFFF,
FFFFFF,
FFFFFF,
FFFFFF,
FFFFFF,
FFFFFF,
FFFFFF,
FFFFFF,
FFFFFF,
FFFFFF,
FFFFFF,
FFFFFF,
FFFFFF,
FFFF00,
FFFFFF,
FFFFFF,
FFFFFF,
FFFFFF,
FFFFFF,
FF00FF,
FFFFFF,
FFFFFF,
00FFFF,
FFFFFF,
FFFFFF,
FFFFFF,
FFFFFF,
FFFFFF,
FFFFFF,
FFFFFF,
FFFFFF,
FFFFFF,
FFFFFF,
FFFFFF,
FFFFFF,
FF00FF,
FFFFFF,
FEFEFE,
FEFEFE,
FEFEFE,
FEFEFE,
FFFFFF,
FFFFFF,
FFFFFF,
FFFFFF,
FFFFFF,
FFFFFF,
FFFFFF,
FFFFFF,
FFFFFF,
FFFFFF,
FFFFFF,
FFFFFF,
FFFFFF,
FFFFFF,
FFFFFF,
FFFFFF,
FFFFFF,
FFFFFF,
FFFFFF,
FFFFFF,
FFFFFF,
FFFFFF,
FFFFFF,
FFFFFF,
FFFFFF,
FFFFFF,
FFFFFF,
FFFFFF,
FFFFFF,
FFFFFF,
FFFFFF,
FFFFFF,
FFFFFF,
FFFFFF,
FF00FF,
FFFFFF,
FFFFFF,
FFFFFF,
FFFFFF,
FFFFFF,
FFFFFF,
FEFEFE,
FEFEFE,
FEFEFE,
FEFEFE,
FFFFFF,
FFFFFF,
FFFFFF,
FFFFFF,
FFFFFF,
FFFFFF,
FFFFFF,
FFFFFF,
FFFFFF,
FFFFFF,
FFFFFF,
FFFFFF,
FFFFFF,
FFFFFF,
FFFFFF,
FFFFFF,
FFFFFF,
FFFFFF,
FFFFFF,
FFFFFF,
FFFFFF,
FFFFFF,
FFFFFF,
FFFFFF,
FFFFFF,
FFFFFF,
FFFFFF,
FFFFFF,
FFFFFF,
FFFFFF,
FFFFFF,
FFFFFF,
FFFFFF,
FFFFFF,
FFFFFF,
FFFFFF,
FFFFFF,
FFFFFF,
FFFFFF,
FFFFFF,
FFFFFF,
FFFFFF,
FFFFFF,
FFFFFF,
FFFFFF,
FFFFFF,
FFFFFF,
FFFFFF,
FFFFFF,
FFFFFF,
FFFFFF,
FFFFFF,
FFFFFF,
FFFFFF,
FFFFFF,
FFFFFF,
FFFFFF,
FF00FF,
FFFFFF,
FFFF00,
FFFFFF,
FFFFFF,
FEFEFE,
FEFEFE,
FEFEFE,
FEFEFE,
FFFFFF,
FFFFFF,
FFFFFF,
FFFFFF,
FFFFFF,
FFFFFF,
FFFFFF,
FF00FF,
FFFFFF,
FF00FF,
FFFFFF,
FFFFFF,
FFFFFF,
FFFFFF,
FFFFFF,
FFFFFF,
FFFFFF,
FFFFFF,
FFFFFF,
FFFFFF,
FFFEFE,
FEFEFE,
FEFEFE,
FEFEFE,
FFFFFF,
FFFFFF,
FFFFFF,
FFFFFF,
FFFFFF,
FFFFFF,
FFFFFF,
FFFFFF,
00FFFF,
FFFFFF,
FFFFFF,
FFFFFF,
FFFFFF,
FFFFFF,
FFFFFF,
00FFFF,
FFFFFF,
FFFFFF,
FFFFFF,
FFFFFF,
FFFFFF,
FFFFFF,
FFFFFF,
FFFFFF,
FFFFFF,
FFFFFF,
FFFFFF,
FFFFFF,
FFFFFF,
FFFFFF,
FFFFFF,
FFFFFF,
FFFFFF,
FFFFFF,
FFFFFF,
FFFFFF,
FFFFFF,
FFFFFF,
FFFFFF,
FFFFFF,
FFFFFF,
FFFFFF,
FFFFFF,
FFFFFF,
FFFFFF,
FFFFFF,
FFFFFF,
FFFFFF,
FFFFFF,
FFFFFF,
FFFFFF,
FFFFFF,
FFFFFF,
FFFFFF,
FFFFFF,
FFFFFF,
FFFFFF,
FEFEFE,
FEFEFE,
FEFEFE,
FEFEFE,
FFFFFF,
FFFFFF,
FFFFFF,
FFFFFF,
FFFFFF,
FFFFFF,
FFFFFF,
FFFFFF,
FFFFFF,
FFFFFF,
FFFFFF,
FFFFFF,
FEFEFE,
FEFFFE,
FEFEFE,
FEFEFE,
FFFFFF,
FFFFFF,
FFFFFF,
FFFFFF,
FFFFFF,
FFFFFF,
FFFF00,
FFFFFF,
FFFFFF,
FFFFFF,
FFFFFF,
FFFFFF,
FFFFFF,
FFFFFF,
FFFFFF,
FFFFFF,
FFFFFF,
FFFFFF,
FFFFFF,
FF00FF,
FFFFFF,
FFFFFF,
FFFFFF,
FFFFFF,
FFFFFF,
FFFFFF,
FFFFFF,
FFFFFF,
FFFFFF,
FFFFFF,
FFFFFF,
FFFF00,
FFFFFF,
FFFFFF,
FFFFFF,
FFFFFF,
FFFFFF,
FFFFFF,
FFFFFF,
FFFFFF,
FEFEFE,
FEFEFE,
FEFEFE,
FEFEFE,
00FFFF,
FFFFFF,
FFFFFF,
FFFFFF,
FFFFFF,
FFFFFF,
FFFFFF,
FFFFFF,
FFFFFF,
FFFFFF,
FFFFFF,
FFFFFF,
FFFFFF,
FFFFFF,
FFFFFF,
FFFFFF,
FFFFFF,
FFFFFF,
FFFFFF,
FFFFFF,
FFFFFF,
FFFFFF,
FFFFFF,
FFFFFF,
FFFFFF,
FFFFFF,
FFFFFF,
FFFFFF,
FFFFFF,
FFFFFF,
FFFFFF,
FFFFFF,
FFFFFF,
FFFFFF,
FFFFFF,
FFFFFF,
FFFFFF,
FFFFFF,
FFFFFF,
FFFFFF,
FFFFFF,
FEFEFE,
FEFEFE,
FEFEFE,
FEFEFE,
FFFFFF,
FFFFFF,
FFFFFF,
FFFFFF,
FFFFFF,
FFFFFF,
FFFFFF,
FFFFFF,
FFFFFF,
FFFFFF,
00FFFF,
FFFFFF,
FFFFFF,
FFFF00,
FFFFFF,
FFFFFF,
FF00FF,
FFFFFF,
FFFFFF,
FF00FF,
FFFFFF,
FFFFFF,
FFFFFF,
FFFFFF,
FFFFFF,
FFFFFF,
FFFFFF,
FFFFFF,
FFFFFF,
FFFFFF,
00FFFF,
FFFFFF,
FFFFFF,
00FFFF,
FFFFFF,
FFFFFF,
FFFFFF,
FFFFFF,
FFFFFF,
FFFFFF,
00FFFF,
FFFFFF,
FFFFFF,
FFFFFF,
FFFFFF,
FFFFFF,
FFFFFF,
FFFFFF,
FFFFFF,
FFFFFF,
FFFFFF,
FFFFFF,
FFFFFF,
FFFFFF,
FFFFFF,
FFFFFF,
FFFFFF,
FFFFFF,
FFFFFF,
FFFFFF,
FFFFFF,
FFFFFF,
FEFEFE,
FEFEFE,
00FE00,
FEFEFE,
FFFFFF,
FFFFFF,
FFFFFF,
FFFFFF,
FFFFFF,
FFFFFF,
FFFFFF,
FFFFFF,
FFFFFF,
FFFFFF,
FFFFFF,
FFFF00,
FFFFFF,
FFFFFF,
FFFFFF,
FFFFFF,
FFFF00,
FFFFFF,
FFFFFF,
FFFFFF,
FEFEFE,
FEFEFE,
FEFEFE,
FEFEFE,
FFFFFF,
FFFFFF,
FFFFFF,
FFFFFF,
FFFFFF,
FFFFFF,
FFFFFF,
FFFFFF,
00FFFF,
FFFFFF,
FFFFFF,
FFFF00,
FFFFFF,
FFFFFF,
FFFFFF,
FFFFFF,
FFFFFF,
FFFFFF,
FFFFFF,
FFFFFF,
FFFFFF,
FFFFFF,
FF00FF,
FFFFFF,
FFFFFF,
FFFFFF,
FFFFFF,
FFFFFF,
FFFFFF,
FFFFFF,
FFFFFF,
FFFFFF,
FFFFFF,
FFFFFF,
FFFFFF,
FFFFFF,
FFFFFF,
FFFFFF,
FFFFFF,
FFFFFF,
FFFFFF,
FFFFFF,
FFFFFF,
FFFFFF,
FFFFFF,
FF00FF,
FFFFFF,
FFFFFF,
FFFFFF,
FFFFFF,
FFFFFF,
FFFFFF,
FFFF00,
FFFFFF,
FFFFFF,
00FFFF,
FFFFFF,
FEFEFE,
FEFFFE,
FEFEFE,
FEFEFE,
FFFFFF,
FFFFFF,
FFFFFF,
FFFFFF,
00FFFF,
FFFFFF,
FFFFFF,
FFFFFF,
FFFFFF,
FFFFFF,
FFFFFF,
FFFFFF,
FEFEFE,
FEFFFE,
FEFEFE,
00FEFE,
FFFFFF,
FFFFFF,
FF00FF,
FFFFFF,
FFFFFF,
FFFFFF,
FFFFFF,
FFFFFF,
FFFFFF,
FFFFFF,
FFFFFF,
FFFFFF,
FFFFFF,
FFFFFF,
FFFFFF,
FFFFFF,
FFFFFF,
FFFFFF,
FFFFFF,
00FFFF,
FFFFFF,
FFFFFF,
FFFFFF,
FFFFFF,
FFFFFF,
FFFFFF,
FFFFFF,
FFFFFF,
FFFFFF,
FFFFFF,
FFFFFF,
FFFFFF,
FFFFFF,
FFFFFF,
FFFFFF,
FFFFFF,
FFFFFF,
FFFFFF,
FFFFFF,
FFFFFF,
FEFE00,
FEFE00,
FEFEFE,
FEFEFE,
FFFFFF,
00FFFF,
FFFFFF,
FFFF00,
FFFFFF,
FFFFFF,
FFFFFF,
FFFFFF,
FFFFFF,
FFFFFF,
FFFFFF,
FFFFFF,
00FFFF,
FFFFFF,
FFFFFF,
FFFFFF,
FFFFFF,
FFFFFF,
FFFFFF,
FFFFFF,
FFFFFF,
FFFFFF,
FFFFFF,
FFFFFF,
FFFFFF,
FFFFFF,
FFFFFF,
FFFFFF,
FFFFFF,
FFFFFF,
FFFFFF,
FFFFFF,
FFFFFF,
FFFFFF,
FFFFFF,
FFFFFF,
00FFFF,
FFFFFF,
FFFFFF,
FFFFFF,
FFFFFF,
FEFEFE,
FEFEFE,
FEFFFE,
FEFE00,
FFFFFF,
FFFFFF,
FFFFFF,
FF00FF,
FFFFFF,
FFFFFF,
FFFFFF,
FFFFFF,
FFFFFF,
FFFFFF,
FFFFFF,
FFFFFF,
FFFFFF,
FFFFFF,
FFFFFF,
FFFFFF,
FFFFFF,
FFFFFF,
FFFFFF,
FFFFFF,
FFFFFF,
FFFFFF,
FFFFFF,
FFFFFF,
FFFFFF,
FFFFFF,
FFFFFF,
FFFFFF,
FFFFFF,
FFFFFF,
FFFFFF,
FFFFFF,
FFFFFF,
FFFFFF,
FFFFFF,
FFFFFF,
FFFFFF,
FFFFFF,
FFFFFF,
FFFFFF,
FFFFFF,
FFFFFF,
FFFFFF,
FFFFFF,
FFFFFF,
FFFFFF,
FFFFFF,
FFFFFF,
FFFFFF,
FFFFFF,
FFFFFF,
FFFFFF,
FFFFFF,
FFFFFF,
FFFFFF,
FFFFFF,
FFFFFF,
FFFFFF;
